"year","ten_digit","region","province","muni_city","dot_region","dot_province","dot_municity","foreign_travelers","overseas_filipinos","domestic_travelers","total","correspondence_code","pop_2020","correspondence_code_mod"
2019,102808000,"Region I (Ilocos Region)","Ilocos Norte","Currimao","Region I  (ILOCOS REGION)","Ilocos Norte","Currimao",195,NA,15989,16184,12808000,12215,"012808000"
2019,102812000,"Region I (Ilocos Region)","Ilocos Norte","Laoag City","Region I  (ILOCOS REGION)","Ilocos Norte","Laoag City",16744,NA,66529,83273,12812000,111651,"012812000"
2019,102815000,"Region I (Ilocos Region)","Ilocos Norte","Pagudpud","Region I  (ILOCOS REGION)","Ilocos Norte","Pagudpud",30752,NA,353449,384201,12815000,25098,"012815000"
2019,102820000,"Region I (Ilocos Region)","Ilocos Norte","San Nicolas","Region I  (ILOCOS REGION)","Ilocos Norte","San Nicolas",1326,NA,35896,37222,12820000,38895,"012820000"
2019,102903000,"Region I (Ilocos Region)","Ilocos Sur","Bantay","Region I  (ILOCOS REGION)","Ilocos Sur","Bantay",1074,NA,36146,37220,12903000,37118,"012903000"
2019,102906000,"Region I (Ilocos Region)","Ilocos Sur","Candon City","Region I  (ILOCOS REGION)","Ilocos Sur","Candon City",593,NA,73381,73974,12906000,61432,"012906000"
2019,102934000,"Region I (Ilocos Region)","Ilocos Sur","Vigan City","Region I  (ILOCOS REGION)","Ilocos Sur","Vigan City",4406,NA,281422,285828,12934000,53935,"012934000"
2019,103301000,"Region I (Ilocos Region)","La Union","Agoo","Region I  (ILOCOS REGION)","La Union","Agoo",15,NA,36218,36233,13301000,66028,"013301000"
2019,103303000,"Region I (Ilocos Region)","La Union","Bacnotan","Region I  (ILOCOS REGION)","La Union","Bacnotan",11,NA,25928,25939,13303000,44388,"013303000"
2019,103305000,"Region I (Ilocos Region)","La Union","Balaoan","Region I  (ILOCOS REGION)","La Union","Baloaon",47,39,5528,5614,13305000,40339,"013305000"
2019,103307000,"Region I (Ilocos Region)","La Union","Bauang","Region I  (ILOCOS REGION)","La Union","Bauang",3150,NA,99697,102847,13307000,78449,"013307000"
2019,103309000,"Region I (Ilocos Region)","La Union","Caba","Region I  (ILOCOS REGION)","La Union","Caba",150,NA,13765,13915,13309000,23119,"013309000"
2019,103312000,"Region I (Ilocos Region)","La Union","Pugo","Region I  (ILOCOS REGION)","La Union","Pugo",813,NA,3978,4791,13312000,19337,"013312000"
2019,103313000,"Region I (Ilocos Region)","La Union","Rosario","Region I  (ILOCOS REGION)","La Union","Rosario",192,NA,6645,6837,13313000,60278,"013313000"
2019,103314000,"Region I (Ilocos Region)","La Union","San Fernando City","Region I  (ILOCOS REGION)","La Union","San Fernando City",6936,NA,85854,92790,13314000,125640,"013314000"
2019,103316000,"Region I (Ilocos Region)","La Union","San Juan","Region I  (ILOCOS REGION)","La Union","San Juan",5748,NA,294166,299914,13316000,40507,"013316000"
2019,103317000,"Region I (Ilocos Region)","La Union","Santo Tomas","Region I  (ILOCOS REGION)","La Union","Sto. Tomas",40,NA,274,314,13317000,40846,"013317000"
2019,103319000,"Region I (Ilocos Region)","La Union","Sudipen","Region I  (ILOCOS REGION)","La Union","Sudipen",399,NA,4292,4691,13319000,17187,"013319000"
2019,105503000,"Region I (Ilocos Region)","Pangasinan","Alaminos City","Region I  (ILOCOS REGION)","Pangasinan","Alaminos",4243,NA,159721,163964,15503000,99397,"015503000"
2019,105505000,"Region I (Ilocos Region)","Pangasinan","Anda","Region I  (ILOCOS REGION)","Pangasinan","Anda",104,NA,9212,9316,15505000,41548,"015505000"
2019,105507000,"Region I (Ilocos Region)","Pangasinan","Balungao","Region I  (ILOCOS REGION)","Pangasinan","Balungao",36,NA,3569,3605,15507000,30004,"015507000"
2019,105510000,"Region I (Ilocos Region)","Pangasinan","Bautista","Region I  (ILOCOS REGION)","Pangasinan","Bautista",33,NA,81,114,15510000,35398,"015510000"
2019,105514000,"Region I (Ilocos Region)","Pangasinan","Bolinao","Region I  (ILOCOS REGION)","Pangasinan","Bolinao",518,NA,150395,150913,15514000,83979,"015514000"
2019,105518000,"Region I (Ilocos Region)","Pangasinan","Dagupan City","Region I  (ILOCOS REGION)","Pangasinan","Dagupan City",630,NA,86778,87408,15518000,174302,"015518000"
2019,105519000,"Region I (Ilocos Region)","Pangasinan","Dasol","Region I  (ILOCOS REGION)","Pangasinan","Dasol",9,NA,4163,4172,15519000,31355,"015519000"
2019,105521000,"Region I (Ilocos Region)","Pangasinan","Labrador","Region I  (ILOCOS REGION)","Pangasinan","Labrador",621,NA,5891,6512,15521000,26811,"015521000"
2019,105522000,"Region I (Ilocos Region)","Pangasinan","Lingayen","Region I  (ILOCOS REGION)","Pangasinan","Lingayen",429,NA,139668,140097,15522000,107728,"015522000"
2019,105533000,"Region I (Ilocos Region)","Pangasinan","San Fabian","Region I  (ILOCOS REGION)","Pangasinan","San Fabian",21,NA,25343,25364,15533000,87428,"015533000"
2019,105539000,"Region I (Ilocos Region)","Pangasinan","Santa Maria","Region I  (ILOCOS REGION)","Pangasinan","Santa Maria",6,NA,937,943,15539000,34220,"015539000"
2019,105546000,"Region I (Ilocos Region)","Pangasinan","Urdaneta City","Region I  (ILOCOS REGION)","Pangasinan","Urdaneta City",779,NA,87468,88247,15546000,144577,"015546000"
2019,105547000,"Region I (Ilocos Region)","Pangasinan","Villasis","Region I  (ILOCOS REGION)","Pangasinan","Villasis",113,NA,3508,3621,15547000,65047,"015547000"
2019,201529000,"Region II (Cagayan Valley)","Cagayan","Tuguegarao City","Region II  (CAGAYAN VALLEY)","Cagayan","Tuguegarao City",2687,27,140542,143256,21529000,166334,"021529000"
2019,203108000,"Region II (Cagayan Valley)","Isabela","Cauayan City","Region II  (CAGAYAN VALLEY)","Isabela","Cauayan City",1994,NA,111343,113337,23108000,143403,"023108000"
2019,203114000,"Region II (Cagayan Valley)","Isabela","Ilagan City","Region II  (CAGAYAN VALLEY)","Isabela","Ilagan City",315,20,30419,30754,23114000,158218,"023114000"
2019,203135000,"Region II (Cagayan Valley)","Isabela","Santiago City","Region II  (CAGAYAN VALLEY)","Isabela","Santiago City",2397,NA,182127,184524,23135000,148580,"023135000"
2019,300800000,"Region III (Central Luzon)","Bataan","Bataan","Region III  (CENTRAL LUZON)","Bataan","",11034,NA,386815,397849,30800000,853373,"030800000"
2019,304900000,"Region III (Central Luzon)","Nueva Ecija","Nueva Ecija","Region III  (CENTRAL LUZON)","Nueva Ecija","",13959,NA,302771,316730,34900000,2310134,"034900000"
2019,305400000,"Region III (Central Luzon)","Pampanga","Pampanga","Region III  (CENTRAL LUZON)","Pampanga","",411154,NA,499512,910666,35400000,2437709,"035400000"
2019,305416000,"Region III (Central Luzon)","Pampanga","San Fernando City","Region III  (CENTRAL LUZON)","Pampanga","San Fernando City",6599,NA,122957,129556,35416000,354666,"035416000"
2019,306900000,"Region III (Central Luzon)","Tarlac","Tarlac","Region III  (CENTRAL LUZON)","Tarlac","",14796,646,93264,108706,36900000,1503456,"036900000"
2019,307100000,"Region III (Central Luzon)","Zambales","Zambales","Region III  (CENTRAL LUZON)","Zambales","",76644,NA,773596,850240,37100000,649615,"037100000"
2019,307114000,"Region III (Central Luzon)","Zambales","Subic","Region III  (CENTRAL LUZON)","Zambales","Subic",98861,2038,907731,1008630,37114000,111912,"037114000"
2019,307700000,"Region III (Central Luzon)","Aurora","Aurora","Region III  (CENTRAL LUZON)","Aurora","",162,NA,273744,273906,37700000,235750,"037700000"
2019,330100000,"Region III (Central Luzon)","Pampanga","Angeles City","Region III  (CENTRAL LUZON)","Pampanga","Angeles City",437219,683,354141,792043,35401000,462928,"035401000"
2019,401003000,"Region IV-A (CALABARZON)","Batangas","Balayan","Region IV-A (CALABARZON)","Batangas","Balayan",361,NA,95817,96178,41003000,95913,"041003000"
2019,401005000,"Region IV-A (CALABARZON)","Batangas","Batangas City","Region IV-A (CALABARZON)","Batangas","Batangas City",21384,NA,189582,210966,41005000,351437,"041005000"
2019,401012000,"Region IV-A (CALABARZON)","Batangas","Lemery","Region IV-A (CALABARZON)","Batangas","Lemery",163,NA,52196,52359,41012000,93186,"041012000"
2019,401014000,"Region IV-A (CALABARZON)","Batangas","Lipa City","Region IV-A (CALABARZON)","Batangas","Lipa City",11103,NA,42388,53491,41014000,372931,"041014000"
2019,401015000,"Region IV-A (CALABARZON)","Batangas","Lobo","Region IV-A (CALABARZON)","Batangas","Lobo",301,NA,62751,63052,41015000,40736,"041015000"
2019,401016000,"Region IV-A (CALABARZON)","Batangas","Mabini","Region IV-A (CALABARZON)","Batangas","Mabini",50748,NA,95489,146237,41016000,50858,"041016000"
2019,401017000,"Region IV-A (CALABARZON)","Batangas","Malvar","Region IV-A (CALABARZON)","Batangas","Malvar",10195,NA,33793,43988,41017000,64379,"041017000"
2019,401019000,"Region IV-A (CALABARZON)","Batangas","Nasugbu","Region IV-A (CALABARZON)","Batangas","Nasugbu",13797,NA,430146,443943,41019000,136524,"041019000"
2019,401021000,"Region IV-A (CALABARZON)","Batangas","Rosario","Region IV-A (CALABARZON)","Batangas","Rosario",171,58,3646,3875,41021000,128352,"041021000"
2019,401023000,"Region IV-A (CALABARZON)","Batangas","San Juan","Region IV-A (CALABARZON)","Batangas","San Juan",1420,NA,376753,378173,41023000,114068,"041023000"
2019,401028000,"Region IV-A (CALABARZON)","Batangas","Sto. Tomas City","Region IV-A (CALABARZON)","Batangas","Sto. Tomas City",26505,NA,55462,81967,41028000,218500,"041028000"
2019,402104000,"Region IV-A (CALABARZON)","Cavite","Carmona City","Region IV-A (CALABARZON)","Cavite","Carmona",9906,NA,501,10407,42104000,106256,"042104000"
2019,402106000,"Region IV-A (CALABARZON)","Cavite","Dasmariñas City","Region IV-A (CALABARZON)","Cavite","Dasmariñas City",85,NA,6491,6576,42106000,703141,"042106000"
2019,402122000,"Region IV-A (CALABARZON)","Cavite","Trece Martires City","Region IV-A (CALABARZON)","Cavite","Trece Martirez",57268,NA,80557,137825,42122000,210503,"042122000"
2019,403405000,"Region IV-A (CALABARZON)","Laguna","Calamba City","Region IV-A (CALABARZON)","Laguna","Calamba City",15558,NA,1081769,1097327,43405000,539671,"043405000"
2019,403411000,"Region IV-A (CALABARZON)","Laguna","Los Baños","Region IV-A (CALABARZON)","Laguna","Los Bañ0s",79,NA,67982,68061,43411000,115353,"043411000"
2019,403413000,"Region IV-A (CALABARZON)","Laguna","Lumban","Region IV-A (CALABARZON)","Laguna","Lumban",2788,NA,80924,83712,43413000,32330,"043413000"
2019,403416000,"Region IV-A (CALABARZON)","Laguna","Majayjay","Region IV-A (CALABARZON)","Laguna","Majayjay",30,NA,38192,38222,43416000,27893,"043416000"
2019,403417000,"Region IV-A (CALABARZON)","Laguna","Nagcarlan","Region IV-A (CALABARZON)","Laguna","Nagcarlan",101,52,8201,8354,43417000,64866,"043417000"
2019,403426000,"Region IV-A (CALABARZON)","Laguna","Santa Cruz","Region IV-A (CALABARZON)","Laguna","Santa Cruz",52,NA,8245,8297,43426000,123574,"043426000"
2019,403428000,"Region IV-A (CALABARZON)","Laguna","Santa Rosa City","Region IV-A (CALABARZON)","Laguna","Sta. Rosa City",1168,NA,4905,6073,43428000,414812,"043428000"
2019,405602000,"Region IV-A (CALABARZON)","Quezon","Alabat","Region IV-A (CALABARZON)","Quezon","Alamat",34,NA,1374,1408,45602000,15936,"045602000"
2019,405603000,"Region IV-A (CALABARZON)","Quezon","Atimonan","Region IV-A (CALABARZON)","Quezon","Atimonan",722,170,35229,36121,45603000,64260,"045603000"
2019,405607000,"Region IV-A (CALABARZON)","Quezon","Calauag","Region IV-A (CALABARZON)","Quezon","Calauag",28,NA,325,353,45607000,71809,"045607000"
2019,405608000,"Region IV-A (CALABARZON)","Quezon","Candelaria","Region IV-A (CALABARZON)","Quezon","Candelaria",97,NA,2905,3002,45608000,137881,"045608000"
2019,405615000,"Region IV-A (CALABARZON)","Quezon","Dolores","Region IV-A (CALABARZON)","Quezon","Dolores",63,NA,345,408,45615000,32514,"045615000"
2019,405617000,"Region IV-A (CALABARZON)","Quezon","General Nakar","Region IV-A (CALABARZON)","Quezon","General Nakar",21,NA,24723,24744,45617000,34225,"045617000"
2019,405619000,"Region IV-A (CALABARZON)","Quezon","Gumaca","Region IV-A (CALABARZON)","Quezon","Gumaca",87,NA,24752,24839,45619000,71942,"045619000"
2019,405620000,"Region IV-A (CALABARZON)","Quezon","Infanta","Region IV-A (CALABARZON)","Quezon","Infanta",10,NA,39867,39877,45620000,76186,"045620000"
2019,405621000,"Region IV-A (CALABARZON)","Quezon","Jomalig","Region IV-A (CALABARZON)","Quezon","Jomalig",41,NA,45311,45352,45621000,7667,"045621000"
2019,405622000,"Region IV-A (CALABARZON)","Quezon","Lopez","Region IV-A (CALABARZON)","Quezon","Lopez",126,NA,2566,2692,45622000,94657,"045622000"
2019,405625000,"Region IV-A (CALABARZON)","Quezon","Macalelon","Region IV-A (CALABARZON)","Quezon","Macelolon",4,NA,1084,1088,45625000,27312,"045625000"
2019,405628000,"Region IV-A (CALABARZON)","Quezon","Mulanay","Region IV-A (CALABARZON)","Quezon","Malunay",1299,NA,157361,158660,45628000,55576,"045628000"
2019,405629000,"Region IV-A (CALABARZON)","Quezon","Padre Burgos","Region IV-A (CALABARZON)","Quezon","Padre Burgos",234,NA,12944,13178,45629000,23488,"045629000"
2019,405630000,"Region IV-A (CALABARZON)","Quezon","Pagbilao","Region IV-A (CALABARZON)","Quezon","Pagbilao",125,NA,492,617,45630000,78700,"045630000"
2019,405633000,"Region IV-A (CALABARZON)","Quezon","Perez","Region IV-A (CALABARZON)","Quezon","Perez",39,NA,211,250,45633000,12767,"045633000"
2019,405635000,"Region IV-A (CALABARZON)","Quezon","Plaridel","Region IV-A (CALABARZON)","Quezon","Plaridel",8,NA,2241,2249,45635000,10129,"045635000"
2019,405636000,"Region IV-A (CALABARZON)","Quezon","Polillo","Region IV-A (CALABARZON)","Quezon","Polillo",222,NA,12516,12738,45636000,31908,"045636000"
2019,405637000,"Region IV-A (CALABARZON)","Quezon","Quezon","Region IV-A (CALABARZON)","Quezon","Quezon",2,NA,2630,2632,45637000,15886,"045637000"
2019,405641000,"Region IV-A (CALABARZON)","Quezon","San Antonio","Region IV-A (CALABARZON)","Quezon","San Antonio",59,NA,2982,3041,45641000,35891,"045641000"
2019,405645000,"Region IV-A (CALABARZON)","Quezon","Sariaya","Region IV-A (CALABARZON)","Quezon","Sariaya",2465,NA,465414,467879,45645000,161868,"045645000"
2019,405646000,"Region IV-A (CALABARZON)","Quezon","Tagkawayan","Region IV-A (CALABARZON)","Quezon","Tagkawayan",23,NA,6635,6658,45646000,54003,"045646000"
2019,405648000,"Region IV-A (CALABARZON)","Quezon","Tiaong","Region IV-A (CALABARZON)","Quezon","Tiaong",351,4285,14115,18751,45648000,106265,"045648000"
2019,405802000,"Region IV-A (CALABARZON)","Rizal","Antipolo City","Region IV-A (CALABARZON)","Rizal","Antipolo City",22,NA,690105,690127,45802000,887399,"045802000"
2019,405812000,"Region IV-A (CALABARZON)","Rizal","Tanay","Region IV-A (CALABARZON)","Rizal","Tanay",2025,NA,1012728,1014753,45812000,139420,"045812000"
2019,405813000,"Region IV-A (CALABARZON)","Rizal","Taytay","Region IV-A (CALABARZON)","Rizal","Taytay",12077,NA,561758,573835,45813000,386451,"045813000"
2019,431200000,"Region IV-A (CALABARZON)","Quezon","Lucena City","Region IV-A (CALABARZON)","Quezon","Lucena City",512,NA,77947,78459,45624000,278924,"045624000"
2019,500501000,"Region V (Bicol Region)","Albay","Bacacay","Region V  (BICOL REGION)","Albay","Bacacay",3643,NA,53425,57068,50501000,72485,"050501000"
2019,500502000,"Region V (Bicol Region)","Albay","Camalig","Region V  (BICOL REGION)","Albay","Camalig",27,NA,1780,1807,50502000,72042,"050502000"
2019,500503000,"Region V (Bicol Region)","Albay","Daraga","Region V  (BICOL REGION)","Albay","Daraga",2030,118,72981,75129,50503000,133893,"050503000"
2019,500504000,"Region V (Bicol Region)","Albay","Guinobatan","Region V  (BICOL REGION)","Albay","Guinobotan",122,NA,37287,37409,50504000,85786,"050504000"
2019,500506000,"Region V (Bicol Region)","Albay","Legazpi City","Region V  (BICOL REGION)","Albay","Legazpi City",266326,NA,1011789,1278115,50506000,209533,"050506000"
2019,500507000,"Region V (Bicol Region)","Albay","Libon","Region V  (BICOL REGION)","Albay","Libon",35,NA,3543,3578,50507000,75073,"050507000"
2019,500508000,"Region V (Bicol Region)","Albay","Ligao City","Region V  (BICOL REGION)","Albay","Ligao City",83,NA,95817,95900,50508000,118096,"050508000"
2019,500509000,"Region V (Bicol Region)","Albay","Malilipot","Region V  (BICOL REGION)","Albay","Malilipot",73,NA,16735,16808,50509000,40857,"050509000"
2019,500511000,"Region V (Bicol Region)","Albay","Manito","Region V  (BICOL REGION)","Albay","Manito",70,NA,6006,6076,50511000,26162,"050511000"
2019,500512000,"Region V (Bicol Region)","Albay","Oas","Region V  (BICOL REGION)","Albay","Oas",1200,NA,60909,62109,50512000,66084,"050512000"
2019,500513000,"Region V (Bicol Region)","Albay","Pio Duran","Region V  (BICOL REGION)","Albay","Pio Duran",42,NA,7740,7782,50513000,49070,"050513000"
2019,500514000,"Region V (Bicol Region)","Albay","Polangui","Region V  (BICOL REGION)","Albay","Polangui",2873,143,39350,42366,50514000,89176,"050514000"
2019,500515000,"Region V (Bicol Region)","Albay","Rapu-Rapu","Region V  (BICOL REGION)","Albay","Rapu Rapu",270,40,5510,5820,50515000,36151,"050515000"
2019,500516000,"Region V (Bicol Region)","Albay","Santo Domingo","Region V  (BICOL REGION)","Albay","Sto. Domingo",556,NA,45346,45902,50516000,37765,"050516000"
2019,500517000,"Region V (Bicol Region)","Albay","Tabaco City","Region V  (BICOL REGION)","Albay","Tabaco City",3613,NA,76287,79900,50517000,140961,"050517000"
2019,500518000,"Region V (Bicol Region)","Albay","Tiwi","Region V  (BICOL REGION)","Albay","Tiwi",136,NA,9013,9149,50518000,56444,"050518000"
2019,501601000,"Region V (Bicol Region)","Camarines Norte","Basud","Region V  (BICOL REGION)","Camarines Norte","Basud",24,NA,15439,15463,51601000,45133,"051601000"
2019,501602000,"Region V (Bicol Region)","Camarines Norte","Capalonga","Region V  (BICOL REGION)","Camarines Norte","Capalonga",681,NA,50824,51505,51602000,36223,"051602000"
2019,501603000,"Region V (Bicol Region)","Camarines Norte","Daet","Region V  (BICOL REGION)","Camarines Norte","Daet",41294,4965,254551,300810,51603000,111700,"051603000"
2019,501605000,"Region V (Bicol Region)","Camarines Norte","Jose Panganiban","Region V  (BICOL REGION)","Camarines Norte","Jose Panganiban",228,NA,114618,114846,51605000,63662,"051605000"
2019,501606000,"Region V (Bicol Region)","Camarines Norte","Labo","Region V  (BICOL REGION)","Camarines Norte","Labo",2951,NA,49266,52217,51606000,109245,"051606000"
2019,501607000,"Region V (Bicol Region)","Camarines Norte","Mercedes","Region V  (BICOL REGION)","Camarines Norte","Mercedes",341,NA,84969,85310,51607000,55334,"051607000"
2019,501608000,"Region V (Bicol Region)","Camarines Norte","Paracale","Region V  (BICOL REGION)","Camarines Norte","Paracale",652,NA,71548,72200,51608000,60198,"051608000"
2019,501610000,"Region V (Bicol Region)","Camarines Norte","Santa Elena","Region V  (BICOL REGION)","Camarines Norte","Santa Elena",97,NA,10429,10526,51610000,43582,"051610000"
2019,501611000,"Region V (Bicol Region)","Camarines Norte","Talisay","Region V  (BICOL REGION)","Camarines Norte","Talisay",29,NA,10837,10866,51611000,27244,"051611000"
2019,501612000,"Region V (Bicol Region)","Camarines Norte","Vinzons","Region V  (BICOL REGION)","Camarines Norte","Vinzons",3719,23517,191370,218606,51612000,49042,"051612000"
2019,501716000,"Region V (Bicol Region)","Camarines Sur","Iriga City","Region V  (BICOL REGION)","Camarines Sur","Iriga City",13657,NA,37885,51542,51716000,114457,"051716000"
2019,502001000,"Region V (Bicol Region)","Catanduanes","Bagamanoc","Region V  (BICOL REGION)","Catanduanes","Bagamanoc",115,NA,3761,3876,52001000,11086,"052001000"
2019,502002000,"Region V (Bicol Region)","Catanduanes","Baras","Region V  (BICOL REGION)","Catanduanes","Baras",1298,NA,10593,11891,52002000,13484,"052002000"
2019,502004000,"Region V (Bicol Region)","Catanduanes","Caramoran","Region V  (BICOL REGION)","Catanduanes","Caramoran",45,NA,1272,1317,52004000,32114,"052004000"
2019,502005000,"Region V (Bicol Region)","Catanduanes","Gigmoto","Region V  (BICOL REGION)","Catanduanes","Gigmoto",7,NA,566,573,52005000,8712,"052005000"
2019,502006000,"Region V (Bicol Region)","Catanduanes","Pandan","Region V  (BICOL REGION)","Catanduanes","Pandan",328,NA,9436,9764,52006000,21473,"052006000"
2019,502007000,"Region V (Bicol Region)","Catanduanes","Panganiban","Region V  (BICOL REGION)","Catanduanes","Panganiban",3,NA,1109,1112,52007000,9713,"052007000"
2019,502008000,"Region V (Bicol Region)","Catanduanes","San Andres","Region V  (BICOL REGION)","Catanduanes","San Andres",586,NA,24119,24705,52008000,38480,"052008000"
2019,502010000,"Region V (Bicol Region)","Catanduanes","Viga","Region V  (BICOL REGION)","Catanduanes","Viga",22,NA,2181,2203,52010000,22869,"052010000"
2019,502011000,"Region V (Bicol Region)","Catanduanes","Virac","Region V  (BICOL REGION)","Catanduanes","Virac",4684,NA,182221,186905,52011000,76520,"052011000"
2019,504101000,"Region V (Bicol Region)","Masbate","Aroroy","Region V  (BICOL REGION)","Masbate","Aroroy",70,NA,377,447,54101000,88351,"054101000"
2019,504103000,"Region V (Bicol Region)","Masbate","Balud","Region V  (BICOL REGION)","Masbate","Balud",181,NA,21271,21452,54103000,40155,"054103000"
2019,504107000,"Region V (Bicol Region)","Masbate","Claveria","Region V  (BICOL REGION)","Masbate","Claveria",13,NA,1574,1587,54107000,42142,"054107000"
2019,504111000,"Region V (Bicol Region)","Masbate","Masbate City","Region V  (BICOL REGION)","Masbate","Masbate City",3255,NA,98357,101612,54111000,104522,"054111000"
2019,504117000,"Region V (Bicol Region)","Masbate","Placer","Region V  (BICOL REGION)","Masbate","Placer",310,NA,15097,15407,54117000,56340,"054117000"
2019,506216000,"Region V (Bicol Region)","Sorsogon","Sorsogon City","Region V  (BICOL REGION)","Sorsogon Province","Sorsogon City",5115,NA,81543,86658,56216000,182237,"056216000"
2019,600407000,"Region VI (Western Visayas)","Aklan","Kalibo","Region VI  (WESTERN VISAYAS)","Aklan","Kalibo",24670,NA,192412,217082,60407000,89127,"060407000"
2019,600412000,"Region VI (Western Visayas)","Aklan","Malay","Region VI  (WESTERN VISAYAS)","Aklan","Malay",1037619,64547,932433,2034599,60412000,60077,"060412000"
2019,600414000,"Region VI (Western Visayas)","Aklan","Nabas","Region VI  (WESTERN VISAYAS)","Aklan","Nabas",23,NA,262,285,60414000,40632,"060414000"
2019,600601000,"Region VI (Western Visayas)","Antique","Anini-Y","Region VI  (WESTERN VISAYAS)","Antique","Anini-y",19,NA,5952,5971,60601000,22018,"060601000"
2019,600603000,"Region VI (Western Visayas)","Antique","Belison","Region VI  (WESTERN VISAYAS)","Antique","Belison",3,NA,780,783,60603000,14129,"060603000"
2019,600606000,"Region VI (Western Visayas)","Antique","Culasi","Region VI  (WESTERN VISAYAS)","Antique","Culasi",2103,NA,16140,18243,60606000,44494,"060606000"
2019,600611000,"Region VI (Western Visayas)","Antique","Pandan","Region VI  (WESTERN VISAYAS)","Antique","Pandan",2295,NA,6653,8948,60611000,35965,"060611000"
2019,600616000,"Region VI (Western Visayas)","Antique","Sibalom","Region VI  (WESTERN VISAYAS)","Antique","Sibalom",6,NA,2474,2480,60616000,63833,"060616000"
2019,600618000,"Region VI (Western Visayas)","Antique","Valderrama","Region VI  (WESTERN VISAYAS)","Antique","Valderrama",13,NA,235,248,60618000,19971,"060618000"
2019,601903000,"Region VI (Western Visayas)","Capiz","Dumalag","Region VI  (WESTERN VISAYAS)","Capiz","Dumalag",60,NA,1375,1435,61903000,30098,"061903000"
2019,601905000,"Region VI (Western Visayas)","Capiz","Ivisan","Region VI  (WESTERN VISAYAS)","Capiz","Ivisan",70,NA,2650,2720,61905000,31278,"061905000"
2019,601906000,"Region VI (Western Visayas)","Capiz","Jamindan","Region VI  (WESTERN VISAYAS)","Capiz","Jamindan",1,NA,781,782,61906000,38670,"061906000"
2019,601908000,"Region VI (Western Visayas)","Capiz","Mambusao","Region VI  (WESTERN VISAYAS)","Capiz","Mambusao",3,NA,2839,2842,61908000,40690,"061908000"
2019,601909000,"Region VI (Western Visayas)","Capiz","Panay","Region VI  (WESTERN VISAYAS)","Capiz","Panay",21,NA,7770,7791,61909000,48890,"061909000"
2019,601911000,"Region VI (Western Visayas)","Capiz","Pilar","Region VI  (WESTERN VISAYAS)","Capiz","Pilar",93,3,3846,3942,61911000,47100,"061911000"
2019,601912000,"Region VI (Western Visayas)","Capiz","Pontevedra","Region VI  (WESTERN VISAYAS)","Capiz","Pontevedra",1,NA,11524,11525,61912000,49725,"061912000"
2019,601914000,"Region VI (Western Visayas)","Capiz","Roxas City","Region VI  (WESTERN VISAYAS)","Capiz","Roxas City",5167,7603,234621,247391,61914000,179292,"061914000"
2019,601915000,"Region VI (Western Visayas)","Capiz","Sapi-An","Region VI  (WESTERN VISAYAS)","Capiz","Sapian",183,569,3159,3911,61915000,26697,"061915000"
2019,601916000,"Region VI (Western Visayas)","Capiz","Sigma","Region VI  (WESTERN VISAYAS)","Capiz","Sigma",27,3,5610,5640,61916000,31688,"061916000"
2019,601917000,"Region VI (Western Visayas)","Capiz","Tapaz","Region VI  (WESTERN VISAYAS)","Capiz","Tapaz",122,NA,8537,8659,61917000,54423,"061917000"
2019,603001000,"Region VI (Western Visayas)","Iloilo","Ajuy","Region VI  (WESTERN VISAYAS)","Iloilo","Ajuy",57,18,2467,2542,63001000,53462,"063001000"
2019,603004000,"Region VI (Western Visayas)","Iloilo","Badiangan","Region VI  (WESTERN VISAYAS)","Iloilo","Badiangan",318,77,6570,6965,63004000,27056,"063004000"
2019,603005000,"Region VI (Western Visayas)","Iloilo","Balasan","Region VI  (WESTERN VISAYAS)","Iloilo","Balasan",33,NA,2675,2708,63005000,35064,"063005000"
2019,603007000,"Region VI (Western Visayas)","Iloilo","Barotac Nuevo","Region VI  (WESTERN VISAYAS)","Iloilo","Barotac Nuevo",5,NA,1527,1532,63007000,58176,"063007000"
2019,603012000,"Region VI (Western Visayas)","Iloilo","Cabatuan","Region VI  (WESTERN VISAYAS)","Iloilo","Cabatuan",189,107,7502,7798,63012000,61110,"063012000"
2019,603014000,"Region VI (Western Visayas)","Iloilo","Carles","Region VI  (WESTERN VISAYAS)","Iloilo","Carles",930,685,82066,83681,63014000,72637,"063014000"
2019,603015000,"Region VI (Western Visayas)","Iloilo","Concepcion","Region VI  (WESTERN VISAYAS)","Iloilo","Concepcion",25,NA,11741,11766,63015000,44633,"063015000"
2019,603017000,"Region VI (Western Visayas)","Iloilo","Dueñas","Region VI  (WESTERN VISAYAS)","Iloilo","Duenas",58,NA,2150,2208,63017000,34597,"063017000"
2019,603019000,"Region VI (Western Visayas)","Iloilo","Estancia","Region VI  (WESTERN VISAYAS)","Iloilo","Estancia",327,NA,54741,55068,63019000,53200,"063019000"
2019,603020000,"Region VI (Western Visayas)","Iloilo","Guimbal","Region VI  (WESTERN VISAYAS)","Iloilo","Guimbal",32,NA,19485,19517,63020000,35022,"063020000"
2019,603023000,"Region VI (Western Visayas)","Iloilo","Janiuay","Region VI  (WESTERN VISAYAS)","Iloilo","Januiay",477,NA,6460,6937,63023000,66786,"063023000"
2019,603026000,"Region VI (Western Visayas)","Iloilo","Leganes","Region VI  (WESTERN VISAYAS)","Iloilo","Leganes",464,87,31871,32422,63026000,34725,"063026000"
2019,603028000,"Region VI (Western Visayas)","Iloilo","Leon","Region VI  (WESTERN VISAYAS)","Iloilo","Leon",63,NA,8744,8807,63028000,51990,"063028000"
2019,603030000,"Region VI (Western Visayas)","Iloilo","Miagao","Region VI  (WESTERN VISAYAS)","Iloilo","Miagao",1,NA,1696,1697,63030000,68115,"063030000"
2019,603031000,"Region VI (Western Visayas)","Iloilo","Mina","Region VI  (WESTERN VISAYAS)","Iloilo","Mina",11,NA,874,885,63031000,24042,"063031000"
2019,603032000,"Region VI (Western Visayas)","Iloilo","New Lucena","Region VI  (WESTERN VISAYAS)","Iloilo","New Lucena",4,NA,10332,10336,63032000,24314,"063032000"
2019,603034000,"Region VI (Western Visayas)","Iloilo","Oton","Region VI  (WESTERN VISAYAS)","Iloilo","Oton",540,NA,13393,13933,63034000,98509,"063034000"
2019,603035000,"Region VI (Western Visayas)","Iloilo","Passi City","Region VI  (WESTERN VISAYAS)","Iloilo","Passi",105,NA,6711,6816,63035000,88873,"063035000"
2019,603036000,"Region VI (Western Visayas)","Iloilo","Pavia","Region VI  (WESTERN VISAYAS)","Iloilo","Pavia",2,NA,4969,4971,63036000,70388,"063036000"
2019,603037000,"Region VI (Western Visayas)","Iloilo","Pototan","Region VI  (WESTERN VISAYAS)","Iloilo","Pototan",47,1,6729,6777,63037000,78298,"063037000"
2019,603038000,"Region VI (Western Visayas)","Iloilo","San Dionisio","Region VI  (WESTERN VISAYAS)","Iloilo","San Dionisio",7,NA,599,606,63038000,39048,"063038000"
2019,603040000,"Region VI (Western Visayas)","Iloilo","San Joaquin","Region VI  (WESTERN VISAYAS)","Iloilo","San Joaquin",280,NA,22825,23105,63040000,52617,"063040000"
2019,603041000,"Region VI (Western Visayas)","Iloilo","San Miguel","Region VI  (WESTERN VISAYAS)","Iloilo","San Miguel",308,NA,15636,15944,63041000,30115,"063041000"
2019,603043000,"Region VI (Western Visayas)","Iloilo","Santa Barbara","Region VI  (WESTERN VISAYAS)","Iloilo","Santa Barbara",184,NA,7193,7377,63043000,67630,"063043000"
2019,603044000,"Region VI (Western Visayas)","Iloilo","Sara","Region VI  (WESTERN VISAYAS)","Iloilo","Sara",63,1,1520,1584,63044000,54637,"063044000"
2019,603045000,"Region VI (Western Visayas)","Iloilo","Tigbauan","Region VI  (WESTERN VISAYAS)","Iloilo","Tigbauan",526,NA,10496,11022,63045000,65245,"063045000"
2019,603047000,"Region VI (Western Visayas)","Iloilo","Zarraga","Region VI  (WESTERN VISAYAS)","Iloilo","Zarraga",4,NA,863,867,63047000,27305,"063047000"
2019,607902000,"Region VI (Western Visayas)","Guimaras","Jordan","Region VI  (WESTERN VISAYAS)","Guimaras","Jordan",89,NA,7472,7561,67902000,39566,"067902000"
2019,607903000,"Region VI (Western Visayas)","Guimaras","Nueva Valencia","Region VI  (WESTERN VISAYAS)","Guimaras","Nueva Valencia",5193,NA,76428,81621,67903000,42771,"067903000"
2019,607904000,"Region VI (Western Visayas)","Guimaras","San Lorenzo","Region VI  (WESTERN VISAYAS)","Guimaras","San Lorenzo",447,NA,8494,8941,67904000,29444,"067904000"
2019,607905000,"Region VI (Western Visayas)","Guimaras","Sibunag","Region VI  (WESTERN VISAYAS)","Guimaras","Sibunag",282,NA,1740,2022,67905000,23162,"067905000"
2019,631000000,"Region VI (Western Visayas)","Iloilo","Iloilo City","Region VI  (WESTERN VISAYAS)","Iloilo","Iloilo City",64331,8467,1098722,1171520,63022000,457626,"063022000"
2019,701203000,"Region VII (Central Visayas)","Bohol","Anda","Region VII (CENTRAL VISAYAS)","Bohol","Anda",11132,84,10389,21605,71203000,17778,"071203000"
2019,701204000,"Region VII (Central Visayas)","Bohol","Antequera","Region VII (CENTRAL VISAYAS)","Bohol","Antequera",77,NA,57,134,71204000,14990,"071204000"
2019,701205000,"Region VII (Central Visayas)","Bohol","Baclayon","Region VII (CENTRAL VISAYAS)","Bohol","Baclayon",859,5,4907,5771,71205000,22461,"071205000"
2019,701208000,"Region VII (Central Visayas)","Bohol","Bilar","Region VII (CENTRAL VISAYAS)","Bohol","Bilar",955,105,2009,3069,71208000,18512,"071208000"
2019,701209000,"Region VII (Central Visayas)","Bohol","Buenavista","Region VII (CENTRAL VISAYAS)","Bohol","Buenavista",3,NA,236,239,71209000,29711,"071209000"
2019,701210000,"Region VII (Central Visayas)","Bohol","Calape","Region VII (CENTRAL VISAYAS)","Bohol","Calape",946,20,1078,2044,71210000,33079,"071210000"
2019,701211000,"Region VII (Central Visayas)","Bohol","Candijay","Region VII (CENTRAL VISAYAS)","Bohol","Candijay",31,NA,1011,1042,71211000,30119,"071211000"
2019,701212000,"Region VII (Central Visayas)","Bohol","Carmen","Region VII (CENTRAL VISAYAS)","Bohol","Carmen",3264,NA,6550,9814,71212000,49191,"071212000"
2019,701218000,"Region VII (Central Visayas)","Bohol","Danao","Region VII (CENTRAL VISAYAS)","Bohol","Danao",60,NA,420,480,71218000,20245,"071218000"
2019,701219000,"Region VII (Central Visayas)","Bohol","Dauis","Region VII (CENTRAL VISAYAS)","Bohol","Dauis",36451,4,29047,65502,71219000,52492,"071219000"
2019,701222000,"Region VII (Central Visayas)","Bohol","Garcia Hernandez","Region VII (CENTRAL VISAYAS)","Bohol","Garcia Hernandez",295,NA,4033,4328,71222000,24430,"071222000"
2019,701223000,"Region VII (Central Visayas)","Bohol","Guindulman","Region VII (CENTRAL VISAYAS)","Bohol","Guindulman",137,NA,1768,1905,71223000,34104,"071223000"
2019,701225000,"Region VII (Central Visayas)","Bohol","Jagna","Region VII (CENTRAL VISAYAS)","Bohol","Jagna",799,7,12552,13358,71225000,35832,"071225000"
2019,701227000,"Region VII (Central Visayas)","Bohol","Lila","Region VII (CENTRAL VISAYAS)","Bohol","Lila",111,NA,500,611,71227000,12240,"071227000"
2019,701229000,"Region VII (Central Visayas)","Bohol","Loboc","Region VII (CENTRAL VISAYAS)","Bohol","Loboc",3154,NA,1157,4311,71229000,17418,"071229000"
2019,701230000,"Region VII (Central Visayas)","Bohol","Loon","Region VII (CENTRAL VISAYAS)","Bohol","Loon",2058,NA,1171,3229,71230000,44224,"071230000"
2019,701232000,"Region VII (Central Visayas)","Bohol","Maribojoc","Region VII (CENTRAL VISAYAS)","Bohol","Maribojoc",321,NA,2187,2508,71232000,22178,"071232000"
2019,701233000,"Region VII (Central Visayas)","Bohol","Panglao","Region VII (CENTRAL VISAYAS)","Bohol","Panglao",607452,4395,423700,1035547,71233000,39839,"071233000"
2019,701242000,"Region VII (Central Visayas)","Bohol","Tagbilaran City","Region VII (CENTRAL VISAYAS)","Bohol","Tagbilaran",51024,2067,282802,335893,71242000,104976,"071242000"
2019,701243000,"Region VII (Central Visayas)","Bohol","Talibon","Region VII (CENTRAL VISAYAS)","Bohol","Talibon",463,NA,24365,24828,71243000,71272,"071243000"
2019,701245000,"Region VII (Central Visayas)","Bohol","Tubigon","Region VII (CENTRAL VISAYAS)","Bohol","Tubigon",262,NA,7172,7434,71245000,47886,"071245000"
2019,701246000,"Region VII (Central Visayas)","Bohol","Ubay","Region VII (CENTRAL VISAYAS)","Bohol","Ubay",29,NA,29961,29990,71246000,81799,"071246000"
2019,701247000,"Region VII (Central Visayas)","Bohol","Valencia","Region VII (CENTRAL VISAYAS)","Bohol","Valencia",481,NA,4195,4676,71247000,28392,"071247000"
2019,702202000,"Region VII (Central Visayas)","Cebu","Alcoy","Region VII (CENTRAL VISAYAS)","Cebu","Alcoy",3155,NA,13693,16848,72202000,19186,"072202000"
2019,702203000,"Region VII (Central Visayas)","Cebu","Alegria","Region VII (CENTRAL VISAYAS)","Cebu","Alegria",125,NA,15885,16010,72203000,25620,"072203000"
2019,702204000,"Region VII (Central Visayas)","Cebu","Aloguinsan","Region VII (CENTRAL VISAYAS)","Cebu","Aloquinsan",11,NA,2822,2833,72204000,34466,"072204000"
2019,702205000,"Region VII (Central Visayas)","Cebu","Argao","Region VII (CENTRAL VISAYAS)","Cebu","Argao",432,30,13818,14280,72205000,78187,"072205000"
2019,702206000,"Region VII (Central Visayas)","Cebu","Asturias","Region VII (CENTRAL VISAYAS)","Cebu","Asturias",201,NA,4056,4257,72206000,55397,"072206000"
2019,702207000,"Region VII (Central Visayas)","Cebu","Badian","Region VII (CENTRAL VISAYAS)","Cebu","Badian",8137,49,24044,32230,72207000,43735,"072207000"
2019,702208000,"Region VII (Central Visayas)","Cebu","Balamban","Region VII (CENTRAL VISAYAS)","Cebu","Balamban",551,NA,5241,5792,72208000,95136,"072208000"
2019,702209000,"Region VII (Central Visayas)","Cebu","Bantayan","Region VII (CENTRAL VISAYAS)","Cebu","Bantayan",103,NA,6673,6776,72209000,86247,"072209000"
2019,702210000,"Region VII (Central Visayas)","Cebu","Barili","Region VII (CENTRAL VISAYAS)","Cebu","Barili",468,NA,2373,2841,72210000,80715,"072210000"
2019,702211000,"Region VII (Central Visayas)","Cebu","Bogo City","Region VII (CENTRAL VISAYAS)","Cebu","Bogo City",1136,NA,39003,40139,72211000,88867,"072211000"
2019,702212000,"Region VII (Central Visayas)","Cebu","Boljoon","Region VII (CENTRAL VISAYAS)","Cebu","Boljoon",870,NA,2172,3042,72212000,17525,"072212000"
2019,702213000,"Region VII (Central Visayas)","Cebu","Borbon","Region VII (CENTRAL VISAYAS)","Cebu","Borbon",26,NA,349,375,72213000,38187,"072213000"
2019,702214000,"Region VII (Central Visayas)","Cebu","Carcar City","Region VII (CENTRAL VISAYAS)","Cebu","Carcar",807,NA,4463,5270,72214000,136453,"072214000"
2019,702220000,"Region VII (Central Visayas)","Cebu","Cordova","Region VII (CENTRAL VISAYAS)","Cebu","Cordova",143287,NA,22004,165291,72220000,70595,"072220000"
2019,702221000,"Region VII (Central Visayas)","Cebu","Daanbantayan","Region VII (CENTRAL VISAYAS)","Cebu","Daanbantayan",95113,2111,21450,118674,72221000,93502,"072221000"
2019,702222000,"Region VII (Central Visayas)","Cebu","Dalaguete","Region VII (CENTRAL VISAYAS)","Cebu","Dalaguete",722,NA,17268,17990,72222000,74596,"072222000"
2019,702223000,"Region VII (Central Visayas)","Cebu","Danao City","Region VII (CENTRAL VISAYAS)","Cebu","Danao City",132,NA,52707,52839,72223000,156321,"072223000"
2019,702225000,"Region VII (Central Visayas)","Cebu","Ginatilan","Region VII (CENTRAL VISAYAS)","Cebu","Ginatilan",48,NA,388,436,72225000,16906,"072225000"
2019,702231000,"Region VII (Central Visayas)","Cebu","Medellin","Region VII (CENTRAL VISAYAS)","Cebu","Medellin",32348,NA,19090,51438,72231000,59605,"072231000"
2019,702233000,"Region VII (Central Visayas)","Cebu","Moalboal","Region VII (CENTRAL VISAYAS)","Cebu","Moalboal",40115,59,25969,66143,72233000,36930,"072233000"
2019,702234000,"Region VII (Central Visayas)","Cebu","Naga City","Region VII (CENTRAL VISAYAS)","Cebu","Naga City",116,NA,2321,2437,72234000,133184,"072234000"
2019,702235000,"Region VII (Central Visayas)","Cebu","Oslob","Region VII (CENTRAL VISAYAS)","Cebu","Oslob",42030,1696,34817,78543,72235000,29264,"072235000"
2019,702237000,"Region VII (Central Visayas)","Cebu","Pinamungajan","Region VII (CENTRAL VISAYAS)","Cebu","Pinamungahan",298,NA,21326,21624,72237000,75131,"072237000"
2019,702238000,"Region VII (Central Visayas)","Cebu","Poro","Region VII (CENTRAL VISAYAS)","Cebu","Poro",506,NA,2590,3096,72238000,26232,"072238000"
2019,702239000,"Region VII (Central Visayas)","Cebu","Ronda","Region VII (CENTRAL VISAYAS)","Cebu","Ronda",931,NA,1409,2340,72239000,21005,"072239000"
2019,702240000,"Region VII (Central Visayas)","Cebu","Samboan","Region VII (CENTRAL VISAYAS)","Cebu","Samboan",3218,NA,4756,7974,72240000,20373,"072240000"
2019,702241000,"Region VII (Central Visayas)","Cebu","San Fernando","Region VII (CENTRAL VISAYAS)","Cebu","San Fernando",5004,NA,272,5276,72241000,72224,"072241000"
2019,702242000,"Region VII (Central Visayas)","Cebu","San Francisco","Region VII (CENTRAL VISAYAS)","Cebu","San Francisco",9992,NA,18452,28444,72242000,59236,"072242000"
2019,702243000,"Region VII (Central Visayas)","Cebu","San Remigio","Region VII (CENTRAL VISAYAS)","Cebu","San Remegio",21915,NA,102016,123931,72243000,65744,"072243000"
2019,702244000,"Region VII (Central Visayas)","Cebu","Santa Fe","Region VII (CENTRAL VISAYAS)","Cebu","Santa Fe",24619,587,143313,168519,72244000,34471,"072244000"
2019,702245000,"Region VII (Central Visayas)","Cebu","Santander","Region VII (CENTRAL VISAYAS)","Cebu","Santander",5947,NA,3024,8971,72245000,18527,"072245000"
2019,702247000,"Region VII (Central Visayas)","Cebu","Sogod","Region VII (CENTRAL VISAYAS)","Cebu","Sogod",288,NA,2731,3019,72247000,39447,"072247000"
2019,702248000,"Region VII (Central Visayas)","Cebu","Tabogon","Region VII (CENTRAL VISAYAS)","Cebu","Tabogon",384,NA,3259,3643,72248000,41432,"072248000"
2019,702252000,"Region VII (Central Visayas)","Cebu","Tuburan","Region VII (CENTRAL VISAYAS)","Cebu","Tuburan",5,NA,4772,4777,72252000,68167,"072252000"
2019,702253000,"Region VII (Central Visayas)","Cebu","Tudela","Region VII (CENTRAL VISAYAS)","Cebu","Tudela",253,NA,2587,2840,72253000,11304,"072253000"
2019,730600000,"Region VII (Central Visayas)","Cebu","Cebu City","Region VII (CENTRAL VISAYAS)","Cebu","Cebu City",1055235,25825,1788749,2869809,72217000,964169,"072217000"
2019,731100000,"Region VII (Central Visayas)","Cebu","Lapu-Lapu City","Region VII (CENTRAL VISAYAS)","Cebu","Lapu-lapu City",1457184,2979,372892,1833055,72226000,497604,"072226000"
2019,731300000,"Region VII (Central Visayas)","Cebu","Mandaue City","Region VII (CENTRAL VISAYAS)","Cebu","Mandaue City",418280,79,438472,856831,72230000,364116,"072230000"
2019,802604000,"Region VIII (Eastern Visayas)","Eastern Samar","Borongan City","Region VIII (EASTERN VISAYAS)","Eastern Samar","Borongan City",653,NA,52522,53175,82604000,71961,"082604000"
2019,802609000,"Region VIII (Eastern Visayas)","Eastern Samar","Guiuan","Region VIII (EASTERN VISAYAS)","Eastern Samar","Guiuan",259,NA,23542,23801,82609000,53361,"082609000"
2019,803708000,"Region VIII (Eastern Visayas)","Leyte","Baybay City","Region VIII (EASTERN VISAYAS)","Leyte","Baybay City",809,NA,103380,104189,83708000,111848,"083708000"
2019,803738000,"Region VIII (Eastern Visayas)","Leyte","Ormoc City","Region VIII (EASTERN VISAYAS)","Leyte","Ormoc City",9313,NA,272512,281825,83738000,230998,"083738000"
2019,803739000,"Region VIII (Eastern Visayas)","Leyte","Palo","Region VIII (EASTERN VISAYAS)","Leyte","Palo",1299,NA,8976,10275,83739000,76213,"083739000"
2019,804801000,"Region VIII (Eastern Visayas)","Northern Samar","Allen","Region VIII (EASTERN VISAYAS)","Northern Samar","Allen",159,NA,14514,14673,84801000,25228,"084801000"
2019,804802000,"Region VIII (Eastern Visayas)","Northern Samar","Biri","Region VIII (EASTERN VISAYAS)","Northern Samar","Biri",75,NA,1106,1181,84802000,11274,"084802000"
2019,804803000,"Region VIII (Eastern Visayas)","Northern Samar","Bobon","Region VIII (EASTERN VISAYAS)","Northern Samar","Bobon",51,NA,2389,2440,84803000,25964,"084803000"
2019,804804000,"Region VIII (Eastern Visayas)","Northern Samar","Capul","Region VIII (EASTERN VISAYAS)","Northern Samar","Capul",2,NA,2702,2704,84804000,12323,"084804000"
2019,804805000,"Region VIII (Eastern Visayas)","Northern Samar","Catarman","Region VIII (EASTERN VISAYAS)","Northern Samar","Catarman",156,NA,62595,62751,84805000,97879,"084805000"
2019,804808000,"Region VIII (Eastern Visayas)","Northern Samar","Laoang","Region VIII (EASTERN VISAYAS)","Northern Samar","Laoang",15,NA,469,484,84808000,60607,"084808000"
2019,804813000,"Region VIII (Eastern Visayas)","Northern Samar","Mondragon","Region VIII (EASTERN VISAYAS)","Northern Samar","Mondragon",3,NA,71,74,84813000,41415,"084813000"
2019,804817000,"Region VIII (Eastern Visayas)","Northern Samar","San Antonio","Region VIII (EASTERN VISAYAS)","Northern Samar","San Antonio",143,NA,19354,19497,84817000,8882,"084817000"
2019,804820000,"Region VIII (Eastern Visayas)","Northern Samar","San Roque","Region VIII (EASTERN VISAYAS)","Northern Samar","San Roque",15,NA,654,669,84820000,29882,"084820000"
2019,804823000,"Region VIII (Eastern Visayas)","Northern Samar","Victoria","Region VIII (EASTERN VISAYAS)","Northern Samar","Victoria",28,NA,989,1017,84823000,15361,"084823000"
2019,806003000,"Region VIII (Eastern Visayas)","Samar","Calbayog City","Region VIII (EASTERN VISAYAS)","Samar","Calbayog City",6498,NA,126934,133432,86003000,186960,"086003000"
2019,806404000,"Region VIII (Eastern Visayas)","Southern Leyte","Hinundayan","Region VIII (EASTERN VISAYAS)","Southern Leyte","Hinundayan",166,NA,1230,1396,86404000,12398,"086404000"
2019,806406000,"Region VIII (Eastern Visayas)","Southern Leyte","Liloan","Region VIII (EASTERN VISAYAS)","Southern Leyte","Liloan",514,NA,10243,10757,86406000,24800,"086406000"
2019,806407000,"Region VIII (Eastern Visayas)","Southern Leyte","Maasin City","Region VIII (EASTERN VISAYAS)","Southern Leyte","Maasin City",2667,NA,79970,82637,86407000,87446,"086407000"
2019,806408000,"Region VIII (Eastern Visayas)","Southern Leyte","Macrohon","Region VIII (EASTERN VISAYAS)","Southern Leyte","Macrohon",328,NA,13728,14056,86408000,26580,"086408000"
2019,806419000,"Region VIII (Eastern Visayas)","Southern Leyte","Limasawa","Region VIII (EASTERN VISAYAS)","Southern Leyte","Limasawa",137,NA,4069,4206,86419000,6191,"086419000"
2019,807801000,"Region VIII (Eastern Visayas)","Biliran","Almeria","Region VIII (EASTERN VISAYAS)","Biliran","Almeria",515,NA,4071,4586,87801000,17954,"087801000"
2019,807803000,"Region VIII (Eastern Visayas)","Biliran","Cabucgayan","Region VIII (EASTERN VISAYAS)","Biliran","Cabucgayan",114,NA,601,715,87803000,21542,"087803000"
2019,807805000,"Region VIII (Eastern Visayas)","Biliran","Culaba","Region VIII (EASTERN VISAYAS)","Biliran","Culaba",77,NA,733,810,87805000,12972,"087805000"
2019,807806000,"Region VIII (Eastern Visayas)","Biliran","Kawayan","Region VIII (EASTERN VISAYAS)","Biliran","Kawayan",17,NA,95,112,87806000,20455,"087806000"
2019,807808000,"Region VIII (Eastern Visayas)","Biliran","Naval","Region VIII (EASTERN VISAYAS)","Biliran","Naval",1528,NA,27031,28559,87808000,58187,"087808000"
2019,831600000,"Region VIII (Eastern Visayas)","Leyte","Tacloban City","Region VIII (EASTERN VISAYAS)","Leyte","Tacloban City",25802,1036,563686,590524,83747000,251881,"083747000"
2019,907200000,"Region IX (Zamboanga Peninsula)","Zamboanga del Norte","Zamboanga del Norte","Region IX (ZAMBOANGA PENINSULA)","Zamboanga del Norte","",4874,252,518360,523486,97200000,1047455,"097200000"
2019,907200000,"Region IX (Zamboanga Peninsula)","Zamboanga del Norte","Zamboanga del Norte","Region IX (ZAMBOANGA PENINSULA)","Zamboanga del Sur","",489,11,165940,166440,97200000,1047455,"097200000"
2019,907201000,"Region IX (Zamboanga Peninsula)","Zamboanga del Norte","Dapitan City","Region IX (ZAMBOANGA PENINSULA)","Zamboanga del Norte","Dapitan City",1440,50,101465,102955,97201000,85202,"097201000"
2019,907202000,"Region IX (Zamboanga Peninsula)","Zamboanga del Norte","Dipolog City","Region IX (ZAMBOANGA PENINSULA)","Zamboanga del Norte","Dipolog City",3148,97,406149,409394,97202000,138141,"097202000"
2019,907322000,"Region IX (Zamboanga Peninsula)","Zamboanga del Sur","Pagadian City","Region IX (ZAMBOANGA PENINSULA)","Zamboanga del Sur","Pagadian City",489,11,49280,49780,97322000,210452,"097322000"
2019,908300000,"Region IX (Zamboanga Peninsula)","Zamboanga Sibugay","Zamboanga Sibugay","Region IX (ZAMBOANGA PENINSULA)","Zamboanga Sibugay","",60,NA,60462,60522,98300000,669840,"098300000"
2019,931700000,"Region IX (Zamboanga Peninsula)","Zamboanga del Sur","Zamboanga City","Region IX (ZAMBOANGA PENINSULA)","Zamboanga del Sur","Zamboanga City",6691,13104,387853,407648,97332000,977234,"097332000"
2019,1001300000,"Region X (Northern Mindanao)","Bukidnon","Bukidnon","Region X (NORTHERN MINDANAO)","Bukidnon","",549,NA,185639,186188,101300000,1541308,"101300000"
2019,1001312000,"Region X (Northern Mindanao)","Bukidnon","Malaybalay City","Region X (NORTHERN MINDANAO)","Bukidnon","Malaybalay City",199,NA,17931,18130,101312000,190712,"101312000"
2019,1001321000,"Region X (Northern Mindanao)","Bukidnon","Valencia City","Region X (NORTHERN MINDANAO)","Bukidnon","Valencia City",350,NA,163052,163402,101321000,216546,"101321000"
2019,1001800000,"Region X (Northern Mindanao)","Camiguin","Camiguin","Region X (NORTHERN MINDANAO)","Camiguin","",13749,NA,790996,804745,101800000,92808,"101800000"
2019,1003500000,"Region X (Northern Mindanao)","Lanao del Norte","Lanao del Norte","Region X (NORTHERN MINDANAO)","Lanao del Norte","",94,NA,29520,29614,103500000,722902,"103500000"
2019,1004200000,"Region X (Northern Mindanao)","Misamis Occidental","Misamis Occidental","Region X (NORTHERN MINDANAO)","Misamis Occidental","",2309,NA,399403,401712,104200000,617333,"104200000"
2019,1004200000,"Region X (Northern Mindanao)","Misamis Occidental","Misamis Occidental","Region X (NORTHERN MINDANAO)","Misamis Oriental","",610,NA,162442,163052,104200000,617333,"104200000"
2019,1004209000,"Region X (Northern Mindanao)","Misamis Occidental","Oroquieta City","Region X (NORTHERN MINDANAO)","Misamis Occidental","Oroquieta City",75,NA,41904,41979,104209000,72301,"104209000"
2019,1004210000,"Region X (Northern Mindanao)","Misamis Occidental","Ozamiz City","Region X (NORTHERN MINDANAO)","Misamis Occidental","Ozamis City",2136,NA,331727,333863,104210000,140334,"104210000"
2019,1004215000,"Region X (Northern Mindanao)","Misamis Occidental","Tangub City","Region X (NORTHERN MINDANAO)","Misamis Occidental","Tangub City",98,NA,22357,22455,104215000,68389,"104215000"
2019,1030500000,"Region X (Northern Mindanao)","Misamis Oriental","Cagayan De Oro City","Region X (NORTHERN MINDANAO)","Misamis Oriental","Cagayan de Oro City",40612,NA,962712,1003324,104305000,728402,"104305000"
2019,1030900000,"Region X (Northern Mindanao)","Lanao del Norte","Iligan City","Region X (NORTHERN MINDANAO)","Lanao del Norte","Iligan City",2876,NA,205562,208438,103504000,363115,"103504000"
2019,1102300000,"Region XI (Davao Region)","Davao del Norte","Davao del Norte","Region XI  (DAVAO REGION)","Davao del Norte","",25663,NA,687387,713050,112300000,1125057,"112300000"
2019,1102300000,"Region XI (Davao Region)","Davao del Norte","Davao del Norte","Region XI  (DAVAO REGION)","Davao del Sur","",530,NA,79932,80462,112300000,1125057,"112300000"
2019,1102500000,"Region XI (Davao Region)","Davao Oriental","Davao Oriental","Region XI  (DAVAO REGION)","Davao Oriental","",5299,NA,182077,187376,112500000,576343,"112500000"
2019,1108200000,"Region XI (Davao Region)","Davao de Oro","Davao de Oro","Region XI  (DAVAO REGION)","Davao De Oro (ComVal)","",997,153,1616367,1617517,118200000,767547,"118200000"
2019,1130700000,"Region XI (Davao Region)","Davao del Sur","Davao City","Region XI  (DAVAO REGION)","Davao del Sur","Davao City",183730,45697,2345468,2574895,112402000,1776949,"112402000"
2019,1204700000,"Region XII (SOCCSKSARGEN)","Cotabato","Cotabato","Region XII  (SOCCSSARGEN)","Cotabato","",186,NA,268782,268968,124700000,1275185,"124700000"
2019,1204704000,"Region XII (SOCCSKSARGEN)","Cotabato","Kidapawan City","Region XII  (SOCCSSARGEN)","Cotabato","Kidapawan City",34,NA,196527,196561,124704000,160791,"124704000"
2019,1206300000,"Region XII (SOCCSKSARGEN)","South Cotabato","South Cotabato","Region XII  (SOCCSSARGEN)","South Cotabato","",3042,1,672746,675789,126300000,975476,"126300000"
2019,1206306000,"Region XII (SOCCSKSARGEN)","South Cotabato","Koronadal City","Region XII  (SOCCSSARGEN)","South Cotabato","Koronadal City",2286,NA,616517,618803,126306000,195398,"126306000"
2019,1206500000,"Region XII (SOCCSKSARGEN)","Sultan Kudarat","Sultan Kudarat","Region XII  (SOCCSSARGEN)","Sultan Kudarat","",71,NA,49469,49540,126500000,854052,"126500000"
2019,1206511000,"Region XII (SOCCSKSARGEN)","Sultan Kudarat","Tacurong City","Region XII  (SOCCSSARGEN)","Sultan Kudarat","Tacurong City",71,NA,37873,37944,126511000,109319,"126511000"
2019,1208000000,"Region XII (SOCCSKSARGEN)","Sarangani","Sarangani","Region XII  (SOCCSSARGEN)","Sarangani","",415,NA,198892,199307,128000000,558946,"128000000"
2019,1230800000,"Region XII (SOCCSKSARGEN)","South Cotabato","General Santos City","Region XII  (SOCCSSARGEN)","South Cotabato","General Santos City",17074,NA,542413,559487,126303000,697315,"126303000"
2019,1380300000,"National Capital Region (NCR)","Makati City","Makati City","National Capital Region (NCR)","Makati City","Makati City",266807,NA,108627,375434,137602000,629616,"137602000"
2019,1380600000,"National Capital Region (NCR)","Manila City","Manila City","National Capital Region (NCR)","Manila","Manila",251088,NA,281927,533015,133900000,1846513,"133900000"
2019,1380800000,"National Capital Region (NCR)","Muntinlupa City","Muntinlupa City","National Capital Region (NCR)","Muntinlupa City","Muntinlupa City",242231,NA,188892,431123,137603000,543445,"137603000"
2019,1381000000,"National Capital Region (NCR)","Parañaque City","Parañaque City","National Capital Region (NCR)","Parañaque City","Parañaque City",253641,877,259622,514140,137604000,689992,"137604000"
2019,1381100000,"National Capital Region (NCR)","Pasay City","Pasay City","National Capital Region (NCR)","Pasay City","Pasay City",368698,NA,304230,672928,137605000,440656,"137605000"
2019,1381200000,"National Capital Region (NCR)","Pasig City","Pasig City","National Capital Region (NCR)","Pasig City","Pasig City",135399,NA,6773,142172,137403000,803159,"137403000"
2019,1381300000,"National Capital Region (NCR)","Quezon City","Quezon City","National Capital Region (NCR)","Quezon City","Quezon City",21262,NA,81724,102986,137404000,2960048,"137404000"
2019,1381500000,"National Capital Region (NCR)","Taguig City","Taguig City","National Capital Region (NCR)","Taguig City","Taguig City",170031,NA,95074,265105,137607000,886722,"137607000"
2019,1400100000,"Cordillera Administrative Region (CAR)","Abra","Abra","Cordillera Administrative Region (CAR)","Abra","",54,NA,2894,2948,140100000,250985,"140100000"
2019,1401100000,"Cordillera Administrative Region (CAR)","Benguet","Benguet","Cordillera Administrative Region (CAR)","Benguet","",787,NA,107847,108634,141100000,460683,"141100000"
2019,1402700000,"Cordillera Administrative Region (CAR)","Ifugao","Ifugao","Cordillera Administrative Region (CAR)","Ifugao","",31594,44,39862,71500,142700000,207498,"142700000"
2019,1403200000,"Cordillera Administrative Region (CAR)","Kalinga","Kalinga","Cordillera Administrative Region (CAR)","Kalinga","",6418,148,101233,107799,143200000,229570,"143200000"
2019,1404400000,"Cordillera Administrative Region (CAR)","Mountain Province","Mountain Province","Cordillera Administrative Region (CAR)","Mountain Province","",7807,NA,170759,178566,144400000,158200,"144400000"
2019,1408100000,"Cordillera Administrative Region (CAR)","Apayao","Apayao","Cordillera Administrative Region (CAR)","Apayao","",3,NA,9492,9495,148100000,124366,"148100000"
2019,1430300000,"Cordillera Administrative Region (CAR)","Benguet","Baguio City","Cordillera Administrative Region (CAR)","Benguet","Baguio City",38403,93,1497962,1536458,141102000,366358,"141102000"
2019,1600200000,"Region XIII (Caraga)","Agusan del Norte","Agusan del Norte","Region XIII (CARAGA)","Agusan del Norte","",75,NA,72935,73010,160200000,387503,"160200000"
2019,1600200000,"Region XIII (Caraga)","Agusan del Norte","Agusan del Norte","Region XIII (CARAGA)","Surigao del Norte","",98355,1284,558628,658267,160200000,387503,"160200000"
2019,1600203000,"Region XIII (Caraga)","Agusan del Norte","Cabadbaran City","Region XIII (CARAGA)","Agusan del Norte","Cabadbaran City",75,NA,72935,73010,160203000,80354,"160203000"
2019,1600300000,"Region XIII (Caraga)","Agusan del Sur","Agusan del Sur","Region XIII (CARAGA)","Surigao del Sur","",428,NA,78392,78820,160300000,739367,"160300000"
2019,1606724000,"Region XIII (Caraga)","Surigao del Norte","Surigao City","Region XIII (CARAGA)","Surigao del Norte","Surigao City",13781,238,300181,314200,166724000,171107,"166724000"
2019,1606819000,"Region XIII (Caraga)","Surigao del Sur","Tandag City","Region XIII (CARAGA)","Surigao del Sur","Tandag City",428,NA,70838,71266,166819000,62669,"166819000"
2019,1608500000,"Region XIII (Caraga)","Dinagat Islands","Dinagat Islands","Region XIII (CARAGA)","Dinagat Islands","",1018,NA,75821,76839,168500000,128117,"168500000"
2019,1630400000,"Region XIII (Caraga)","Agusan del Norte","Butuan City","Region XIII (CARAGA)","Agusan del Norte","Butuan City",5426,202,288579,294207,160202000,372910,"160202000"
2019,1704001000,"MIMAROPA Region","Marinduque","Boac","MIMAROPA Region","Marinduque","Boac",156,NA,22032,22188,174001000,57283,"174001000"
2019,1704003000,"MIMAROPA Region","Marinduque","Gasan","MIMAROPA Region","Marinduque","Gasan",212,NA,2016,2228,174003000,36197,"174003000"
2019,1704004000,"MIMAROPA Region","Marinduque","Mogpog","MIMAROPA Region","Marinduque","Mogpog",7,NA,1620,1627,174004000,34516,"174004000"
2019,1704006000,"MIMAROPA Region","Marinduque","Torrijos","MIMAROPA Region","Marinduque","Torrijos",78,NA,7465,7543,174006000,30476,"174006000"
2019,1705104000,"MIMAROPA Region","Occidental Mindoro","Lubang","MIMAROPA Region","Occidental Mindoro","Lubang",1260,619,30931,32810,175104000,17437,"175104000"
2019,1705105000,"MIMAROPA Region","Occidental Mindoro","Magsaysay","MIMAROPA Region","Occidental Mindoro","Magsaysay",24,NA,3215,3239,175105000,39767,"175105000"
2019,1705106000,"MIMAROPA Region","Occidental Mindoro","Mamburao","MIMAROPA Region","Occidental Mindoro","Mamburao",36,1,14648,14685,175106000,47705,"175106000"
2019,1705109000,"MIMAROPA Region","Occidental Mindoro","Sablayan","MIMAROPA Region","Occidental Mindoro","Sablayan",2785,NA,34428,37213,175109000,92598,"175109000"
2019,1705110000,"MIMAROPA Region","Occidental Mindoro","San Jose","MIMAROPA Region","Occidental Mindoro","San Jose",1293,NA,53574,54867,175110000,153267,"175110000"
2019,1705202000,"MIMAROPA Region","Oriental Mindoro","Bansud","MIMAROPA Region","Oriental Mindoro","Bansud",34,NA,4501,4535,175202000,42671,"175202000"
2019,1705205000,"MIMAROPA Region","Oriental Mindoro","Calapan City","MIMAROPA Region","Oriental Mindoro","Calapan City",6735,NA,101253,107988,175205000,145786,"175205000"
2019,1705206000,"MIMAROPA Region","Oriental Mindoro","Gloria","MIMAROPA Region","Oriental Mindoro","Gloria",16,NA,3119,3135,175206000,50496,"175206000"
2019,1705207000,"MIMAROPA Region","Oriental Mindoro","Mansalay","MIMAROPA Region","Oriental Mindoro","Mansalay",444,NA,5270,5714,175207000,59114,"175207000"
2019,1705209000,"MIMAROPA Region","Oriental Mindoro","Pinamalayan","MIMAROPA Region","Oriental Mindoro","Pinamalayan",10,NA,24436,24446,175209000,90383,"175209000"
2019,1705210000,"MIMAROPA Region","Oriental Mindoro","Pola","MIMAROPA Region","Oriental Mindoro","Pola",17,NA,3089,3106,175210000,35455,"175210000"
2019,1705211000,"MIMAROPA Region","Oriental Mindoro","Puerto Galera","MIMAROPA Region","Oriental Mindoro","Puerto Galera",24115,NA,70727,94842,175211000,41961,"175211000"
2019,1705212000,"MIMAROPA Region","Oriental Mindoro","Roxas","MIMAROPA Region","Oriental Mindoro","Roxas",189,NA,47833,48022,175212000,58849,"175212000"
2019,1705213000,"MIMAROPA Region","Oriental Mindoro","San Teodoro","MIMAROPA Region","Oriental Mindoro","San Teodoro",30,NA,4799,4829,175213000,19121,"175213000"
2019,1705215000,"MIMAROPA Region","Oriental Mindoro","Victoria","MIMAROPA Region","Oriental Mindoro","Victoria",26,NA,8961,8987,175215000,52175,"175215000"
2019,1705301000,"MIMAROPA Region","Palawan","Aborlan","MIMAROPA Region","Palawan","Aborlan",819,NA,2034,2853,175301000,38736,"175301000"
2019,1705303000,"MIMAROPA Region","Palawan","Araceli","MIMAROPA Region","Palawan","Araceli",94,NA,670,764,175303000,14434,"175303000"
2019,1705304000,"MIMAROPA Region","Palawan","Balabac","MIMAROPA Region","Palawan","Balabac",2407,NA,2022,4429,175304000,42527,"175304000"
2019,1705305000,"MIMAROPA Region","Palawan","Bataraza","MIMAROPA Region","Palawan","Bataraza",48,48,16888,16984,175305000,85439,"175305000"
2019,1705306000,"MIMAROPA Region","Palawan","Brooke's Point","MIMAROPA Region","Palawan","Brookes Point",124,NA,22043,22167,175306000,73994,"175306000"
2019,1705307000,"MIMAROPA Region","Palawan","Busuanga","MIMAROPA Region","Palawan","Busuanga",8076,1,3851,11928,175307000,25617,"175307000"
2019,1705308000,"MIMAROPA Region","Palawan","Cagayancillo","MIMAROPA Region","Palawan","Cagayancillo",19,NA,40,59,175308000,6884,"175308000"
2019,1705309000,"MIMAROPA Region","Palawan","Coron","MIMAROPA Region","Palawan","Coron",118709,2983,170857,292549,175309000,65855,"175309000"
2019,1705310000,"MIMAROPA Region","Palawan","Cuyo","MIMAROPA Region","Palawan","Cuyo",167,NA,596,763,175310000,23489,"175310000"
2019,1705311000,"MIMAROPA Region","Palawan","Dumaran","MIMAROPA Region","Palawan","Dumaran",187467,NA,124257,311724,175311000,23528,"175311000"
2019,1705312000,"MIMAROPA Region","Palawan","El Nido","MIMAROPA Region","Palawan","El Nido",17,NA,445,462,175312000,50494,"175312000"
2019,1705313000,"MIMAROPA Region","Palawan","Linapacan","MIMAROPA Region","Palawan","Linapacan",259,NA,619,878,175313000,16424,"175313000"
2019,1705315000,"MIMAROPA Region","Palawan","Narra","MIMAROPA Region","Palawan","Narra",4896,NA,28975,33871,175315000,77948,"175315000"
2019,1705317000,"MIMAROPA Region","Palawan","Quezon","MIMAROPA Region","Palawan","Quezon",187,NA,8983,9170,175317000,65283,"175317000"
2019,1705318000,"MIMAROPA Region","Palawan","Roxas","MIMAROPA Region","Palawan","Roxas",164,NA,10795,10959,175318000,69624,"175318000"
2019,1705319000,"MIMAROPA Region","Palawan","San Vicente","MIMAROPA Region","Palawan","San Vicente",31324,NA,10648,41972,175319000,33507,"175319000"
2019,1705320000,"MIMAROPA Region","Palawan","Taytay","MIMAROPA Region","Palawan","Taytay",7807,NA,6395,14202,175320000,83357,"175320000"
2019,1705322000,"MIMAROPA Region","Palawan","Culion","MIMAROPA Region","Palawan","Culion",19615,NA,17074,36689,175322000,23213,"175322000"
2019,1705323000,"MIMAROPA Region","Palawan","Dr. Jose P. Rizal","MIMAROPA Region","Palawan","Dr. Jose P. Rizal",286,NA,3159,3445,175323000,56162,"175323000"
2019,1705914000,"MIMAROPA Region","Romblon","San Jose","MIMAROPA Region","Romblon","San Jose",800,NA,3335,4135,175914000,11759,"175914000"
2019,1731500000,"MIMAROPA Region","Palawan","Puerto Princesa City","MIMAROPA Region","Palawan","Puerto Princesa City",441674,687,727722,1170083,175316000,307079,"175316000"
2019,1804502000,"Negros Island Region (NIR)","Negros Occidental","Bago City","Negros Island Region (NIR)","Negros Occidental","Bago",178,NA,22291,22469,64502000,191210,"064502000"
2019,1804503000,"Negros Island Region (NIR)","Negros Occidental","Binalbagan","Negros Island Region (NIR)","Negros Occidental","Binalbagan",26,NA,7384,7410,64503000,71407,"064503000"
2019,1804504000,"Negros Island Region (NIR)","Negros Occidental","Cadiz City","Negros Island Region (NIR)","Negros Occidental","Cadiz",3638,NA,48183,51821,64504000,158544,"064504000"
2019,1804505000,"Negros Island Region (NIR)","Negros Occidental","Calatrava","Negros Island Region (NIR)","Negros Occidental","Calatrava",5,NA,3164,3169,64505000,82540,"064505000"
2019,1804511000,"Negros Island Region (NIR)","Negros Occidental","Hinigaran","Negros Island Region (NIR)","Negros Occidental","Hinigaran",17,NA,10635,10652,64511000,88909,"064511000"
2019,1804512000,"Negros Island Region (NIR)","Negros Occidental","Hinoba-an","Negros Island Region (NIR)","Negros Occidental","Hinobaan",1639,131,16872,18642,64512000,60865,"064512000"
2019,1804515000,"Negros Island Region (NIR)","Negros Occidental","Kabankalan City","Negros Island Region (NIR)","Negros Occidental","Kabankalan",1424,NA,63476,64900,64515000,200198,"064515000"
2019,1804516000,"Negros Island Region (NIR)","Negros Occidental","La Carlota City","Negros Island Region (NIR)","Negros Occidental","La Carlota",86,NA,34386,34472,64516000,66664,"064516000"
2019,1804518000,"Negros Island Region (NIR)","Negros Occidental","Manapla","Negros Island Region (NIR)","Negros Occidental","Manapla",753,NA,7041,7794,64518000,55083,"064518000"
2019,1804520000,"Negros Island Region (NIR)","Negros Occidental","Murcia","Negros Island Region (NIR)","Negros Occidental","Murcia",3909,NA,300268,304177,64520000,88868,"064520000"
2019,1804523000,"Negros Island Region (NIR)","Negros Occidental","Sagay City","Negros Island Region (NIR)","Negros Occidental","Sagay",148,NA,23161,23309,64523000,148894,"064523000"
2019,1804524000,"Negros Island Region (NIR)","Negros Occidental","San Carlos City","Negros Island Region (NIR)","Negros Occidental","San Carlos",758,NA,67553,68311,64524000,132650,"064524000"
2019,1804525000,"Negros Island Region (NIR)","Negros Occidental","San Enrique","Negros Island Region (NIR)","Negros Occidental","San Enrique",66,NA,47874,47940,64525000,24177,"064525000"
2019,1804527000,"Negros Island Region (NIR)","Negros Occidental","Sipalay City","Negros Island Region (NIR)","Negros Occidental","Sipalay",12027,NA,51443,63470,64527000,72448,"064527000"
2019,1804528000,"Negros Island Region (NIR)","Negros Occidental","Talisay City","Negros Island Region (NIR)","Negros Occidental","Talisay",515,NA,39118,39633,64528000,108909,"064528000"
2019,1804601000,"Negros Island Region (NIR)","Negros Oriental","Amlan","Negros Island Region (NIR)","Negros Oriental","Amlan",299,NA,1352,1651,74601000,25513,"074601000"
2019,1804603000,"Negros Island Region (NIR)","Negros Oriental","Bacong","Negros Island Region (NIR)","Negros Oriental","Bacong",638,NA,2045,2683,74603000,41207,"074603000"
2019,1804604000,"Negros Island Region (NIR)","Negros Oriental","Bais City","Negros Island Region (NIR)","Negros Oriental","Bais",3258,NA,4850,8108,74604000,84317,"074604000"
2019,1804605000,"Negros Island Region (NIR)","Negros Oriental","Basay","Negros Island Region (NIR)","Negros Oriental","Basay",472,NA,6244,6716,74605000,28531,"074605000"
2019,1804606000,"Negros Island Region (NIR)","Negros Oriental","Bayawan City","Negros Island Region (NIR)","Negros Oriental","Bayawan",696,NA,12961,13657,74606000,122747,"074606000"
2019,1804608000,"Negros Island Region (NIR)","Negros Oriental","Canlaon City","Negros Island Region (NIR)","Negros Oriental","Canlaon",164,NA,14409,14573,74608000,58822,"074608000"
2019,1804609000,"Negros Island Region (NIR)","Negros Oriental","Dauin","Negros Island Region (NIR)","Negros Oriental","Dauin",10736,NA,4625,15361,74609000,30018,"074609000"
2019,1804610000,"Negros Island Region (NIR)","Negros Oriental","Dumaguete City","Negros Island Region (NIR)","Negros Oriental","Dumaguete",55847,395,798419,854661,74610000,134103,"074610000"
2019,1804611000,"Negros Island Region (NIR)","Negros Oriental","Guihulngan City","Negros Island Region (NIR)","Negros Oriental","Guijulngan",19,NA,10484,10503,74611000,102656,"074611000"
2019,1804612000,"Negros Island Region (NIR)","Negros Oriental","Jimalalud","Negros Island Region (NIR)","Negros Oriental","Jimalaud",22,NA,151,173,74612000,32256,"074612000"
2019,1804613000,"Negros Island Region (NIR)","Negros Oriental","La Libertad","Negros Island Region (NIR)","Negros Oriental","La Libertad",144,NA,4699,4843,74613000,41089,"074613000"
2019,1804614000,"Negros Island Region (NIR)","Negros Oriental","Mabinay","Negros Island Region (NIR)","Negros Oriental","Mabinay",652,NA,29420,30072,74614000,82953,"074614000"
2019,1804615000,"Negros Island Region (NIR)","Negros Oriental","Manjuyod","Negros Island Region (NIR)","Negros Oriental","Manjuyod",340,18,10709,11067,74615000,44799,"074615000"
2019,1804617000,"Negros Island Region (NIR)","Negros Oriental","San Jose","Negros Island Region (NIR)","Negros Oriental","San Jose",926,NA,1800,2726,74617000,21956,"074617000"
2019,1804619000,"Negros Island Region (NIR)","Negros Oriental","Siaton","Negros Island Region (NIR)","Negros Oriental","Siaton",1707,NA,8784,10491,74619000,83082,"074619000"
2019,1804620000,"Negros Island Region (NIR)","Negros Oriental","Sibulan","Negros Island Region (NIR)","Negros Oriental","Sibulan",1282,NA,1343,2625,74620000,64343,"074620000"
2019,1804621000,"Negros Island Region (NIR)","Negros Oriental","Tanjay City","Negros Island Region (NIR)","Negros Oriental","Tanjay",7,NA,11369,11376,74621000,82642,"074621000"
2019,1804623000,"Negros Island Region (NIR)","Negros Oriental","Valencia","Negros Island Region (NIR)","Negros Oriental","Valencia",8488,NA,12972,21460,74623000,38733,"074623000"
2019,1804625000,"Negros Island Region (NIR)","Negros Oriental","Zamboanguita","Negros Island Region (NIR)","Negros Oriental","Zamboanguita",1824,121,716,2661,74625000,29569,"074625000"
2019,1806101000,"Negros Island Region (NIR)","Siquijor","Enrique Villanueva","Negros Island Region (NIR)","Siquijor","Enrique Villanueva",757,NA,527,1284,76101000,6790,"076101000"
2019,1806102000,"Negros Island Region (NIR)","Siquijor","Larena","Negros Island Region (NIR)","Siquijor","Larena",2652,NA,9022,11674,76102000,14454,"076102000"
2019,1806103000,"Negros Island Region (NIR)","Siquijor","Lazi","Negros Island Region (NIR)","Siquijor","Lazi",2621,NA,3503,6124,76103000,22488,"076103000"
2019,1806104000,"Negros Island Region (NIR)","Siquijor","Maria","Negros Island Region (NIR)","Siquijor","Maria",2004,NA,7766,9770,76104000,14385,"076104000"
2019,1806105000,"Negros Island Region (NIR)","Siquijor","San Juan","Negros Island Region (NIR)","Siquijor","San Juan",64951,NA,32824,97775,76105000,16363,"076105000"
2019,1806106000,"Negros Island Region (NIR)","Siquijor","Siquijor","Negros Island Region (NIR)","Siquijor","Siquijor",12728,NA,29011,41739,76106000,28915,"076106000"
2019,1830200000,"Negros Island Region (NIR)","Negros Occidental","Bacolod City","Negros Island Region (NIR)","Negros Occidental","Bacolod City",72870,NA,731041,803911,64501000,600783,"064501000"
2021,102934000,"Region I (Ilocos Region)","Ilocos Sur","Vigan City","Region I  (ILOCOS REGION)","Ilocos Sur","Vigan City",69,NA,4414,4483,12934000,53935,"012934000"
2021,103307000,"Region I (Ilocos Region)","La Union","Bauang","Region I  (ILOCOS REGION)","La Union","Bauang",12,NA,25744,25756,13307000,78449,"013307000"
2021,103314000,"Region I (Ilocos Region)","La Union","San Fernando City","Region I  (ILOCOS REGION)","La Union","San Fernando City",322,NA,25018,25340,13314000,125640,"013314000"
2021,103316000,"Region I (Ilocos Region)","La Union","San Juan","Region I  (ILOCOS REGION)","La Union","San Juan",44,NA,31272,31316,13316000,40507,"013316000"
2021,105505000,"Region I (Ilocos Region)","Pangasinan","Anda","Region I  (ILOCOS REGION)","Pangasinan","Anda",4,NA,14836,14840,15505000,41548,"015505000"
2021,105510000,"Region I (Ilocos Region)","Pangasinan","Bautista","Region I  (ILOCOS REGION)","Pangasinan","Bautista",19,NA,279,298,15510000,35398,"015510000"
2021,105513000,"Region I (Ilocos Region)","Pangasinan","Binmaley","Region I  (ILOCOS REGION)","Pangasinan","Binmaley",8,NA,3643,3651,15513000,86881,"015513000"
2021,105514000,"Region I (Ilocos Region)","Pangasinan","Bolinao","Region I  (ILOCOS REGION)","Pangasinan","Bolinao",24,NA,59521,59545,15514000,83979,"015514000"
2021,105516000,"Region I (Ilocos Region)","Pangasinan","Burgos","Region I  (ILOCOS REGION)","Pangasinan","Burgos",6,NA,6299,6305,15516000,23749,"015516000"
2021,105522000,"Region I (Ilocos Region)","Pangasinan","Lingayen","Region I  (ILOCOS REGION)","Pangasinan","Lingayen",15,NA,9579,9594,15522000,107728,"015522000"
2021,203108000,"Region II (Cagayan Valley)","Isabela","Cauayan City","Region II  (CAGAYAN VALLEY)","Isabela","Cauayan City",502,NA,55148,55650,23108000,143403,"023108000"
2021,205013000,"Region II (Cagayan Valley)","Nueva Vizcaya","Solano","Region II  (CAGAYAN VALLEY)","Nueva Vizcaya","Solano",70,NA,34882,34952,25013000,65287,"025013000"
2021,300800000,"Region III (Central Luzon)","Bataan","Bataan","Region III  (CENTRAL LUZON)","Bataan","",3820,NA,97934,101754,30800000,853373,"030800000"
2021,304900000,"Region III (Central Luzon)","Nueva Ecija","Nueva Ecija","Region III  (CENTRAL LUZON)","Nueva Ecija","",2504,NA,95499,98003,34900000,2310134,"034900000"
2021,305400000,"Region III (Central Luzon)","Pampanga","Pampanga","Region III  (CENTRAL LUZON)","Pampanga","",119420,NA,709834,829254,35400000,2437709,"035400000"
2021,306900000,"Region III (Central Luzon)","Tarlac","Tarlac","Region III  (CENTRAL LUZON)","Tarlac","",159,10900,27083,38142,36900000,1503456,"036900000"
2021,307100000,"Region III (Central Luzon)","Zambales","Zambales","Region III  (CENTRAL LUZON)","Zambales","",3340,NA,109029,112369,37100000,649615,"037100000"
2021,307114000,"Region III (Central Luzon)","Zambales","Subic","Region III  (CENTRAL LUZON)","Zambales","Subic",2572,12491,689808,704871,37114000,111912,"037114000"
2021,330100000,"Region III (Central Luzon)","Pampanga","Angeles City","Region III  (CENTRAL LUZON)","Pampanga","Angeles City",119402,0,520951,640353,35401000,462928,"035401000"
2021,401005000,"Region IV-A (CALABARZON)","Batangas","Batangas City","Region IV-A (CALABARZON)","Batangas","Batangas City",153,NA,57826,57979,41005000,351437,"041005000"
2021,401011000,"Region IV-A (CALABARZON)","Batangas","Laurel","Region IV-A (CALABARZON)","Batangas","Laurel",57,NA,8212,8269,41011000,43210,"041011000"
2021,401014000,"Region IV-A (CALABARZON)","Batangas","Lipa City","Region IV-A (CALABARZON)","Batangas","Lipa City",3286,NA,68538,71824,41014000,372931,"041014000"
2021,401017000,"Region IV-A (CALABARZON)","Batangas","Malvar","Region IV-A (CALABARZON)","Batangas","Malvar",1986,NA,14073,16059,41017000,64379,"041017000"
2021,401019000,"Region IV-A (CALABARZON)","Batangas","Nasugbu","Region IV-A (CALABARZON)","Batangas","Nasugbu",307,NA,65088,65395,41019000,136524,"041019000"
2021,401023000,"Region IV-A (CALABARZON)","Batangas","San Juan","Region IV-A (CALABARZON)","Batangas","San Juan",25,NA,233073,233098,41023000,114068,"041023000"
2021,401028000,"Region IV-A (CALABARZON)","Batangas","Sto. Tomas City","Region IV-A (CALABARZON)","Batangas","Sto. Tomas City",5590,NA,13662,19252,41028000,218500,"041028000"
2021,401031000,"Region IV-A (CALABARZON)","Batangas","Tanauan City","Region IV-A (CALABARZON)","Batangas","Tanauan",216,NA,3199,3415,41031000,193936,"041031000"
2021,402122000,"Region IV-A (CALABARZON)","Cavite","Trece Martires City","Region IV-A (CALABARZON)","Cavite","Trece Martires",4,NA,2821,2825,42122000,210503,"042122000"
2021,403405000,"Region IV-A (CALABARZON)","Laguna","Calamba City","Region IV-A (CALABARZON)","Laguna","Calamba City",59,NA,31646,31705,43405000,539671,"043405000"
2021,403407000,"Region IV-A (CALABARZON)","Laguna","Cavinti","Region IV-A (CALABARZON)","Laguna","Cavinti",271,NA,18737,19008,43407000,23980,"043407000"
2021,403428000,"Region IV-A (CALABARZON)","Laguna","Santa Rosa City","Region IV-A (CALABARZON)","Laguna","Sta. Rosa City",4450,5795,19814,30059,43428000,414812,"043428000"
2021,405808000,"Region IV-A (CALABARZON)","Rizal","Rodriguez","Region IV-A (CALABARZON)","Rizal","Rodriguez",2,NA,86459,86461,45808000,443954,"045808000"
2021,405813000,"Region IV-A (CALABARZON)","Rizal","Taytay","Region IV-A (CALABARZON)","Rizal","Taytay",256,NA,18658,18914,45813000,386451,"045813000"
2021,500501000,"Region V (Bicol Region)","Albay","Bacacay","Region V  (BICOL REGION)","Albay","Bacacay",37,NA,13296,13333,50501000,72485,"050501000"
2021,500503000,"Region V (Bicol Region)","Albay","Daraga","Region V  (BICOL REGION)","Albay","Daraga",1,NA,11005,11006,50503000,133893,"050503000"
2021,500504000,"Region V (Bicol Region)","Albay","Guinobatan","Region V  (BICOL REGION)","Albay","Guinobatan",5,NA,8312,8317,50504000,85786,"050504000"
2021,500506000,"Region V (Bicol Region)","Albay","Legazpi City","Region V  (BICOL REGION)","Albay","Legazpi City",288,NA,97292,97580,50506000,209533,"050506000"
2021,500508000,"Region V (Bicol Region)","Albay","Ligao City","Region V  (BICOL REGION)","Albay","Ligao City",832,NA,68509,69341,50508000,118096,"050508000"
2021,500512000,"Region V (Bicol Region)","Albay","Oas","Region V  (BICOL REGION)","Albay","Oas",46,NA,53344,53390,50512000,66084,"050512000"
2021,500513000,"Region V (Bicol Region)","Albay","Pio Duran","Region V  (BICOL REGION)","Albay","Pio Duran",5,NA,50848,50853,50513000,49070,"050513000"
2021,500516000,"Region V (Bicol Region)","Albay","Santo Domingo","Region V  (BICOL REGION)","Albay","Sto. Domingo",12,NA,23281,23293,50516000,37765,"050516000"
2021,500518000,"Region V (Bicol Region)","Albay","Tiwi","Region V  (BICOL REGION)","Albay","Tiwi",5,NA,4759,4764,50518000,56444,"050518000"
2021,501606000,"Region V (Bicol Region)","Camarines Norte","Labo","Region V  (BICOL REGION)","Camarines Norte","Labo",60,NA,7242,7302,51606000,109245,"051606000"
2021,501612000,"Region V (Bicol Region)","Camarines Norte","Vinzons","Region V  (BICOL REGION)","Camarines Norte","Vinzons",84,948,30731,31763,51612000,49042,"051612000"
2021,501711000,"Region V (Bicol Region)","Camarines Sur","Caramoan","Region V  (BICOL REGION)","Camarines Sur","Caramoan",9,NA,2695,2704,51711000,51728,"051711000"
2021,506216000,"Region V (Bicol Region)","Sorsogon","Sorsogon City","Region V  (BICOL REGION)","Sorsogon Province","Sorsogon City",25,NA,48518,48543,56216000,182237,"056216000"
2021,600601000,"Region VI (Western Visayas)","Antique","Anini-Y","Region VI  (WESTERN VISAYAS)","Antique","Anini-y",1,NA,457,458,60601000,22018,"060601000"
2021,601914000,"Region VI (Western Visayas)","Capiz","Roxas City","Region VI  (WESTERN VISAYAS)","Capiz","Roxas City",23,9,49992,50024,61914000,179292,"061914000"
2021,603026000,"Region VI (Western Visayas)","Iloilo","Leganes","Region VI  (WESTERN VISAYAS)","Iloilo","Leganes",30,6,4832,4868,63026000,34725,"063026000"
2021,603036000,"Region VI (Western Visayas)","Iloilo","Pavia","Region VI  (WESTERN VISAYAS)","Iloilo","Pavia",2,3,366,371,63036000,70388,"063036000"
2021,603040000,"Region VI (Western Visayas)","Iloilo","San Joaquin","Region VI  (WESTERN VISAYAS)","Iloilo","San Joaquin",7,NA,14121,14128,63040000,52617,"063040000"
2021,607904000,"Region VI (Western Visayas)","Guimaras","San Lorenzo","Region VI  (WESTERN VISAYAS)","Guimaras","San Lorenzo",3,NA,1821,1824,67904000,29444,"067904000"
2021,631000000,"Region VI (Western Visayas)","Iloilo","Iloilo City","Region VI  (WESTERN VISAYAS)","Iloilo","Iloilo City",15973,NA,195941,211914,63022000,457626,"063022000"
2021,701219000,"Region VII (Central Visayas)","Bohol","Dauis","Region VII (CENTRAL VISAYAS)","Bohol","Dauis",14,NA,6226,6240,71219000,52492,"071219000"
2021,701225000,"Region VII (Central Visayas)","Bohol","Jagna","Region VII (CENTRAL VISAYAS)","Bohol","Jagna",25,NA,1811,1836,71225000,35832,"071225000"
2021,701233000,"Region VII (Central Visayas)","Bohol","Panglao","Region VII (CENTRAL VISAYAS)","Bohol","Panglao",813,NA,90701,91514,71233000,39839,"071233000"
2021,701242000,"Region VII (Central Visayas)","Bohol","Tagbilaran City","Region VII (CENTRAL VISAYAS)","Bohol","Tagbilaran",247,18,50183,50448,71242000,104976,"071242000"
2021,702208000,"Region VII (Central Visayas)","Cebu","Balamban","Region VII (CENTRAL VISAYAS)","Cebu","Balamban",38,NA,10239,10277,72208000,95136,"072208000"
2021,702220000,"Region VII (Central Visayas)","Cebu","Cordova","Region VII (CENTRAL VISAYAS)","Cebu","Cordova",59,NA,44333,44392,72220000,70595,"072220000"
2021,702221000,"Region VII (Central Visayas)","Cebu","Daanbantayan","Region VII (CENTRAL VISAYAS)","Cebu","Daanbantayan",7,NA,31573,31580,72221000,93502,"072221000"
2021,702222000,"Region VII (Central Visayas)","Cebu","Dalaguete","Region VII (CENTRAL VISAYAS)","Cebu","Dalaguete",52,NA,21167,21219,72222000,74596,"072222000"
2021,702223000,"Region VII (Central Visayas)","Cebu","Danao City","Region VII (CENTRAL VISAYAS)","Cebu","Danao City",2602,NA,34044,36646,72223000,156321,"072223000"
2021,702233000,"Region VII (Central Visayas)","Cebu","Moalboal","Region VII (CENTRAL VISAYAS)","Cebu","Moalboal",135,NA,40921,41056,72233000,36930,"072233000"
2021,702235000,"Region VII (Central Visayas)","Cebu","Oslob","Region VII (CENTRAL VISAYAS)","Cebu","Oslob",401,NA,35614,36015,72235000,29264,"072235000"
2021,702237000,"Region VII (Central Visayas)","Cebu","Pinamungajan","Region VII (CENTRAL VISAYAS)","Cebu","Pinamungahan",1,NA,17033,17034,72237000,75131,"072237000"
2021,702238000,"Region VII (Central Visayas)","Cebu","Poro","Region VII (CENTRAL VISAYAS)","Cebu","Poro",1,NA,920,921,72238000,26232,"072238000"
2021,702244000,"Region VII (Central Visayas)","Cebu","Santa Fe","Region VII (CENTRAL VISAYAS)","Cebu","Santa Fe",236,NA,70407,70643,72244000,34471,"072244000"
2021,702251000,"Region VII (Central Visayas)","Cebu","Toledo City","Region VII (CENTRAL VISAYAS)","Cebu","Toledo City",225,NA,14421,14646,72251000,207314,"072251000"
2021,730600000,"Region VII (Central Visayas)","Cebu","Cebu City","Region VII (CENTRAL VISAYAS)","Cebu","Cebu City",10672,NA,208497,219169,72217000,964169,"072217000"
2021,731100000,"Region VII (Central Visayas)","Cebu","Lapu-Lapu City","Region VII (CENTRAL VISAYAS)","Cebu","Lapu-lapu City",5727,270,176880,182877,72226000,497604,"072226000"
2021,731300000,"Region VII (Central Visayas)","Cebu","Mandaue City","Region VII (CENTRAL VISAYAS)","Cebu","Mandaue City",30212,1,82830,113043,72230000,364116,"072230000"
2021,831600000,"Region VIII (Eastern Visayas)","Leyte","Tacloban City","Region VIII (EASTERN VISAYAS)","Leyte","Tacloban City",18836,2,185005,203843,83747000,251881,"083747000"
2021,907200000,"Region IX (Zamboanga Peninsula)","Zamboanga del Norte","Zamboanga del Norte","Region IX (ZAMBOANGA PENINSULA)","Zamboanga del Norte","",729,NA,228127,228856,97200000,1047455,"097200000"
2021,907201000,"Region IX (Zamboanga Peninsula)","Zamboanga del Norte","Dapitan City","Region IX (ZAMBOANGA PENINSULA)","Zamboanga del Norte","Dapitan City",5,NA,19241,19246,97201000,85202,"097201000"
2021,907202000,"Region IX (Zamboanga Peninsula)","Zamboanga del Norte","Dipolog City","Region IX (ZAMBOANGA PENINSULA)","Zamboanga del Norte","Dipolog City",92,NA,92226,92318,97202000,138141,"097202000"
2021,908300000,"Region IX (Zamboanga Peninsula)","Zamboanga Sibugay","Zamboanga Sibugay","Region IX (ZAMBOANGA PENINSULA)","Zamboanga Sibugay","",22,NA,60462,60484,98300000,669840,"098300000"
2021,931700000,"Region IX (Zamboanga Peninsula)","Zamboanga del Sur","Zamboanga City","Region IX (ZAMBOANGA PENINSULA)","Zamboanga del Sur","Zamboanga City",122,NA,171089,171211,97332000,977234,"097332000"
2021,1001300000,"Region X (Northern Mindanao)","Bukidnon","Bukidnon","Region X (NORTHERN MINDANAO)","Bukidnon","",59,NA,47622,47681,101300000,1541308,"101300000"
2021,1001321000,"Region X (Northern Mindanao)","Bukidnon","Valencia City","Region X (NORTHERN MINDANAO)","Bukidnon","Valencia City",59,NA,47622,47681,101321000,216546,"101321000"
2021,1004200000,"Region X (Northern Mindanao)","Misamis Occidental","Misamis Occidental","Region X (NORTHERN MINDANAO)","Misamis Occidental","",1,NA,4155,4156,104200000,617333,"104200000"
2021,1004200000,"Region X (Northern Mindanao)","Misamis Occidental","Misamis Occidental","Region X (NORTHERN MINDANAO)","Misamis Oriental","",120,NA,18942,19062,104200000,617333,"104200000"
2021,1004215000,"Region X (Northern Mindanao)","Misamis Occidental","Tangub City","Region X (NORTHERN MINDANAO)","Misamis Occidental","Tangub City",1,NA,4155,4156,104215000,68389,"104215000"
2021,1030500000,"Region X (Northern Mindanao)","Misamis Oriental","Cagayan De Oro City","Region X (NORTHERN MINDANAO)","Misamis Oriental","Cagayan de Oro City",886,NA,125293,126179,104305000,728402,"104305000"
2021,1102300000,"Region XI (Davao Region)","Davao del Norte","Davao del Norte","Region XI (DAVAO REGION)","Davao Del Norte","",159,NA,354330,354489,112300000,1125057,"112300000"
2021,1102300000,"Region XI (Davao Region)","Davao del Norte","Davao del Norte","Region XI (DAVAO REGION)","Davao del Sur","",195,NA,97731,97926,112300000,1125057,"112300000"
2021,1102500000,"Region XI (Davao Region)","Davao Oriental","Davao Oriental","Region XI (DAVAO REGION)","Davao Oriental","",205,NA,326425,326630,112500000,576343,"112500000"
2021,1130700000,"Region XI (Davao Region)","Davao del Sur","Davao City","Region XI (DAVAO REGION)","Davao del Sur","Davao City",8169,1091,295082,304342,112402000,1776949,"112402000"
2021,1206300000,"Region XII (SOCCSKSARGEN)","South Cotabato","South Cotabato","Region XII  (SOCCSSARGEN)","South Cotabato","",6,NA,189402,189408,126300000,975476,"126300000"
2021,1206306000,"Region XII (SOCCSKSARGEN)","South Cotabato","Koronadal City","Region XII  (SOCCSSARGEN)","South Cotabato","Koronadal City",4,NA,113736,113740,126306000,195398,"126306000"
2021,1208000000,"Region XII (SOCCSKSARGEN)","Sarangani","Sarangani","Region XII  (SOCCSSARGEN)","Sarangani","",1,1,169770,169772,128000000,558946,"128000000"
2021,1230800000,"Region XII (SOCCSKSARGEN)","South Cotabato","General Santos City","Region XII  (SOCCSSARGEN)","South Cotabato","General Santos City",440,NA,172521,172961,126303000,697315,"126303000"
2021,1380300000,"National Capital Region (NCR)","Makati City","Makati City","National Capital Region (NCR)","Makati City","Makati City",70300,40287,496067,606654,137602000,629616,"137602000"
2021,1380500000,"National Capital Region (NCR)","Mandaluyong City","Mandaluyong City","National Capital Region (NCR)","Mandaluyong City","Mandaluyong City",6136,40400,65719,112255,137401000,425758,"137401000"
2021,1380600000,"National Capital Region (NCR)","Manila City","Manila City","National Capital Region (NCR)","Manila","Manila",25039,NA,262039,287078,133900000,1846513,"133900000"
2021,1380800000,"National Capital Region (NCR)","Muntinlupa City","Muntinlupa City","National Capital Region (NCR)","Muntinlupa City","Muntinlupa City",21962,18364,234915,275241,137603000,543445,"137603000"
2021,1381000000,"National Capital Region (NCR)","Parañaque City","Parañaque City","National Capital Region (NCR)","Parañaque City","Parañaque City",31370,631,313951,345952,137604000,689992,"137604000"
2021,1381100000,"National Capital Region (NCR)","Pasay City","Pasay City","National Capital Region (NCR)","Pasay City","Pasay City",15275,44,242037,257356,137605000,440656,"137605000"
2021,1381200000,"National Capital Region (NCR)","Pasig City","Pasig City","National Capital Region (NCR)","Pasig City","Pasig City",10977,3525,110909,125411,137403000,803159,"137403000"
2021,1381300000,"National Capital Region (NCR)","Quezon City","Quezon City","National Capital Region (NCR)","Quezon City","Quezon City",31468,16219,201347,249034,137404000,2960048,"137404000"
2021,1381500000,"National Capital Region (NCR)","Taguig City","Taguig City","National Capital Region (NCR)","Taguig City","Taguig City",6103,16822,46867,69792,137607000,886722,"137607000"
2021,1403200000,"Cordillera Administrative Region (CAR)","Kalinga","Kalinga","Cordillera Administrative Region (CAR)","Kalinga","",63,NA,138941,139004,143200000,229570,"143200000"
2021,1404400000,"Cordillera Administrative Region (CAR)","Mountain Province","Mountain Province","Cordillera Administrative Region (CAR)","Mountain Province","",33,NA,2805,2838,144400000,158200,"144400000"
2021,1430300000,"Cordillera Administrative Region (CAR)","Benguet","Baguio City","Cordillera Administrative Region (CAR)","Benguet","Baguio City",276,1,267203,267480,141102000,366358,"141102000"
2021,1600200000,"Region XIII (Caraga)","Agusan del Norte","Agusan del Norte","Region XIII (CARAGA)","Agusan del Sur","",18,NA,42281,42299,160200000,387503,"160200000"
2021,1600200000,"Region XIII (Caraga)","Agusan del Norte","Agusan del Norte","Region XIII (CARAGA)","Surigao del Norte","",1447,NA,83415,84862,160200000,387503,"160200000"
2021,1600300000,"Region XIII (Caraga)","Agusan del Sur","Agusan del Sur","Region XIII (CARAGA)","Surigao del Sur","",2,NA,44639,44641,160300000,739367,"160300000"
2021,1606724000,"Region XIII (Caraga)","Surigao del Norte","Surigao City","Region XIII (CARAGA)","Surigao del Norte","Surigao City",713,NA,55862,56575,166724000,171107,"166724000"
2021,1606819000,"Region XIII (Caraga)","Surigao del Sur","Tandag City","Region XIII (CARAGA)","Surigao del Sur","Tandag City",2,NA,31074,31076,166819000,62669,"166819000"
2021,1630400000,"Region XIII (Caraga)","Agusan del Norte","Butuan City","Region XIII (CARAGA)","Agusan del Norte","Butuan City",95,NA,50976,51071,160202000,372910,"160202000"
2021,1704006000,"MIMAROPA Region","Marinduque","Torrijos","MIMAROPA Region","Marinduque","Torrijos",1,NA,1414,1415,174006000,30476,"174006000"
2021,1705102000,"MIMAROPA Region","Occidental Mindoro","Calintaan","MIMAROPA Region","Occidental Mindoro","Calintaan",6,NA,1781,1787,175102000,30190,"175102000"
2021,1705104000,"MIMAROPA Region","Occidental Mindoro","Lubang","MIMAROPA Region","Occidental Mindoro","Lubang",50,NA,5394,5444,175104000,17437,"175104000"
2021,1705105000,"MIMAROPA Region","Occidental Mindoro","Magsaysay","MIMAROPA Region","Occidental Mindoro","Magsaysay",18,NA,1857,1875,175105000,39767,"175105000"
2021,1705106000,"MIMAROPA Region","Occidental Mindoro","Mamburao","MIMAROPA Region","Occidental Mindoro","Mamburao",24,NA,2308,2332,175106000,47705,"175106000"
2021,1705108000,"MIMAROPA Region","Occidental Mindoro","Rizal","MIMAROPA Region","Occidental Mindoro","Rizal",6,NA,1041,1047,175108000,40429,"175108000"
2021,1705109000,"MIMAROPA Region","Occidental Mindoro","Sablayan","MIMAROPA Region","Occidental Mindoro","Sablayan",44,NA,13435,13479,175109000,92598,"175109000"
2021,1705110000,"MIMAROPA Region","Occidental Mindoro","San Jose","MIMAROPA Region","Occidental Mindoro","San Jose",160,NA,24872,25032,175110000,153267,"175110000"
2021,1705204000,"MIMAROPA Region","Oriental Mindoro","Bulalacao","MIMAROPA Region","Oriental Mindoro","Bulalacao",51,NA,16231,16282,175204000,44366,"175204000"
2021,1705205000,"MIMAROPA Region","Oriental Mindoro","Calapan City","MIMAROPA Region","Oriental Mindoro","Calapan City",181,NA,9304,9485,175205000,145786,"175205000"
2021,1705206000,"MIMAROPA Region","Oriental Mindoro","Gloria","MIMAROPA Region","Oriental Mindoro","Gloria",2,NA,331,333,175206000,50496,"175206000"
2021,1705207000,"MIMAROPA Region","Oriental Mindoro","Mansalay","MIMAROPA Region","Oriental Mindoro","Mansalay",9,NA,175,184,175207000,59114,"175207000"
2021,1705208000,"MIMAROPA Region","Oriental Mindoro","Naujan","MIMAROPA Region","Oriental Mindoro","Naujan",47,NA,5474,5521,175208000,109587,"175208000"
2021,1705209000,"MIMAROPA Region","Oriental Mindoro","Pinamalayan","MIMAROPA Region","Oriental Mindoro","Pinamalayan",259,NA,9354,9613,175209000,90383,"175209000"
2021,1705211000,"MIMAROPA Region","Oriental Mindoro","Puerto Galera","MIMAROPA Region","Oriental Mindoro","Puerto Galera",3418,NA,17655,21073,175211000,41961,"175211000"
2021,1705212000,"MIMAROPA Region","Oriental Mindoro","Roxas","MIMAROPA Region","Oriental Mindoro","Roxas",5,NA,3808,3813,175212000,58849,"175212000"
2021,1705214000,"MIMAROPA Region","Oriental Mindoro","Socorro","MIMAROPA Region","Oriental Mindoro","Socorro",2,NA,1324,1326,175214000,41585,"175214000"
2021,1705215000,"MIMAROPA Region","Oriental Mindoro","Victoria","MIMAROPA Region","Oriental Mindoro","Victoria",2,NA,374,376,175215000,52175,"175215000"
2021,1705306000,"MIMAROPA Region","Palawan","Brooke's Point","MIMAROPA Region","Palawan","Brooke's Point",27,NA,10670,10697,175306000,73994,"175306000"
2021,1705307000,"MIMAROPA Region","Palawan","Busuanga","MIMAROPA Region","Palawan","Busuanga",1262,NA,620,1882,175307000,25617,"175307000"
2021,1705309000,"MIMAROPA Region","Palawan","Coron","MIMAROPA Region","Palawan","Coron",539,NA,4180,4719,175309000,65855,"175309000"
2021,1705312000,"MIMAROPA Region","Palawan","El Nido","MIMAROPA Region","Palawan","El Nido",8405,NA,19731,28136,175312000,50494,"175312000"
2021,1705315000,"MIMAROPA Region","Palawan","Narra","MIMAROPA Region","Palawan","Narra",13,NA,2441,2454,175315000,77948,"175315000"
2021,1705319000,"MIMAROPA Region","Palawan","San Vicente","MIMAROPA Region","Palawan","San Vicente",9,NA,1277,1286,175319000,33507,"175319000"
2021,1705320000,"MIMAROPA Region","Palawan","Taytay","MIMAROPA Region","Palawan","Taytay",382,NA,7176,7558,175320000,83357,"175320000"
2021,1705322000,"MIMAROPA Region","Palawan","Culion","MIMAROPA Region","Palawan","Culion",303,NA,3823,4126,175322000,23213,"175322000"
2021,1705914000,"MIMAROPA Region","Romblon","San Jose","MIMAROPA Region","Romblon","San Jose",15,NA,1313,1328,175914000,11759,"175914000"
2021,1804504000,"Negros Island Region (NIR)","Negros Occidental","Cadiz City","Negros Island Region (NIR)","Negros Occidental","Cadiz",117,NA,17945,18062,64504000,158544,"064504000"
2021,1804507000,"Negros Island Region (NIR)","Negros Occidental","Cauayan","Negros Island Region (NIR)","Negros Occidental","Cauayan",67,NA,11754,11821,64507000,108480,"064507000"
2021,1804511000,"Negros Island Region (NIR)","Negros Occidental","Hinigaran","Negros Island Region (NIR)","Negros Occidental","Hinigaran",2,NA,8168,8170,64511000,88909,"064511000"
2021,1804515000,"Negros Island Region (NIR)","Negros Occidental","Kabankalan City","Negros Island Region (NIR)","Negros Occidental","Kabankalan",8,NA,42384,42392,64515000,200198,"064515000"
2021,1804516000,"Negros Island Region (NIR)","Negros Occidental","La Carlota City","Negros Island Region (NIR)","Negros Occidental","La Carlota",24,NA,5553,5577,64516000,66664,"064516000"
2021,1804518000,"Negros Island Region (NIR)","Negros Occidental","Manapla","Negros Island Region (NIR)","Negros Occidental","Manapla",14,NA,4027,4041,64518000,55083,"064518000"
2021,1804524000,"Negros Island Region (NIR)","Negros Occidental","San Carlos City","Negros Island Region (NIR)","Negros Occidental","San Carlos",155,NA,51851,52006,64524000,132650,"064524000"
2021,1804526000,"Negros Island Region (NIR)","Negros Occidental","Silay City","Negros Island Region (NIR)","Negros Occidental","Silay",4,NA,15231,15235,64526000,130478,"064526000"
2021,1804527000,"Negros Island Region (NIR)","Negros Occidental","Sipalay City","Negros Island Region (NIR)","Negros Occidental","Sipalay",211,NA,102401,102612,64527000,72448,"064527000"
2021,1804528000,"Negros Island Region (NIR)","Negros Occidental","Talisay City","Negros Island Region (NIR)","Negros Occidental","Talisay",30,NA,16211,16241,64528000,108909,"064528000"
2021,1804601000,"Negros Island Region (NIR)","Negros Oriental","Amlan","Negros Island Region (NIR)","Negros Oriental","Amlan",11,NA,3518,3529,74601000,25513,"074601000"
2021,1804606000,"Negros Island Region (NIR)","Negros Oriental","Bayawan City","Negros Island Region (NIR)","Negros Oriental","Bayawan",16,NA,7821,7837,74606000,122747,"074606000"
2021,1804608000,"Negros Island Region (NIR)","Negros Oriental","Canlaon City","Negros Island Region (NIR)","Negros Oriental","Canlaon",2,NA,1548,1550,74608000,58822,"074608000"
2021,1804609000,"Negros Island Region (NIR)","Negros Oriental","Dauin","Negros Island Region (NIR)","Negros Oriental","Dauin",421,NA,12730,13151,74609000,30018,"074609000"
2021,1804610000,"Negros Island Region (NIR)","Negros Oriental","Dumaguete City","Negros Island Region (NIR)","Negros Oriental","Dumaguete",153,473,41225,41851,74610000,134103,"074610000"
2021,1804619000,"Negros Island Region (NIR)","Negros Oriental","Siaton","Negros Island Region (NIR)","Negros Oriental","Siaton",116,NA,2171,2287,74619000,83082,"074619000"
2021,1804623000,"Negros Island Region (NIR)","Negros Oriental","Valencia","Negros Island Region (NIR)","Negros Oriental","Valencia",79,NA,8598,8677,74623000,38733,"074623000"
2021,1806105000,"Negros Island Region (NIR)","Siquijor","San Juan","Negros Island Region (NIR)","Siquijor","San Juan",118,NA,5984,6102,76105000,16363,"076105000"
2021,1806106000,"Negros Island Region (NIR)","Siquijor","Siquijor","Negros Island Region (NIR)","Siquijor","Siquijor",5,NA,1658,1663,76106000,28915,"076106000"
2021,1830200000,"Negros Island Region (NIR)","Negros Occidental","Bacolod City","Negros Island Region (NIR)","Negros Occidental","Bacolod City",2787,NA,144795,147582,64501000,600783,"064501000"
2023,102805000,"Region I (Ilocos Region)","Ilocos Norte","Batac City","Region I  (ILOCOS REGION)","Ilocos Norte","Batac",275,NA,7307,7582,12805000,55484,"012805000"
2023,102812000,"Region I (Ilocos Region)","Ilocos Norte","Laoag City","Region I  (ILOCOS REGION)","Ilocos Norte","Laoag City",10397,NA,65092,75489,12812000,111651,"012812000"
2023,102815000,"Region I (Ilocos Region)","Ilocos Norte","Pagudpud","Region I  (ILOCOS REGION)","Ilocos Norte","Pagudpud",8797,NA,106994,115791,12815000,25098,"012815000"
2023,102817000,"Region I (Ilocos Region)","Ilocos Norte","Pasuquin","Region I  (ILOCOS REGION)","Ilocos Norte","Pasuquin",3424,NA,275410,278834,12817000,29678,"012817000"
2023,102820000,"Region I (Ilocos Region)","Ilocos Norte","San Nicolas","Region I  (ILOCOS REGION)","Ilocos Norte","San Nicolas",1033,NA,35713,36746,12820000,38895,"012820000"
2023,102903000,"Region I (Ilocos Region)","Ilocos Sur","Bantay","Region I  (ILOCOS REGION)","Ilocos Sur","Bantay",25,NA,1711,1736,12903000,37118,"012903000"
2023,102905000,"Region I (Ilocos Region)","Ilocos Sur","Cabugao","Region I  (ILOCOS REGION)","Ilocos Sur","Cabugao",48,NA,612,660,12905000,38884,"012905000"
2023,102921000,"Region I (Ilocos Region)","Ilocos Sur","San Vicente","Region I  (ILOCOS REGION)","Ilocos Sur","San Vicente",96,NA,12171,12267,12921000,13118,"012921000"
2023,102923000,"Region I (Ilocos Region)","Ilocos Sur","Santa Catalina","Region I  (ILOCOS REGION)","Ilocos Sur","Santa Catalina",244,NA,4555,4799,12923000,14493,"012923000"
2023,102926000,"Region I (Ilocos Region)","Ilocos Sur","Santa Maria","Region I  (ILOCOS REGION)","Ilocos Sur","Santa Maria",85,NA,2763,2848,12926000,30006,"012926000"
2023,102927000,"Region I (Ilocos Region)","Ilocos Sur","Santiago","Region I  (ILOCOS REGION)","Ilocos Sur","Santiago",2035,NA,19147,21182,12927000,19471,"012927000"
2023,102934000,"Region I (Ilocos Region)","Ilocos Sur","Vigan City","Region I  (ILOCOS REGION)","Ilocos Sur","Vigan City",5937,NA,50928,56865,12934000,53935,"012934000"
2023,103302000,"Region I (Ilocos Region)","La Union","Aringay","Region I  (ILOCOS REGION)","La Union","Aringay",15,17,11756,11788,13302000,50380,"013302000"
2023,103307000,"Region I (Ilocos Region)","La Union","Bauang","Region I  (ILOCOS REGION)","La Union","Bauang",605,49,100108,100762,13307000,78449,"013307000"
2023,103309000,"Region I (Ilocos Region)","La Union","Caba","Region I  (ILOCOS REGION)","La Union","Caba",52,14,17046,17112,13309000,23119,"013309000"
2023,103314000,"Region I (Ilocos Region)","La Union","San Fernando City","Region I  (ILOCOS REGION)","La Union","San Fernando City",1902,114,95710,97726,13314000,125640,"013314000"
2023,103316000,"Region I (Ilocos Region)","La Union","San Juan","Region I  (ILOCOS REGION)","La Union","San Juan",3350,306,211963,215619,13316000,40507,"013316000"
2023,105503000,"Region I (Ilocos Region)","Pangasinan","Alaminos City","Region I  (ILOCOS REGION)","Pangasinan","Alaminos",2135,NA,79237,81372,15503000,99397,"015503000"
2023,105504000,"Region I (Ilocos Region)","Pangasinan","Alcala","Region I  (ILOCOS REGION)","Pangasinan","Alcala",1,NA,974,975,15504000,48908,"015504000"
2023,105505000,"Region I (Ilocos Region)","Pangasinan","Anda","Region I  (ILOCOS REGION)","Pangasinan","Anda",17,NA,39530,39547,15505000,41548,"015505000"
2023,105507000,"Region I (Ilocos Region)","Pangasinan","Balungao","Region I  (ILOCOS REGION)","Pangasinan","Balungao",32,NA,4365,4397,15507000,30004,"015507000"
2023,105514000,"Region I (Ilocos Region)","Pangasinan","Bolinao","Region I  (ILOCOS REGION)","Pangasinan","Bolinao",1805,NA,210709,212514,15514000,83979,"015514000"
2023,105516000,"Region I (Ilocos Region)","Pangasinan","Burgos","Region I  (ILOCOS REGION)","Pangasinan","Burgos",62,NA,25741,25803,15516000,23749,"015516000"
2023,105519000,"Region I (Ilocos Region)","Pangasinan","Dasol","Region I  (ILOCOS REGION)","Pangasinan","Dasol",374,NA,114575,114949,15519000,31355,"015519000"
2023,105521000,"Region I (Ilocos Region)","Pangasinan","Labrador","Region I  (ILOCOS REGION)","Pangasinan","Labrador",614,NA,7889,8503,15521000,26811,"015521000"
2023,105522000,"Region I (Ilocos Region)","Pangasinan","Lingayen","Region I  (ILOCOS REGION)","Pangasinan","Lingayen",87,NA,25417,25504,15522000,107728,"015522000"
2023,105533000,"Region I (Ilocos Region)","Pangasinan","San Fabian","Region I  (ILOCOS REGION)","Pangasinan","San Fabian",4,NA,103518,103522,15533000,87428,"015533000"
2023,105539000,"Region I (Ilocos Region)","Pangasinan","Santa Maria","Region I  (ILOCOS REGION)","Pangasinan","Santa Maria",1,NA,2450,2451,15539000,34220,"015539000"
2023,105546000,"Region I (Ilocos Region)","Pangasinan","Urdaneta City","Region I  (ILOCOS REGION)","Pangasinan","Urdaneta City",2,NA,7570,7572,15546000,144577,"015546000"
2023,200901000,"Region II (Cagayan Valley)","Batanes","Basco","Region II  (CAGAYAN VALLEY)","Batanes","Basco",499,NA,9167,9666,20901000,9517,"020901000"
2023,200902000,"Region II (Cagayan Valley)","Batanes","Itbayat","Region II  (CAGAYAN VALLEY)","Batanes","Itbayat",18,NA,101,119,20902000,3128,"020902000"
2023,200904000,"Region II (Cagayan Valley)","Batanes","Mahatao","Region II  (CAGAYAN VALLEY)","Batanes","Mahatao",5,NA,6,11,20904000,1703,"020904000"
2023,200905000,"Region II (Cagayan Valley)","Batanes","Sabtang","Region II  (CAGAYAN VALLEY)","Batanes","Sabtang",4,NA,328,332,20905000,1696,"020905000"
2023,201505000,"Region II (Cagayan Valley)","Cagayan","Aparri","Region II  (CAGAYAN VALLEY)","Cagayan","Aparri",601,28,15480,16109,21505000,68839,"021505000"
2023,201516000,"Region II (Cagayan Valley)","Cagayan","Lal-Lo","Region II  (CAGAYAN VALLEY)","Cagayan","Lallo",46,NA,26538,26584,21516000,48733,"021516000"
2023,201522000,"Region II (Cagayan Valley)","Cagayan","Sanchez-Mira","Region II  (CAGAYAN VALLEY)","Cagayan","Sanchez Mira",7,NA,5719,5726,21522000,26164,"021522000"
2023,201523000,"Region II (Cagayan Valley)","Cagayan","Santa Ana","Region II  (CAGAYAN VALLEY)","Cagayan","Sta. Ana",267,NA,25238,25505,21523000,35688,"021523000"
2023,201524000,"Region II (Cagayan Valley)","Cagayan","Santa Praxedes","Region II  (CAGAYAN VALLEY)","Cagayan","Santa Praxedes",2,NA,1074,1076,21524000,4434,"021524000"
2023,203101000,"Region II (Cagayan Valley)","Isabela","Alicia","Region II  (CAGAYAN VALLEY)","Isabela","Alicia",107,NA,2802,2909,23101000,73874,"023101000"
2023,203108000,"Region II (Cagayan Valley)","Isabela","Cauayan City","Region II  (CAGAYAN VALLEY)","Isabela","Cauayan City",2519,NA,90783,93302,23108000,143403,"023108000"
2023,203109000,"Region II (Cagayan Valley)","Isabela","Cordon","Region II  (CAGAYAN VALLEY)","Isabela","Cordon",5,NA,6485,6490,23109000,46477,"023109000"
2023,203111000,"Region II (Cagayan Valley)","Isabela","Divilacan","Region II  (CAGAYAN VALLEY)","Isabela","Divilacan",1,NA,732,733,23111000,5827,"023111000"
2023,203112000,"Region II (Cagayan Valley)","Isabela","Echague","Region II  (CAGAYAN VALLEY)","Isabela","Echague",2,NA,2042,2044,23112000,88410,"023112000"
2023,203114000,"Region II (Cagayan Valley)","Isabela","Ilagan City","Region II  (CAGAYAN VALLEY)","Isabela","Ilagan City",354,NA,38875,39229,23114000,158218,"023114000"
2023,203117000,"Region II (Cagayan Valley)","Isabela","Maconacon","Region II  (CAGAYAN VALLEY)","Isabela","Maconacon",1,NA,1319,1320,23117000,3977,"023117000"
2023,203121000,"Region II (Cagayan Valley)","Isabela","Palanan","Region II  (CAGAYAN VALLEY)","Isabela","Palanan",5,NA,245,250,23121000,17684,"023121000"
2023,203126000,"Region II (Cagayan Valley)","Isabela","Roxas","Region II  (CAGAYAN VALLEY)","Isabela","Roxas",11,NA,6789,6800,23126000,65839,"023126000"
2023,203132000,"Region II (Cagayan Valley)","Isabela","San Mateo","Region II  (CAGAYAN VALLEY)","Isabela","San Mateo",40,NA,68688,68728,23132000,66663,"023132000"
2023,203135000,"Region II (Cagayan Valley)","Isabela","Santiago City","Region II  (CAGAYAN VALLEY)","Isabela","Santiago City",3125,NA,140346,143471,23135000,148580,"023135000"
2023,203137000,"Region II (Cagayan Valley)","Isabela","Tumauini","Region II  (CAGAYAN VALLEY)","Isabela","Tumauini",14,NA,29000,29014,23137000,70743,"023137000"
2023,205002000,"Region II (Cagayan Valley)","Nueva Vizcaya","Aritao","Region II  (CAGAYAN VALLEY)","Nueva Vizcaya","Aritao",138,NA,8863,9001,25002000,42197,"025002000"
2023,205003000,"Region II (Cagayan Valley)","Nueva Vizcaya","Bagabag","Region II  (CAGAYAN VALLEY)","Nueva Vizcaya","Bagabag",52,NA,817,869,25003000,37985,"025003000"
2023,205004000,"Region II (Cagayan Valley)","Nueva Vizcaya","Bambang","Region II  (CAGAYAN VALLEY)","Nueva Vizcaya","Bambang",327,13,8663,9003,25004000,55789,"025004000"
2023,205005000,"Region II (Cagayan Valley)","Nueva Vizcaya","Bayombong","Region II  (CAGAYAN VALLEY)","Nueva Vizcaya","Bayombong",224,NA,53646,53870,25005000,67714,"025005000"
2023,205006000,"Region II (Cagayan Valley)","Nueva Vizcaya","Diadi","Region II  (CAGAYAN VALLEY)","Nueva Vizcaya","Diadi",50,NA,8188,8238,25006000,19236,"025006000"
2023,205012000,"Region II (Cagayan Valley)","Nueva Vizcaya","Santa Fe","Region II  (CAGAYAN VALLEY)","Nueva Vizcaya","Santa Fe",11,NA,5613,5624,25012000,18276,"025012000"
2023,205013000,"Region II (Cagayan Valley)","Nueva Vizcaya","Solano","Region II  (CAGAYAN VALLEY)","Nueva Vizcaya","Solano",854,NA,86217,87071,25013000,65287,"025013000"
2023,205702000,"Region II (Cagayan Valley)","Quirino","Cabarroguis","Region II  (CAGAYAN VALLEY)","Quirino","Cabarroguis",8,NA,2474,2482,25702000,33533,"025702000"
2023,300800000,"Region III (Central Luzon)","Bataan","Bataan","Region III  (CENTRAL LUZON)","Bataan","",4075,51,215894,220020,30800000,853373,"030800000"
2023,301400000,"Region III (Central Luzon)","Bulacan","Bulacan","Region III  (CENTRAL LUZON)","Bulacan","",5813,933,246313,253059,31400000,3708890,"031400000"
2023,304900000,"Region III (Central Luzon)","Nueva Ecija","Nueva Ecija","Region III  (CENTRAL LUZON)","Nueva Ecija","",16517,204,250604,267325,34900000,2310134,"034900000"
2023,305400000,"Region III (Central Luzon)","Pampanga","Pampanga","Region III  (CENTRAL LUZON)","Pampanga","",38140,31,348697,386868,35400000,2437709,"035400000"
2023,306900000,"Region III (Central Luzon)","Tarlac","Tarlac","Region III  (CENTRAL LUZON)","Tarlac","",3343,284,84738,88365,36900000,1503456,"036900000"
2023,307100000,"Region III (Central Luzon)","Zambales","Zambales","Region III  (CENTRAL LUZON)","Zambales","",8681,420,942718,951819,37100000,649615,"037100000"
2023,307114000,"Region III (Central Luzon)","Zambales","Subic","Region III  (CENTRAL LUZON)","Zambales","Subic",9414,NA,952261,961675,37114000,111912,"037114000"
2023,330100000,"Region III (Central Luzon)","Pampanga","Angeles City","Region III  (CENTRAL LUZON)","Pampanga","Angeles City",553376,79,873230,1426685,35401000,462928,"035401000"
2023,331400000,"Region III (Central Luzon)","Zambales","Olongapo City","Region III  (CENTRAL LUZON)","Zambales","Olongapo City",3542,NA,48783,52325,37107000,260317,"037107000"
2023,401005000,"Region IV-A (CALABARZON)","Batangas","Batangas City","Region IV-A (CALABARZON)","Batangas","Batangas City",13894,NA,204282,218176,41005000,351437,"041005000"
2023,401010000,"Region IV-A (CALABARZON)","Batangas","Ibaan","Region IV-A (CALABARZON)","Batangas","Ibaan",6,NA,3594,3600,41010000,58507,"041010000"
2023,401011000,"Region IV-A (CALABARZON)","Batangas","Laurel","Region IV-A (CALABARZON)","Batangas","Laurel",2600,NA,75636,78236,41011000,43210,"041011000"
2023,401014000,"Region IV-A (CALABARZON)","Batangas","Lipa City","Region IV-A (CALABARZON)","Batangas","Lipa City",983,NA,70134,71117,41014000,372931,"041014000"
2023,401015000,"Region IV-A (CALABARZON)","Batangas","Lobo","Region IV-A (CALABARZON)","Batangas","Lobo",2838,NA,181465,184303,41015000,40736,"041015000"
2023,401017000,"Region IV-A (CALABARZON)","Batangas","Malvar","Region IV-A (CALABARZON)","Batangas","Malvar",12212,NA,26876,39088,41017000,64379,"041017000"
2023,401021000,"Region IV-A (CALABARZON)","Batangas","Rosario","Region IV-A (CALABARZON)","Batangas","Rosario",9,NA,1066,1075,41021000,128352,"041021000"
2023,401028000,"Region IV-A (CALABARZON)","Batangas","Sto. Tomas City","Region IV-A (CALABARZON)","Batangas","Sto. Tomas City",7102,NA,22677,29779,41028000,218500,"041028000"
2023,402101000,"Region IV-A (CALABARZON)","Cavite","Alfonso","Region IV-A (CALABARZON)","Cavite","Alfonso",319,NA,25825,26144,42101000,59306,"042101000"
2023,402104000,"Region IV-A (CALABARZON)","Cavite","Carmona City","Region IV-A (CALABARZON)","Cavite","Carmona",2337,NA,1937,4274,42104000,106256,"042104000"
2023,402108000,"Region IV-A (CALABARZON)","Cavite","General Trias City","Region IV-A (CALABARZON)","Cavite","General Trias City",13395,NA,70539,83934,42108000,450583,"042108000"
2023,402113000,"Region IV-A (CALABARZON)","Cavite","Maragondon","Region IV-A (CALABARZON)","Cavite","Maragondon",526,NA,15377,15903,42113000,40687,"042113000"
2023,402116000,"Region IV-A (CALABARZON)","Cavite","Noveleta","Region IV-A (CALABARZON)","Cavite","Noveleta",276,NA,1777,2053,42116000,49452,"042116000"
2023,402117000,"Region IV-A (CALABARZON)","Cavite","Rosario","Region IV-A (CALABARZON)","Cavite","Rosario",2035,NA,6914,8949,42117000,110807,"042117000"
2023,402118000,"Region IV-A (CALABARZON)","Cavite","Silang","Region IV-A (CALABARZON)","Cavite","Silang",79,NA,69534,69613,42118000,295644,"042118000"
2023,403407000,"Region IV-A (CALABARZON)","Laguna","Cavinti","Region IV-A (CALABARZON)","Laguna","Cavinti",153,NA,17547,17700,43407000,23980,"043407000"
2023,403411000,"Region IV-A (CALABARZON)","Laguna","Los Baños","Region IV-A (CALABARZON)","Laguna","Los Baños",50,NA,68211,68261,43411000,115353,"043411000"
2023,403413000,"Region IV-A (CALABARZON)","Laguna","Lumban","Region IV-A (CALABARZON)","Laguna","Lumban",1181,NA,33455,34636,43413000,32330,"043413000"
2023,403416000,"Region IV-A (CALABARZON)","Laguna","Majayjay","Region IV-A (CALABARZON)","Laguna","Majayjay",39,NA,13398,13437,43416000,27893,"043416000"
2023,403428000,"Region IV-A (CALABARZON)","Laguna","Santa Rosa City","Region IV-A (CALABARZON)","Laguna","Sta. Rosa City",52418,3969,114395,170782,43428000,414812,"043428000"
2023,405602000,"Region IV-A (CALABARZON)","Quezon","Alabat","Region IV-A (CALABARZON)","Quezon","Alabat",1,NA,1238,1239,45602000,15936,"045602000"
2023,405603000,"Region IV-A (CALABARZON)","Quezon","Atimonan","Region IV-A (CALABARZON)","Quezon","Atimonan",73,NA,24950,25023,45603000,64260,"045603000"
2023,405621000,"Region IV-A (CALABARZON)","Quezon","Jomalig","Region IV-A (CALABARZON)","Quezon","Jomalig",18,NA,9357,9375,45621000,7667,"045621000"
2023,405808000,"Region IV-A (CALABARZON)","Rizal","Rodriguez","Region IV-A (CALABARZON)","Rizal","Rodriguez",68,NA,1795478,1795546,45808000,443954,"045808000"
2023,405812000,"Region IV-A (CALABARZON)","Rizal","Tanay","Region IV-A (CALABARZON)","Rizal","Tanay",145,NA,702198,702343,45812000,139420,"045812000"
2023,431200000,"Region IV-A (CALABARZON)","Quezon","Lucena City","Region IV-A (CALABARZON)","Quezon","Lucena City",428,NA,98154,98582,45624000,278924,"045624000"
2023,500501000,"Region V (Bicol Region)","Albay","Bacacay","Region V  (BICOL REGION)","Albay","Bacacay",751,NA,27290,28041,50501000,72485,"050501000"
2023,500502000,"Region V (Bicol Region)","Albay","Camalig","Region V  (BICOL REGION)","Albay","Camalig",53,NA,1674,1727,50502000,72042,"050502000"
2023,500503000,"Region V (Bicol Region)","Albay","Daraga","Region V  (BICOL REGION)","Albay","Daraga",874,NA,52307,53181,50503000,133893,"050503000"
2023,500504000,"Region V (Bicol Region)","Albay","Guinobatan","Region V  (BICOL REGION)","Albay","Guinobatan",119,NA,44849,44968,50504000,85786,"050504000"
2023,500505000,"Region V (Bicol Region)","Albay","Jovellar","Region V  (BICOL REGION)","Albay","Jovellar",185,NA,23977,24162,50505000,17795,"050505000"
2023,500506000,"Region V (Bicol Region)","Albay","Legazpi City","Region V  (BICOL REGION)","Albay","Legazpi City",7525,NA,516238,523763,50506000,209533,"050506000"
2023,500507000,"Region V (Bicol Region)","Albay","Libon","Region V  (BICOL REGION)","Albay","Libon",11,NA,6205,6216,50507000,75073,"050507000"
2023,500508000,"Region V (Bicol Region)","Albay","Ligao City","Region V  (BICOL REGION)","Albay","Ligao City",141,NA,120608,120749,50508000,118096,"050508000"
2023,500509000,"Region V (Bicol Region)","Albay","Malilipot","Region V  (BICOL REGION)","Albay","Malilipot",259,NA,24111,24370,50509000,40857,"050509000"
2023,500510000,"Region V (Bicol Region)","Albay","Malinao","Region V  (BICOL REGION)","Albay","Malinao",67,NA,3122,3189,50510000,47395,"050510000"
2023,500512000,"Region V (Bicol Region)","Albay","Oas","Region V  (BICOL REGION)","Albay","Oas",328,NA,36396,36724,50512000,66084,"050512000"
2023,500513000,"Region V (Bicol Region)","Albay","Pio Duran","Region V  (BICOL REGION)","Albay","Pio Duran",5,NA,37610,37615,50513000,49070,"050513000"
2023,500514000,"Region V (Bicol Region)","Albay","Polangui","Region V  (BICOL REGION)","Albay","Polangui",104,NA,7221,7325,50514000,89176,"050514000"
2023,500516000,"Region V (Bicol Region)","Albay","Santo Domingo","Region V  (BICOL REGION)","Albay","Sto. Domingo",264,NA,55508,55772,50516000,37765,"050516000"
2023,500517000,"Region V (Bicol Region)","Albay","Tabaco City","Region V  (BICOL REGION)","Albay","Tabaco City",117,NA,99467,99584,50517000,140961,"050517000"
2023,500518000,"Region V (Bicol Region)","Albay","Tiwi","Region V  (BICOL REGION)","Albay","Tiwi",22,NA,6098,6120,50518000,56444,"050518000"
2023,501602000,"Region V (Bicol Region)","Camarines Norte","Capalonga","Region V  (BICOL REGION)","Camarines Norte","Capalonga",138,NA,83317,83455,51602000,36223,"051602000"
2023,501603000,"Region V (Bicol Region)","Camarines Norte","Daet","Region V  (BICOL REGION)","Camarines Norte","Daet",453,235,464991,465679,51603000,111700,"051603000"
2023,501606000,"Region V (Bicol Region)","Camarines Norte","Labo","Region V  (BICOL REGION)","Camarines Norte","Labo",75,NA,71320,71395,51606000,109245,"051606000"
2023,501607000,"Region V (Bicol Region)","Camarines Norte","Mercedes","Region V  (BICOL REGION)","Camarines Norte","Mercedes",5,NA,165779,165784,51607000,55334,"051607000"
2023,501612000,"Region V (Bicol Region)","Camarines Norte","Vinzons","Region V  (BICOL REGION)","Camarines Norte","Vinzons",218,948,208991,210157,51612000,49042,"051612000"
2023,501702000,"Region V (Bicol Region)","Camarines Sur","Balatan","Region V  (BICOL REGION)","Camarines Sur","Balatan",33,NA,21464,21497,51702000,30669,"051702000"
2023,501708000,"Region V (Bicol Region)","Camarines Sur","Calabanga","Region V  (BICOL REGION)","Camarines Sur","Calabanga",31,NA,22007,22038,51708000,88906,"051708000"
2023,501710000,"Region V (Bicol Region)","Camarines Sur","Canaman","Region V  (BICOL REGION)","Camarines Sur","Canaman",182,NA,363,545,51710000,36205,"051710000"
2023,501711000,"Region V (Bicol Region)","Camarines Sur","Caramoan","Region V  (BICOL REGION)","Camarines Sur","Caramoan",8582,NA,47028,55610,51711000,51728,"051711000"
2023,501716000,"Region V (Bicol Region)","Camarines Sur","Iriga City","Region V  (BICOL REGION)","Camarines Sur","Iriga City",1275,NA,12944,14219,51716000,114457,"051716000"
2023,501718000,"Region V (Bicol Region)","Camarines Sur","Libmanan","Region V  (BICOL REGION)","Camarines Sur","Libmanan",27,NA,14502,14529,51718000,112994,"051718000"
2023,501723000,"Region V (Bicol Region)","Camarines Sur","Nabua","Region V  (BICOL REGION)","Camarines Sur","Nabua",5,NA,11894,11899,51723000,86490,"051723000"
2023,501724000,"Region V (Bicol Region)","Camarines Sur","Naga City","Region V  (BICOL REGION)","Camarines Sur","Naga City",51952,NA,982380,1034332,51724000,209170,"051724000"
2023,501728000,"Region V (Bicol Region)","Camarines Sur","Pili","Region V  (BICOL REGION)","Camarines Sur","Pili",441,120,77052,77613,51728000,99196,"051728000"
2023,502002000,"Region V (Bicol Region)","Catanduanes","Baras","Region V  (BICOL REGION)","Catanduanes","Baras",991,NA,16795,17786,52002000,13484,"052002000"
2023,502005000,"Region V (Bicol Region)","Catanduanes","Gigmoto","Region V  (BICOL REGION)","Catanduanes","Gigmoto",31,NA,174,205,52005000,8712,"052005000"
2023,502006000,"Region V (Bicol Region)","Catanduanes","Pandan","Region V  (BICOL REGION)","Catanduanes","Pandan",4,NA,5898,5902,52006000,21473,"052006000"
2023,502009000,"Region V (Bicol Region)","Catanduanes","San Miguel","Region V  (BICOL REGION)","Catanduanes","San Miguel",1,NA,489,490,52009000,15680,"052009000"
2023,502011000,"Region V (Bicol Region)","Catanduanes","Virac","Region V  (BICOL REGION)","Catanduanes","Virac",386,NA,94697,95083,52011000,76520,"052011000"
2023,504103000,"Region V (Bicol Region)","Masbate","Balud","Region V  (BICOL REGION)","Masbate","Balud",112,NA,54795,54907,54103000,40155,"054103000"
2023,504104000,"Region V (Bicol Region)","Masbate","Batuan","Region V  (BICOL REGION)","Masbate","Batuan",103,NA,1490,1593,54104000,14610,"054104000"
2023,504111000,"Region V (Bicol Region)","Masbate","Masbate City","Region V  (BICOL REGION)","Masbate","Masbate City",720,NA,77285,78005,54111000,104522,"054111000"
2023,504113000,"Region V (Bicol Region)","Masbate","Mobo","Region V  (BICOL REGION)","Masbate","Mobo",138,NA,460,598,54113000,40823,"054113000"
2023,504117000,"Region V (Bicol Region)","Masbate","Placer","Region V  (BICOL REGION)","Masbate","Placer",15,NA,5324,5339,54117000,56340,"054117000"
2023,504119000,"Region V (Bicol Region)","Masbate","San Jacinto","Region V  (BICOL REGION)","Masbate","San Jacinto",88,NA,1116,1204,54119000,29686,"054119000"
2023,504120000,"Region V (Bicol Region)","Masbate","San Pascual","Region V  (BICOL REGION)","Masbate","San Pascual",27,NA,13994,14021,54120000,44449,"054120000"
2023,506203000,"Region V (Bicol Region)","Sorsogon","Bulan","Region V  (BICOL REGION)","Sorsogon Province","Bulan",67,NA,18963,19030,56203000,105190,"056203000"
2023,506204000,"Region V (Bicol Region)","Sorsogon","Bulusan","Region V  (BICOL REGION)","Sorsogon Province","Bulusan",6,NA,1412,1418,56204000,23932,"056204000"
2023,506208000,"Region V (Bicol Region)","Sorsogon","Gubat","Region V  (BICOL REGION)","Sorsogon Province","Gubat",2,NA,1215,1217,56208000,60294,"056208000"
2023,506208000,"Region V (Bicol Region)","Sorsogon","Gubat","Region V  (BICOL REGION)","Sorsogon Province","Jubat",17,NA,339,356,56208000,60294,"056208000"
2023,506211000,"Region V (Bicol Region)","Sorsogon","Magallanes","Region V  (BICOL REGION)","Sorsogon Province","Magallanes",23,NA,365,388,56211000,37411,"056211000"
2023,506212000,"Region V (Bicol Region)","Sorsogon","Matnog","Region V  (BICOL REGION)","Sorsogon Province","Matnog",2,NA,1283,1285,56212000,41989,"056212000"
2023,506215000,"Region V (Bicol Region)","Sorsogon","Santa Magdalena","Region V  (BICOL REGION)","Sorsogon Province","Santa Magdalena",5,NA,4407,4412,56215000,17096,"056215000"
2023,506216000,"Region V (Bicol Region)","Sorsogon","Sorsogon City","Region V  (BICOL REGION)","Sorsogon Province","Sorsogon City",1582,NA,180717,182299,56216000,182237,"056216000"
2023,600407000,"Region VI (Western Visayas)","Aklan","Kalibo","Region VI  (WESTERN VISAYAS)","Aklan","Kalibo",6503,40,73176,79719,60407000,89127,"060407000"
2023,600412000,"Region VI (Western Visayas)","Aklan","Malay","Region VI  (WESTERN VISAYAS)","Aklan","Malay",422201,39196,1659022,2120419,60412000,60077,"060412000"
2023,600601000,"Region VI (Western Visayas)","Antique","Anini-Y","Region VI  (WESTERN VISAYAS)","Antique","Aniniy",44,NA,7880,7924,60601000,22018,"060601000"
2023,600605000,"Region VI (Western Visayas)","Antique","Caluya","Region VI  (WESTERN VISAYAS)","Antique","Caluya",53,NA,14497,14550,60605000,38908,"060605000"
2023,600606000,"Region VI (Western Visayas)","Antique","Culasi","Region VI  (WESTERN VISAYAS)","Antique","Culasi",489,NA,9007,9496,60606000,44494,"060606000"
2023,600610000,"Region VI (Western Visayas)","Antique","Libertad","Region VI  (WESTERN VISAYAS)","Antique","Libertad",15,NA,3557,3572,60610000,17507,"060610000"
2023,600611000,"Region VI (Western Visayas)","Antique","Pandan","Region VI  (WESTERN VISAYAS)","Antique","Pandan",1913,NA,19855,21768,60611000,35965,"060611000"
2023,600613000,"Region VI (Western Visayas)","Antique","San Jose","Region VI  (WESTERN VISAYAS)","Antique","San Jose",27,NA,56312,56339,60613000,65140,"060613000"
2023,600617000,"Region VI (Western Visayas)","Antique","Tibiao","Region VI  (WESTERN VISAYAS)","Antique","Tibiao",743,NA,7139,7882,60617000,28703,"060617000"
2023,601904000,"Region VI (Western Visayas)","Capiz","Dumarao","Region VI  (WESTERN VISAYAS)","Capiz","Dumarao",56,10,10939,2005,61904000,49506,"061904000"
2023,601911000,"Region VI (Western Visayas)","Capiz","Pilar","Region VI  (WESTERN VISAYAS)","Capiz","Pilar",47,NA,6213,6260,61911000,47100,"061911000"
2023,601914000,"Region VI (Western Visayas)","Capiz","Roxas City","Region VI  (WESTERN VISAYAS)","Capiz","Roxas City",2243,2730,147132,152105,61914000,179292,"061914000"
2023,601916000,"Region VI (Western Visayas)","Capiz","Sigma","Region VI  (WESTERN VISAYAS)","Capiz","Sigma",7,NA,2844,2851,61916000,31688,"061916000"
2023,603007000,"Region VI (Western Visayas)","Iloilo","Barotac Nuevo","Region VI  (WESTERN VISAYAS)","Iloilo","Barotac Nuevo",29,10,30222,3261,63007000,58176,"063007000"
2023,603008000,"Region VI (Western Visayas)","Iloilo","Barotac Viejo","Region VI  (WESTERN VISAYAS)","Iloilo","Barotac Viejo",11,NA,727,738,63008000,48614,"063008000"
2023,603013000,"Region VI (Western Visayas)","Iloilo","Calinog","Region VI  (WESTERN VISAYAS)","Iloilo","Calinog",40,NA,499,539,63013000,62853,"063013000"
2023,603014000,"Region VI (Western Visayas)","Iloilo","Carles","Region VI  (WESTERN VISAYAS)","Iloilo","Carles",6245,7344,57001,70590,63014000,72637,"063014000"
2023,603015000,"Region VI (Western Visayas)","Iloilo","Concepcion","Region VI  (WESTERN VISAYAS)","Iloilo","Concepcion",212,9,150106,15327,63015000,44633,"063015000"
2023,603017000,"Region VI (Western Visayas)","Iloilo","Dueñas","Region VI  (WESTERN VISAYAS)","Iloilo","Duenas",746,298,5723,6767,63017000,34597,"063017000"
2023,603018000,"Region VI (Western Visayas)","Iloilo","Dumangas","Region VI  (WESTERN VISAYAS)","Iloilo","Dumangas",10,NA,3104,3114,63018000,73899,"063018000"
2023,603019000,"Region VI (Western Visayas)","Iloilo","Estancia","Region VI  (WESTERN VISAYAS)","Iloilo","Estancia",4433,13,31428,35874,63019000,53200,"063019000"
2023,603020000,"Region VI (Western Visayas)","Iloilo","Guimbal","Region VI  (WESTERN VISAYAS)","Iloilo","Guimbal",16,NA,25942,25958,63020000,35022,"063020000"
2023,603021000,"Region VI (Western Visayas)","Iloilo","Igbaras","Region VI  (WESTERN VISAYAS)","Iloilo","Igbaras",15,3,10365,1383,63021000,32197,"063021000"
2023,603023000,"Region VI (Western Visayas)","Iloilo","Janiuay","Region VI  (WESTERN VISAYAS)","Iloilo","Janiuay",208,145,10205,10558,63023000,66786,"063023000"
2023,603028000,"Region VI (Western Visayas)","Iloilo","Leon","Region VI  (WESTERN VISAYAS)","Iloilo","Leon",4,NA,4098,4102,63028000,51990,"063028000"
2023,603031000,"Region VI (Western Visayas)","Iloilo","Mina","Region VI  (WESTERN VISAYAS)","Iloilo","Mina",33,NA,154,187,63031000,24042,"063031000"
2023,603032000,"Region VI (Western Visayas)","Iloilo","New Lucena","Region VI  (WESTERN VISAYAS)","Iloilo","New Lucena",33,78,5319,5430,63032000,24314,"063032000"
2023,603034000,"Region VI (Western Visayas)","Iloilo","Oton","Region VI  (WESTERN VISAYAS)","Iloilo","Oton",353,NA,4796,5149,63034000,98509,"063034000"
2023,603035000,"Region VI (Western Visayas)","Iloilo","Passi City","Region VI  (WESTERN VISAYAS)","Iloilo","Passi",205,31,19637,19873,63035000,88873,"063035000"
2023,603036000,"Region VI (Western Visayas)","Iloilo","Pavia","Region VI  (WESTERN VISAYAS)","Iloilo","Pavia",229,NA,1301,1530,63036000,70388,"063036000"
2023,603040000,"Region VI (Western Visayas)","Iloilo","San Joaquin","Region VI  (WESTERN VISAYAS)","Iloilo","San Joaquin",135,112,18060,18307,63040000,52617,"063040000"
2023,603041000,"Region VI (Western Visayas)","Iloilo","San Miguel","Region VI  (WESTERN VISAYAS)","Iloilo","San Miguel",817,40,13328,14185,63041000,30115,"063041000"
2023,603043000,"Region VI (Western Visayas)","Iloilo","Santa Barbara","Region VI  (WESTERN VISAYAS)","Iloilo","Santa Barbara",61,NA,5239,5300,63043000,67630,"063043000"
2023,603044000,"Region VI (Western Visayas)","Iloilo","Sara","Region VI  (WESTERN VISAYAS)","Iloilo","Sara",53,NA,3008,3061,63044000,54637,"063044000"
2023,603045000,"Region VI (Western Visayas)","Iloilo","Tigbauan","Region VI  (WESTERN VISAYAS)","Iloilo","Tigbauan",87,NA,22679,22766,63045000,65245,"063045000"
2023,603046000,"Region VI (Western Visayas)","Iloilo","Tubungan","Region VI  (WESTERN VISAYAS)","Iloilo","Tubungan",5,NA,574,579,63046000,23021,"063046000"
2023,607902000,"Region VI (Western Visayas)","Guimaras","Jordan","Region VI  (WESTERN VISAYAS)","Guimaras","Jordan",42,NA,16371,16413,67902000,39566,"067902000"
2023,607903000,"Region VI (Western Visayas)","Guimaras","Nueva Valencia","Region VI  (WESTERN VISAYAS)","Guimaras","Nueva Valencia",926,NA,97354,98280,67903000,42771,"067903000"
2023,607904000,"Region VI (Western Visayas)","Guimaras","San Lorenzo","Region VI  (WESTERN VISAYAS)","Guimaras","San Lorenzo",84,NA,10268,10352,67904000,29444,"067904000"
2023,607905000,"Region VI (Western Visayas)","Guimaras","Sibunag","Region VI  (WESTERN VISAYAS)","Guimaras","Sibunag",20,NA,1154,1174,67905000,23162,"067905000"
2023,631000000,"Region VI (Western Visayas)","Iloilo","Iloilo City","Region VI  (WESTERN VISAYAS)","Iloilo","Iloilo City",33952,377,851954,886283,63022000,457626,"063022000"
2023,701201000,"Region VII (Central Visayas)","Bohol","Alburquerque","Region VII (CENTRAL VISAYAS)","Bohol","Alburquerque",137,NA,1527,1664,71201000,11246,"071201000"
2023,701203000,"Region VII (Central Visayas)","Bohol","Anda","Region VII (CENTRAL VISAYAS)","Bohol","Anda",7906,NA,24178,32084,71203000,17778,"071203000"
2023,701205000,"Region VII (Central Visayas)","Bohol","Baclayon","Region VII (CENTRAL VISAYAS)","Bohol","Baclayon",705,NA,201,906,71205000,22461,"071205000"
2023,701207000,"Region VII (Central Visayas)","Bohol","Batuan","Region VII (CENTRAL VISAYAS)","Bohol","Batuan",2341,NA,265,2606,71207000,13845,"071207000"
2023,701210000,"Region VII (Central Visayas)","Bohol","Calape","Region VII (CENTRAL VISAYAS)","Bohol","Calape",281,15,6269,6565,71210000,33079,"071210000"
2023,701211000,"Region VII (Central Visayas)","Bohol","Candijay","Region VII (CENTRAL VISAYAS)","Bohol","Candijay",49,NA,2153,2202,71211000,30119,"071211000"
2023,701212000,"Region VII (Central Visayas)","Bohol","Carmen","Region VII (CENTRAL VISAYAS)","Bohol","Carmen",3115,NA,4688,7803,71212000,49191,"071212000"
2023,701218000,"Region VII (Central Visayas)","Bohol","Danao","Region VII (CENTRAL VISAYAS)","Bohol","Danao",150,NA,1094,1244,71218000,20245,"071218000"
2023,701219000,"Region VII (Central Visayas)","Bohol","Dauis","Region VII (CENTRAL VISAYAS)","Bohol","Dauis",9785,NA,18547,28332,71219000,52492,"071219000"
2023,701220000,"Region VII (Central Visayas)","Bohol","Dimiao","Region VII (CENTRAL VISAYAS)","Bohol","Dimiao",185,NA,335,520,71220000,14889,"071220000"
2023,701223000,"Region VII (Central Visayas)","Bohol","Guindulman","Region VII (CENTRAL VISAYAS)","Bohol","Guindulman",53,NA,606,659,71223000,34104,"071223000"
2023,701225000,"Region VII (Central Visayas)","Bohol","Jagna","Region VII (CENTRAL VISAYAS)","Bohol","Jagna",259,NA,12145,12404,71225000,35832,"071225000"
2023,701228000,"Region VII (Central Visayas)","Bohol","Loay","Region VII (CENTRAL VISAYAS)","Bohol","Loay",10,NA,558,568,71228000,17855,"071228000"
2023,701229000,"Region VII (Central Visayas)","Bohol","Loboc","Region VII (CENTRAL VISAYAS)","Bohol","Loboc",2142,NA,3575,5717,71229000,17418,"071229000"
2023,701230000,"Region VII (Central Visayas)","Bohol","Loon","Region VII (CENTRAL VISAYAS)","Bohol","Loon",574,NA,2436,3010,71230000,44224,"071230000"
2023,701231000,"Region VII (Central Visayas)","Bohol","Mabini","Region VII (CENTRAL VISAYAS)","Bohol","Mabini",23,NA,457,480,71231000,28701,"071231000"
2023,701233000,"Region VII (Central Visayas)","Bohol","Panglao","Region VII (CENTRAL VISAYAS)","Bohol","Panglao",289817,424,413131,703372,71233000,39839,"071233000"
2023,701242000,"Region VII (Central Visayas)","Bohol","Tagbilaran City","Region VII (CENTRAL VISAYAS)","Bohol","Tagbilaran",6939,41,137826,144806,71242000,104976,"071242000"
2023,701243000,"Region VII (Central Visayas)","Bohol","Talibon","Region VII (CENTRAL VISAYAS)","Bohol","Talibon",54,NA,15203,15257,71243000,71272,"071243000"
2023,701244000,"Region VII (Central Visayas)","Bohol","Trinidad","Region VII (CENTRAL VISAYAS)","Bohol","Trinidad",101,NA,2600,2701,71244000,35119,"071244000"
2023,701245000,"Region VII (Central Visayas)","Bohol","Tubigon","Region VII (CENTRAL VISAYAS)","Bohol","Tubigon",107,NA,12764,12871,71245000,47886,"071245000"
2023,701246000,"Region VII (Central Visayas)","Bohol","Ubay","Region VII (CENTRAL VISAYAS)","Bohol","Ubay",757,NA,18818,19575,71246000,81799,"071246000"
2023,701248000,"Region VII (Central Visayas)","Bohol","Bien Unido","Region VII (CENTRAL VISAYAS)","Bohol","Bien Unido",9,NA,903,912,71248000,26666,"071248000"
2023,702201000,"Region VII (Central Visayas)","Cebu","Alcantara","Region VII (CENTRAL VISAYAS)","Cebu","Alcantara",27,NA,34,61,72201000,16910,"072201000"
2023,702203000,"Region VII (Central Visayas)","Cebu","Alegria","Region VII (CENTRAL VISAYAS)","Cebu","Alegria",191,NA,1828,2019,72203000,25620,"072203000"
2023,702204000,"Region VII (Central Visayas)","Cebu","Aloguinsan","Region VII (CENTRAL VISAYAS)","Cebu","Aloguinsan",20,NA,7701,7721,72204000,34466,"072204000"
2023,702205000,"Region VII (Central Visayas)","Cebu","Argao","Region VII (CENTRAL VISAYAS)","Cebu","Argao",190,NA,5620,5810,72205000,78187,"072205000"
2023,702206000,"Region VII (Central Visayas)","Cebu","Asturias","Region VII (CENTRAL VISAYAS)","Cebu","Asturias",19,NA,10355,10374,72206000,55397,"072206000"
2023,702207000,"Region VII (Central Visayas)","Cebu","Badian","Region VII (CENTRAL VISAYAS)","Cebu","Badian",3695,NA,25132,28827,72207000,43735,"072207000"
2023,702208000,"Region VII (Central Visayas)","Cebu","Balamban","Region VII (CENTRAL VISAYAS)","Cebu","Balamban",489,NA,13534,14023,72208000,95136,"072208000"
2023,702210000,"Region VII (Central Visayas)","Cebu","Barili","Region VII (CENTRAL VISAYAS)","Cebu","Barili",1656,NA,10873,12529,72210000,80715,"072210000"
2023,702211000,"Region VII (Central Visayas)","Cebu","Bogo City","Region VII (CENTRAL VISAYAS)","Cebu","Bogo City",1003,NA,45525,46528,72211000,88867,"072211000"
2023,702212000,"Region VII (Central Visayas)","Cebu","Boljoon","Region VII (CENTRAL VISAYAS)","Cebu","Boljoon",357,NA,4978,5335,72212000,17525,"072212000"
2023,702220000,"Region VII (Central Visayas)","Cebu","Cordova","Region VII (CENTRAL VISAYAS)","Cebu","Cordova",46822,2212,21310,70344,72220000,70595,"072220000"
2023,702224000,"Region VII (Central Visayas)","Cebu","Dumanjug","Region VII (CENTRAL VISAYAS)","Cebu","Dumanjug",1896,14,8307,10217,72224000,57823,"072224000"
2023,702229000,"Region VII (Central Visayas)","Cebu","Malabuyoc","Region VII (CENTRAL VISAYAS)","Cebu","Malabuyoc",375,17,894,1286,72229000,19770,"072229000"
2023,702233000,"Region VII (Central Visayas)","Cebu","Moalboal","Region VII (CENTRAL VISAYAS)","Cebu","Moalboal",80249,67,75764,156080,72233000,36930,"072233000"
2023,730600000,"Region VII (Central Visayas)","Cebu","Cebu City","Region VII (CENTRAL VISAYAS)","Cebu","Cebu City",401179,1018,1147081,1549278,72217000,964169,"072217000"
2023,731100000,"Region VII (Central Visayas)","Cebu","Lapu-Lapu City","Region VII (CENTRAL VISAYAS)","Cebu","Lapulapu City",714708,NA,359074,1073782,72226000,497604,"072226000"
2023,731300000,"Region VII (Central Visayas)","Cebu","Mandaue City","Region VII (CENTRAL VISAYAS)","Cebu","Mandaue City",107335,NA,287571,394906,72230000,364116,"072230000"
2023,802609000,"Region VIII (Eastern Visayas)","Eastern Samar","Guiuan","Region VIII (EASTERN VISAYAS)","Eastern Samar","Guiuan",128,NA,5481,5609,82609000,53361,"082609000"
2023,802623000,"Region VIII (Eastern Visayas)","Eastern Samar","Taft","Region VIII (EASTERN VISAYAS)","Eastern Samar","Taft",25,NA,3251,3276,82623000,18786,"082623000"
2023,803708000,"Region VIII (Eastern Visayas)","Leyte","Baybay City","Region VIII (EASTERN VISAYAS)","Leyte","Baybay City",1823,NA,37176,38999,83708000,111848,"083708000"
2023,803734000,"Region VIII (Eastern Visayas)","Leyte","Matalom","Region VIII (EASTERN VISAYAS)","Leyte","Matalom",240,NA,53849,54089,83734000,32586,"083734000"
2023,803738000,"Region VIII (Eastern Visayas)","Leyte","Ormoc City","Region VIII (EASTERN VISAYAS)","Leyte","Ormoc City",5633,NA,68207,73840,83738000,230998,"083738000"
2023,803743000,"Region VIII (Eastern Visayas)","Leyte","San Miguel","Region VIII (EASTERN VISAYAS)","Leyte","San Miguel",213,NA,3652,3865,83743000,19753,"083743000"
2023,803751000,"Region VIII (Eastern Visayas)","Leyte","Villaba","Region VIII (EASTERN VISAYAS)","Leyte","Villaba",85,NA,904,989,83751000,42859,"083751000"
2023,804801000,"Region VIII (Eastern Visayas)","Northern Samar","Allen","Region VIII (EASTERN VISAYAS)","Northern Samar","Allen",11,NA,27493,27504,84801000,25228,"084801000"
2023,804805000,"Region VIII (Eastern Visayas)","Northern Samar","Catarman","Region VIII (EASTERN VISAYAS)","Northern Samar","Catarman",416,NA,64231,64647,84805000,97879,"084805000"
2023,804809000,"Region VIII (Eastern Visayas)","Northern Samar","Lapinig","Region VIII (EASTERN VISAYAS)","Northern Samar","Lapinig",9,NA,620,629,84809000,11844,"084809000"
2023,806003000,"Region VIII (Eastern Visayas)","Samar","Calbayog City","Region VIII (EASTERN VISAYAS)","Samar","Calbayog City",3076,NA,166299,169375,86003000,186960,"086003000"
2023,806005000,"Region VIII (Eastern Visayas)","Samar","Catbalogan City","Region VIII (EASTERN VISAYAS)","Samar","Catbalogan",271,NA,100042,100313,86005000,106440,"086005000"
2023,806404000,"Region VIII (Eastern Visayas)","Southern Leyte","Hinundayan","Region VIII (EASTERN VISAYAS)","Southern Leyte","Hinundayan",289,NA,5499,5788,86404000,12398,"086404000"
2023,806405000,"Region VIII (Eastern Visayas)","Southern Leyte","Libagon","Region VIII (EASTERN VISAYAS)","Southern Leyte","Libagon",102,NA,8008,8110,86405000,15244,"086405000"
2023,806406000,"Region VIII (Eastern Visayas)","Southern Leyte","Liloan","Region VIII (EASTERN VISAYAS)","Southern Leyte","Liloan",38,NA,9653,9691,86406000,24800,"086406000"
2023,806407000,"Region VIII (Eastern Visayas)","Southern Leyte","Maasin City","Region VIII (EASTERN VISAYAS)","Southern Leyte","Maasin City",108,NA,42062,42170,86407000,87446,"086407000"
2023,806408000,"Region VIII (Eastern Visayas)","Southern Leyte","Macrohon","Region VIII (EASTERN VISAYAS)","Southern Leyte","Macrohon",57,NA,7336,7393,86408000,26580,"086408000"
2023,806409000,"Region VIII (Eastern Visayas)","Southern Leyte","Malitbog","Region VIII (EASTERN VISAYAS)","Southern Leyte","Malitbog",2008,NA,96730,98738,86409000,23256,"086409000"
2023,806410000,"Region VIII (Eastern Visayas)","Southern Leyte","Padre Burgos","Region VIII (EASTERN VISAYAS)","Southern Leyte","Padre Burgos",646,NA,4637,5283,86410000,11159,"086410000"
2023,806411000,"Region VIII (Eastern Visayas)","Southern Leyte","Pintuyan","Region VIII (EASTERN VISAYAS)","Southern Leyte","Pintuyan",289,NA,12873,13162,86411000,10202,"086411000"
2023,807803000,"Region VIII (Eastern Visayas)","Biliran","Cabucgayan","Region VIII (EASTERN VISAYAS)","Biliran","Cabucgayan",84,NA,558,642,87803000,21542,"087803000"
2023,807804000,"Region VIII (Eastern Visayas)","Biliran","Caibiran","Region VIII (EASTERN VISAYAS)","Biliran","Caibiran",52,NA,1050,1102,87804000,24167,"087804000"
2023,807808000,"Region VIII (Eastern Visayas)","Biliran","Naval","Region VIII (EASTERN VISAYAS)","Biliran","Naval",1412,NA,20598,22010,87808000,58187,"087808000"
2023,831600000,"Region VIII (Eastern Visayas)","Leyte","Tacloban City","Region VIII (EASTERN VISAYAS)","Leyte","Tacloban City",9204,826,389494,399524,83747000,251881,"083747000"
2023,907200000,"Region IX (Zamboanga Peninsula)","Zamboanga del Norte","Zamboanga del Norte","Region IX (ZAMBOANGA PENINSULA)","Zamboanga del Norte","",11119,17,402982,414118,97200000,1047455,"097200000"
2023,907200000,"Region IX (Zamboanga Peninsula)","Zamboanga del Norte","Zamboanga del Norte","Region IX (ZAMBOANGA PENINSULA)","Zamboanga del Sur","",106,67,84645,84818,97200000,1047455,"097200000"
2023,907201000,"Region IX (Zamboanga Peninsula)","Zamboanga del Norte","Dapitan City","Region IX (ZAMBOANGA PENINSULA)","Zamboanga del Norte","Dapitan City",379,NA,91214,91593,97201000,85202,"097201000"
2023,907202000,"Region IX (Zamboanga Peninsula)","Zamboanga del Norte","Dipolog City","Region IX (ZAMBOANGA PENINSULA)","Zamboanga del Norte","Dipolog City",10461,9,229531,240001,97202000,138141,"097202000"
2023,907322000,"Region IX (Zamboanga Peninsula)","Zamboanga del Sur","Pagadian City","Region IX (ZAMBOANGA PENINSULA)","Zamboanga del Sur","Pagadian City",102,NA,52159,52261,97322000,210452,"097322000"
2023,908300000,"Region IX (Zamboanga Peninsula)","Zamboanga Sibugay","Zamboanga Sibugay","Region IX (ZAMBOANGA PENINSULA)","Zamboanga Sibugay","",65,NA,8612,8677,98300000,669840,"098300000"
2023,931700000,"Region IX (Zamboanga Peninsula)","Zamboanga del Sur","Zamboanga City","Region IX (ZAMBOANGA PENINSULA)","Zamboanga del Sur","Zamboanga City",2114,NA,681348,683462,97332000,977234,"097332000"
2023,990101000,"Region IX (Zamboanga Peninsula)","(Basilan)","Isabela City","Region IX (ZAMBOANGA PENINSULA)","(Basilan)","Isabela City de Basilan",8,NA,101230,101238,99701000,130379,"099701000"
2023,1001300000,"Region X (Northern Mindanao)","Bukidnon","Bukidnon","Region X (NORTHERN MINDANAO)","Bukidnon","",1745,NA,527927,529672,101300000,1541308,"101300000"
2023,1001312000,"Region X (Northern Mindanao)","Bukidnon","Malaybalay City","Region X (NORTHERN MINDANAO)","Bukidnon","Malaybalay City",1084,NA,142618,143702,101312000,190712,"101312000"
2023,1001321000,"Region X (Northern Mindanao)","Bukidnon","Valencia City","Region X (NORTHERN MINDANAO)","Bukidnon","Valencia City",236,NA,159409,159645,101321000,216546,"101321000"
2023,1001800000,"Region X (Northern Mindanao)","Camiguin","Camiguin","Region X (NORTHERN MINDANAO)","Camiguin","",12828,NA,246182,259010,101800000,92808,"101800000"
2023,1003500000,"Region X (Northern Mindanao)","Lanao del Norte","Lanao del Norte","Region X (NORTHERN MINDANAO)","Lanao del Norte","",407,NA,59536,59943,103500000,722902,"103500000"
2023,1004200000,"Region X (Northern Mindanao)","Misamis Occidental","Misamis Occidental","Region X (NORTHERN MINDANAO)","Misamis Occidental","",787,NA,206212,206999,104200000,617333,"104200000"
2023,1004200000,"Region X (Northern Mindanao)","Misamis Occidental","Misamis Occidental","Region X (NORTHERN MINDANAO)","Misamis Oriental","",2354,NA,349483,351837,104200000,617333,"104200000"
2023,1004209000,"Region X (Northern Mindanao)","Misamis Occidental","Oroquieta City","Region X (NORTHERN MINDANAO)","Misamis Occidental","Oroquieta City",30,NA,8330,8360,104209000,72301,"104209000"
2023,1004210000,"Region X (Northern Mindanao)","Misamis Occidental","Ozamiz City","Region X (NORTHERN MINDANAO)","Misamis Occidental","Ozamis City",682,NA,163387,164069,104210000,140334,"104210000"
2023,1004215000,"Region X (Northern Mindanao)","Misamis Occidental","Tangub City","Region X (NORTHERN MINDANAO)","Misamis Occidental","Tangub City",39,NA,15079,15118,104215000,68389,"104215000"
2023,1004308000,"Region X (Northern Mindanao)","Misamis Oriental","Gingoog City","Region X (NORTHERN MINDANAO)","Misamis Oriental","Gingoog City",389,NA,143779,144168,104308000,136698,"104308000"
2023,1030500000,"Region X (Northern Mindanao)","Misamis Oriental","Cagayan De Oro City","Region X (NORTHERN MINDANAO)","Misamis Oriental","Cagayan de Oro City",19607,8,774622,794237,104305000,728402,"104305000"
2023,1030900000,"Region X (Northern Mindanao)","Lanao del Norte","Iligan City","Region X (NORTHERN MINDANAO)","Lanao del Norte","Iligan City",1056,12,393104,394172,103504000,363115,"103504000"
2023,1102300000,"Region XI (Davao Region)","Davao del Norte","Davao del Norte","Region XI  (DAVAO REGION)","Davao Del Norte","",2045,NA,368642,370687,112300000,1125057,"112300000"
2023,1102300000,"Region XI (Davao Region)","Davao del Norte","Davao del Norte","Region XI  (DAVAO REGION)","Davao del Sur","",14732,NA,206887,221619,112300000,1125057,"112300000"
2023,1102500000,"Region XI (Davao Region)","Davao Oriental","Davao Oriental","Region XI  (DAVAO REGION)","Davao Occcidental","",1,NA,32374,32375,112500000,576343,"112500000"
2023,1102500000,"Region XI (Davao Region)","Davao Oriental","Davao Oriental","Region XI  (DAVAO REGION)","Davao Oriental","",1705,NA,785079,786784,112500000,576343,"112500000"
2023,1108200000,"Region XI (Davao Region)","Davao de Oro","Davao de Oro","Region XI  (DAVAO REGION)","Davao De Oro (ComVal)","",3146,NA,521439,524585,118200000,767547,"118200000"
2023,1130700000,"Region XI (Davao Region)","Davao del Sur","Davao City","Region XI  (DAVAO REGION)","Davao del Sur","Davao City",71386,10459,1210140,1291985,112402000,1776949,"112402000"
2023,1204700000,"Region XII (SOCCSKSARGEN)","Cotabato","Cotabato","Region XII  (SOCCSSARGEN)","Cotabato","",2,2,233120,233124,124700000,1275185,"124700000"
2023,1206300000,"Region XII (SOCCSKSARGEN)","South Cotabato","South Cotabato","Region XII  (SOCCSSARGEN)","South Cotabato","",892,NA,392862,393754,126300000,975476,"126300000"
2023,1206306000,"Region XII (SOCCSKSARGEN)","South Cotabato","Koronadal City","Region XII  (SOCCSSARGEN)","South Cotabato","Koronadal City",361,NA,238628,238989,126306000,195398,"126306000"
2023,1208000000,"Region XII (SOCCSKSARGEN)","Sarangani","Sarangani","Region XII  (SOCCSSARGEN)","Sarangani","",36,NA,309111,309147,128000000,558946,"128000000"
2023,1230800000,"Region XII (SOCCSKSARGEN)","South Cotabato","General Santos City","Region XII  (SOCCSSARGEN)","South Cotabato","General Santos City",4783,NA,596714,601497,126303000,697315,"126303000"
2023,1380200000,"National Capital Region (NCR)","Las Piñas City","Las Piñas City","National Capital Region (NCR)","Las Piñas City","Las Piñas City",596,NA,83682,84278,137601000,606293,"137601000"
2023,1380300000,"National Capital Region (NCR)","Makati City","Makati City","National Capital Region (NCR)","Makati City","Makati City",379835,3862,631713,1015410,137602000,629616,"137602000"
2023,1380500000,"National Capital Region (NCR)","Mandaluyong City","Mandaluyong City","National Capital Region (NCR)","Mandaluyong City","Mandaluyong City",63464,NA,116203,179667,137401000,425758,"137401000"
2023,1380600000,"National Capital Region (NCR)","Manila City","Manila City","National Capital Region (NCR)","Manila City","Manila City",269708,747,676488,946943,133900000,1846513,"133900000"
2023,1380800000,"National Capital Region (NCR)","Muntinlupa City","Muntinlupa City","National Capital Region (NCR)","Muntinlupa City","Muntinlupa City",124650,69,277372,402091,137603000,543445,"137603000"
2023,1381000000,"National Capital Region (NCR)","Parañaque City","Parañaque City","National Capital Region (NCR)","Parañaque City","Parañaque City",399674,53,689334,1089061,137604000,689992,"137604000"
2023,1381100000,"National Capital Region (NCR)","Pasay City","Pasay City","National Capital Region (NCR)","Pasay City","Pasay City",353536,75,612180,965791,137605000,440656,"137605000"
2023,1381200000,"National Capital Region (NCR)","Pasig City","Pasig City","National Capital Region (NCR)","Pasig City","Pasig City",146744,NA,288579,435323,137403000,803159,"137403000"
2023,1381300000,"National Capital Region (NCR)","Quezon City","Quezon City","National Capital Region (NCR)","Quezon City","Quezon City",316541,438,1103425,1420404,137404000,2960048,"137404000"
2023,1381400000,"National Capital Region (NCR)","San Juan City","San Juan City","National Capital Region (NCR)","San Juan City","San Juan City",3752,NA,26868,30620,137405000,126347,"137405000"
2023,1381500000,"National Capital Region (NCR)","Taguig City","Taguig City","National Capital Region (NCR)","Taguig City","Taguig City",292756,NA,109034,401790,137607000,886722,"137607000"
2023,1381600000,"National Capital Region (NCR)","Valenzuela City","Valenzuela City","National Capital Region (NCR)","Valenzuela City","Valenzuela City",3813,583,41235,45631,137504000,714978,"137504000"
2023,1401100000,"Cordillera Administrative Region (CAR)","Benguet","Benguet","Cordillera Administrative Region (CAR)","Benguet","",498,56,66279,66833,141100000,460683,"141100000"
2023,1402700000,"Cordillera Administrative Region (CAR)","Ifugao","Ifugao","Cordillera Administrative Region (CAR)","Ifugao","",14557,357,27879,42793,142700000,207498,"142700000"
2023,1403200000,"Cordillera Administrative Region (CAR)","Kalinga","Kalinga","Cordillera Administrative Region (CAR)","Kalinga","",1483,362,116627,118472,143200000,229570,"143200000"
2023,1404400000,"Cordillera Administrative Region (CAR)","Mountain Province","Mountain Province","Cordillera Administrative Region (CAR)","Mountain Province","",4808,NA,137411,142219,144400000,158200,"144400000"
2023,1430300000,"Cordillera Administrative Region (CAR)","Benguet","Baguio City","Cordillera Administrative Region (CAR)","Benguet","Baguio City",8475,NA,1301455,1309930,141102000,366358,"141102000"
2023,1600200000,"Region XIII (Caraga)","Agusan del Norte","Agusan del Norte","Region XIII (CARAGA)","Agusan del Norte","",236,NA,150505,150741,160200000,387503,"160200000"
2023,1600200000,"Region XIII (Caraga)","Agusan del Norte","Agusan del Norte","Region XIII (CARAGA)","Agusan del Sur","",349,NA,102969,103318,160200000,387503,"160200000"
2023,1600200000,"Region XIII (Caraga)","Agusan del Norte","Agusan del Norte","Region XIII (CARAGA)","Surigao del Norte","",56416,NA,648155,704571,160200000,387503,"160200000"
2023,1600203000,"Region XIII (Caraga)","Agusan del Norte","Cabadbaran City","Region XIII (CARAGA)","Agusan del Norte","Cabadbaran City",236,NA,39591,39827,160203000,80354,"160203000"
2023,1600300000,"Region XIII (Caraga)","Agusan del Sur","Agusan del Sur","Region XIII (CARAGA)","Surigao del Sur","",1143,NA,278007,279150,160300000,739367,"160300000"
2023,1600301000,"Region XIII (Caraga)","Agusan del Sur","Bayugan City","Region XIII (CARAGA)","Agusan del Sur","Bayugan",129,NA,28922,29051,160301000,109499,"160301000"
2023,1606710000,"Region XIII (Caraga)","Surigao del Norte","General Luna","Region XIII (CARAGA)","Surigao del Norte","General Luna",53748,NA,476074,529822,166710000,22853,"166710000"
2023,1606724000,"Region XIII (Caraga)","Surigao del Norte","Surigao City","Region XIII (CARAGA)","Surigao del Norte","Surigao City",2668,NA,167689,170357,166724000,171107,"166724000"
2023,1606803000,"Region XIII (Caraga)","Surigao del Sur","Bislig City","Region XIII (CARAGA)","Surigao del Sur","Bislig City",402,NA,48703,49105,166803000,99290,"166803000"
2023,1606819000,"Region XIII (Caraga)","Surigao del Sur","Tandag City","Region XIII (CARAGA)","Surigao del Sur","Tandag City",285,NA,68551,68836,166819000,62669,"166819000"
2023,1608500000,"Region XIII (Caraga)","Dinagat Islands","Dinagat Islands","Region XIII (CARAGA)","Dinagat Islands","",682,NA,22150,22832,168500000,128117,"168500000"
2023,1630400000,"Region XIII (Caraga)","Agusan del Norte","Butuan City","Region XIII (CARAGA)","Agusan del Norte","Butuan City",4429,NA,195158,199587,160202000,372910,"160202000"
2023,1704001000,"MIMAROPA Region","Marinduque","Boac","MIMAROPA Region","Marinduque","Boac",470,97,24165,24732,174001000,57283,"174001000"
2023,1704005000,"MIMAROPA Region","Marinduque","Santa Cruz","MIMAROPA Region","Marinduque","Sta. Cruz",47,1,140252,14300,174005000,54692,"174005000"
2023,1704006000,"MIMAROPA Region","Marinduque","Torrijos","MIMAROPA Region","Marinduque","Torrijos",150,NA,9199,9349,174006000,30476,"174006000"
2023,1705102000,"MIMAROPA Region","Occidental Mindoro","Calintaan","MIMAROPA Region","Occidental Mindoro","Calintaan",7,NA,816,823,175102000,30190,"175102000"
2023,1705104000,"MIMAROPA Region","Occidental Mindoro","Lubang","MIMAROPA Region","Occidental Mindoro","Lubang",44,NA,11660,11704,175104000,17437,"175104000"
2023,1705105000,"MIMAROPA Region","Occidental Mindoro","Magsaysay","MIMAROPA Region","Occidental Mindoro","Magsaysay",19,NA,3596,3615,175105000,39767,"175105000"
2023,1705106000,"MIMAROPA Region","Occidental Mindoro","Mamburao","MIMAROPA Region","Occidental Mindoro","Mamburao",75,NA,7264,7339,175106000,47705,"175106000"
2023,1705108000,"MIMAROPA Region","Occidental Mindoro","Rizal","MIMAROPA Region","Occidental Mindoro","Rizal",87,NA,2693,2780,175108000,40429,"175108000"
2023,1705109000,"MIMAROPA Region","Occidental Mindoro","Sablayan","MIMAROPA Region","Occidental Mindoro","Sablayan",1615,11,140364,15990,175109000,92598,"175109000"
2023,1705110000,"MIMAROPA Region","Occidental Mindoro","San Jose","MIMAROPA Region","Occidental Mindoro","San Jose",1831,80,82564,84475,175110000,153267,"175110000"
2023,1705111000,"MIMAROPA Region","Occidental Mindoro","Santa Cruz","MIMAROPA Region","Occidental Mindoro","Santa Cruz",26,NA,4156,4182,175111000,42417,"175111000"
2023,1705204000,"MIMAROPA Region","Oriental Mindoro","Bulalacao","MIMAROPA Region","Oriental Mindoro","Bulalacao",86,45,40296,40427,175204000,44366,"175204000"
2023,1705205000,"MIMAROPA Region","Oriental Mindoro","Calapan City","MIMAROPA Region","Oriental Mindoro","Calapan City",1653,276,79241,81170,175205000,145786,"175205000"
2023,1705206000,"MIMAROPA Region","Oriental Mindoro","Gloria","MIMAROPA Region","Oriental Mindoro","Gloria",20,NA,19256,19276,175206000,50496,"175206000"
2023,1705207000,"MIMAROPA Region","Oriental Mindoro","Mansalay","MIMAROPA Region","Oriental Mindoro","Mansalay",81,32,11343,11456,175207000,59114,"175207000"
2023,1705208000,"MIMAROPA Region","Oriental Mindoro","Naujan","MIMAROPA Region","Oriental Mindoro","Naujan",23,NA,1442,1465,175208000,109587,"175208000"
2023,1705209000,"MIMAROPA Region","Oriental Mindoro","Pinamalayan","MIMAROPA Region","Oriental Mindoro","Pinamalayan",154,8,36480,36642,175209000,90383,"175209000"
2023,1705210000,"MIMAROPA Region","Oriental Mindoro","Pola","MIMAROPA Region","Oriental Mindoro","Pola",23,NA,3080,3103,175210000,35455,"175210000"
2023,1705211000,"MIMAROPA Region","Oriental Mindoro","Puerto Galera","MIMAROPA Region","Oriental Mindoro","Puerto Galera",61593,78,153585,215256,175211000,41961,"175211000"
2023,1705212000,"MIMAROPA Region","Oriental Mindoro","Roxas","MIMAROPA Region","Oriental Mindoro","Roxas",123,NA,14344,14467,175212000,58849,"175212000"
2023,1705214000,"MIMAROPA Region","Oriental Mindoro","Socorro","MIMAROPA Region","Oriental Mindoro","Socorro",3566,5,40454,8025,175214000,41585,"175214000"
2023,1705215000,"MIMAROPA Region","Oriental Mindoro","Victoria","MIMAROPA Region","Oriental Mindoro","Victoria",5,NA,8345,8350,175215000,52175,"175215000"
2023,1705301000,"MIMAROPA Region","Palawan","Aborlan","MIMAROPA Region","Palawan","Aborlan",705,1,432,1138,175301000,38736,"175301000"
2023,1705303000,"MIMAROPA Region","Palawan","Araceli","MIMAROPA Region","Palawan","Araceli",120,NA,1068,1188,175303000,14434,"175303000"
2023,1705304000,"MIMAROPA Region","Palawan","Balabac","MIMAROPA Region","Palawan","Balabac",431,NA,2444,2875,175304000,42527,"175304000"
2023,1705305000,"MIMAROPA Region","Palawan","Bataraza","MIMAROPA Region","Palawan","Bataraza",141,NA,8541,8682,175305000,85439,"175305000"
2023,1705306000,"MIMAROPA Region","Palawan","Brooke's Point","MIMAROPA Region","Palawan","Brooke's Point",487,30,26747,27264,175306000,73994,"175306000"
2023,1705307000,"MIMAROPA Region","Palawan","Busuanga","MIMAROPA Region","Palawan","Busuanga",8458,33,9943,18434,175307000,25617,"175307000"
2023,1705308000,"MIMAROPA Region","Palawan","Cagayancillo","MIMAROPA Region","Palawan","Cagayancillo",177,NA,6,183,175308000,6884,"175308000"
2023,1705309000,"MIMAROPA Region","Palawan","Coron","MIMAROPA Region","Palawan","Coron",153229,3204,119900,276333,175309000,65855,"175309000"
2023,1705310000,"MIMAROPA Region","Palawan","Cuyo","MIMAROPA Region","Palawan","Cuyo",51,2,410,463,175310000,23489,"175310000"
2023,1705311000,"MIMAROPA Region","Palawan","Dumaran","MIMAROPA Region","Palawan","Dumaran",17,NA,1743,1760,175311000,23528,"175311000"
2023,1705312000,"MIMAROPA Region","Palawan","El Nido","MIMAROPA Region","Palawan","El Nido",283471,4393,262983,550847,175312000,50494,"175312000"
2023,1705313000,"MIMAROPA Region","Palawan","Linapacan","MIMAROPA Region","Palawan","Linapacan",26974,1,811,27786,175313000,16424,"175313000"
2023,1705315000,"MIMAROPA Region","Palawan","Narra","MIMAROPA Region","Palawan","Narra",572,4,240216,24792,175315000,77948,"175315000"
2023,1705318000,"MIMAROPA Region","Palawan","Roxas","MIMAROPA Region","Palawan","Roxas",1369,6,90212,10587,175318000,69624,"175318000"
2023,1705319000,"MIMAROPA Region","Palawan","San Vicente","MIMAROPA Region","Palawan","San Vicente",59807,572,25714,86093,175319000,33507,"175319000"
2023,1705320000,"MIMAROPA Region","Palawan","Taytay","MIMAROPA Region","Palawan","Taytay",2210,19,12417,14646,175320000,83357,"175320000"
2023,1705322000,"MIMAROPA Region","Palawan","Culion","MIMAROPA Region","Palawan","Culion",5307,1,120394,17702,175322000,23213,"175322000"
2023,1705323000,"MIMAROPA Region","Palawan","Dr. Jose P. Rizal","MIMAROPA Region","Palawan","Dr. Jose P. Rizal",338,NA,345,683,175323000,56162,"175323000"
2023,1705324000,"MIMAROPA Region","Palawan","Sofronio Española","MIMAROPA Region","Palawan","Sofronio Espanola",8,NA,1101,1109,175324000,37416,"175324000"
2023,1705906000,"MIMAROPA Region","Romblon","Corcuera","MIMAROPA Region","Romblon","Corcuera",4,1,234,239,175906000,10112,"175906000"
2023,1705909000,"MIMAROPA Region","Romblon","Odiongan","MIMAROPA Region","Romblon","Odiongan",78,42,12640,12760,175909000,49284,"175909000"
2023,1705910000,"MIMAROPA Region","Romblon","Romblon","MIMAROPA Region","Romblon","Romblon",640,49,13358,14047,175910000,40554,"175910000"
2023,1705911000,"MIMAROPA Region","Romblon","San Agustin","MIMAROPA Region","Romblon","San Agustin",5,NA,428,433,175911000,24115,"175911000"
2023,1705913000,"MIMAROPA Region","Romblon","San Fernando","MIMAROPA Region","Romblon","San Fernando",41,NA,2254,2295,175913000,24171,"175913000"
2023,1705914000,"MIMAROPA Region","Romblon","San Jose","MIMAROPA Region","Romblon","San Jose",579,8,20795,3382,175914000,11759,"175914000"
2023,1705915000,"MIMAROPA Region","Romblon","Santa Fe","MIMAROPA Region","Romblon","Santa Fe",51,2,10235,1288,175915000,17802,"175915000"
2023,1705916000,"MIMAROPA Region","Romblon","Ferrol","MIMAROPA Region","Romblon","Ferrol",4,1,970,975,175916000,8005,"175916000"
2023,1731500000,"MIMAROPA Region","Palawan","Puerto Princesa City","MIMAROPA Region","Palawan","Puerto Princesa City",163665,2759,414186,580610,175316000,307079,"175316000"
2023,1804503000,"Negros Island Region (NIR)","Negros Occidental","Binalbagan","Negros Island Region (NIR)","Negros Occidental","Binalbagan",40,NA,6317,6357,64503000,71407,"064503000"
2023,1804504000,"Negros Island Region (NIR)","Negros Occidental","Cadiz City","Negros Island Region (NIR)","Negros Occidental","Cadiz",2010,NA,31858,33868,64504000,158544,"064504000"
2023,1804510000,"Negros Island Region (NIR)","Negros Occidental","Himamaylan City","Negros Island Region (NIR)","Negros Occidental","Himamaylan",35,NA,6249,6284,64510000,116240,"064510000"
2023,1804512000,"Negros Island Region (NIR)","Negros Occidental","Hinoba-an","Negros Island Region (NIR)","Negros Occidental","Hinobaan",197,NA,5727,5924,64512000,60865,"064512000"
2023,1804515000,"Negros Island Region (NIR)","Negros Occidental","Kabankalan City","Negros Island Region (NIR)","Negros Occidental","Kabankalan",733,NA,76498,77231,64515000,200198,"064515000"
2023,1804516000,"Negros Island Region (NIR)","Negros Occidental","La Carlota City","Negros Island Region (NIR)","Negros Occidental","La Carlota",178,NA,13427,13605,64516000,66664,"064516000"
2023,1804518000,"Negros Island Region (NIR)","Negros Occidental","Manapla","Negros Island Region (NIR)","Negros Occidental","Manapla",63,NA,12597,12660,64518000,55083,"064518000"
2023,1804520000,"Negros Island Region (NIR)","Negros Occidental","Murcia","Negros Island Region (NIR)","Negros Occidental","Murcia",259,NA,27543,27802,64520000,88868,"064520000"
2023,1804524000,"Negros Island Region (NIR)","Negros Occidental","San Carlos City","Negros Island Region (NIR)","Negros Occidental","San Carlos",1622,NA,83737,85359,64524000,132650,"064524000"
2023,1804526000,"Negros Island Region (NIR)","Negros Occidental","Silay City","Negros Island Region (NIR)","Negros Occidental","Silay",395,NA,50021,50416,64526000,130478,"064526000"
2023,1804527000,"Negros Island Region (NIR)","Negros Occidental","Sipalay City","Negros Island Region (NIR)","Negros Occidental","Sipalay",3306,NA,214942,218248,64527000,72448,"064527000"
2023,1804528000,"Negros Island Region (NIR)","Negros Occidental","Talisay City","Negros Island Region (NIR)","Negros Occidental","Talisay",270,NA,30394,30664,64528000,108909,"064528000"
2023,1804605000,"Negros Island Region (NIR)","Negros Oriental","Basay","Negros Island Region (NIR)","Negros Oriental","Basay",377,8,3463,3848,74605000,28531,"074605000"
2023,1804608000,"Negros Island Region (NIR)","Negros Oriental","Canlaon City","Negros Island Region (NIR)","Negros Oriental","Canlaon",238,1,16457,16696,74608000,58822,"074608000"
2023,1804610000,"Negros Island Region (NIR)","Negros Oriental","Dumaguete City","Negros Island Region (NIR)","Negros Oriental","Dumaguete",3392,368,78695,82455,74610000,134103,"074610000"
2023,1804618000,"Negros Island Region (NIR)","Negros Oriental","Santa Catalina","Negros Island Region (NIR)","Negros Oriental","Santa Catalina",20,2,608,630,74618000,77501,"074618000"
2023,1806102000,"Negros Island Region (NIR)","Siquijor","Larena","Negros Island Region (NIR)","Siquijor","Larena",1532,NA,7430,8963,76102000,14454,"076102000"
2023,1806103000,"Negros Island Region (NIR)","Siquijor","Lazi","Negros Island Region (NIR)","Siquijor","Lazi",1975,NA,4897,6872,76103000,22488,"076103000"
2023,1806104000,"Negros Island Region (NIR)","Siquijor","Maria","Negros Island Region (NIR)","Siquijor","Maria",329,NA,723,1052,76104000,14385,"076104000"
2023,1806105000,"Negros Island Region (NIR)","Siquijor","San Juan","Negros Island Region (NIR)","Siquijor","San Juan",53891,45,72837,126773,76105000,16363,"076105000"
2023,1806106000,"Negros Island Region (NIR)","Siquijor","Siquijor","Negros Island Region (NIR)","Siquijor","Siquijor",5866,NA,19265,25131,76106000,28915,"076106000"
2023,1830200000,"Negros Island Region (NIR)","Negros Occidental","Bacolod City","Negros Island Region (NIR)","Negros Occidental","Bacolod City",56070,624,724222,780916,64501000,600783,"064501000"
