"year","ten_digit","region","province","muniCity","dot_region","dot_province","dot_municity","total","correspondence_code","pop_2020","id","traveler","count"
2019,102808000,"Region I (Ilocos Region)","Ilocos Norte","Currimao","Region I  (ILOCOS REGION)","Ilocos Norte","Currimao",16184,12808000,12215,"012808000","foreign",195
2019,102808000,"Region I (Ilocos Region)","Ilocos Norte","Currimao","Region I  (ILOCOS REGION)","Ilocos Norte","Currimao",16184,12808000,12215,"012808000","overseas",NA
2019,102808000,"Region I (Ilocos Region)","Ilocos Norte","Currimao","Region I  (ILOCOS REGION)","Ilocos Norte","Currimao",16184,12808000,12215,"012808000","domestic",15989
2019,102812000,"Region I (Ilocos Region)","Ilocos Norte","Laoag City","Region I  (ILOCOS REGION)","Ilocos Norte","Laoag City",83273,12812000,111651,"012812000","foreign",16744
2019,102812000,"Region I (Ilocos Region)","Ilocos Norte","Laoag City","Region I  (ILOCOS REGION)","Ilocos Norte","Laoag City",83273,12812000,111651,"012812000","overseas",NA
2019,102812000,"Region I (Ilocos Region)","Ilocos Norte","Laoag City","Region I  (ILOCOS REGION)","Ilocos Norte","Laoag City",83273,12812000,111651,"012812000","domestic",66529
2019,102815000,"Region I (Ilocos Region)","Ilocos Norte","Pagudpud","Region I  (ILOCOS REGION)","Ilocos Norte","Pagudpud",384201,12815000,25098,"012815000","foreign",30752
2019,102815000,"Region I (Ilocos Region)","Ilocos Norte","Pagudpud","Region I  (ILOCOS REGION)","Ilocos Norte","Pagudpud",384201,12815000,25098,"012815000","overseas",NA
2019,102815000,"Region I (Ilocos Region)","Ilocos Norte","Pagudpud","Region I  (ILOCOS REGION)","Ilocos Norte","Pagudpud",384201,12815000,25098,"012815000","domestic",353449
2019,102820000,"Region I (Ilocos Region)","Ilocos Norte","San Nicolas","Region I  (ILOCOS REGION)","Ilocos Norte","San Nicolas",37222,12820000,38895,"012820000","foreign",1326
2019,102820000,"Region I (Ilocos Region)","Ilocos Norte","San Nicolas","Region I  (ILOCOS REGION)","Ilocos Norte","San Nicolas",37222,12820000,38895,"012820000","overseas",NA
2019,102820000,"Region I (Ilocos Region)","Ilocos Norte","San Nicolas","Region I  (ILOCOS REGION)","Ilocos Norte","San Nicolas",37222,12820000,38895,"012820000","domestic",35896
2019,102903000,"Region I (Ilocos Region)","Ilocos Sur","Bantay","Region I  (ILOCOS REGION)","Ilocos Sur","Bantay",37220,12903000,37118,"012903000","foreign",1074
2019,102903000,"Region I (Ilocos Region)","Ilocos Sur","Bantay","Region I  (ILOCOS REGION)","Ilocos Sur","Bantay",37220,12903000,37118,"012903000","overseas",NA
2019,102903000,"Region I (Ilocos Region)","Ilocos Sur","Bantay","Region I  (ILOCOS REGION)","Ilocos Sur","Bantay",37220,12903000,37118,"012903000","domestic",36146
2019,102906000,"Region I (Ilocos Region)","Ilocos Sur","Candon City","Region I  (ILOCOS REGION)","Ilocos Sur","Candon City",73974,12906000,61432,"012906000","foreign",593
2019,102906000,"Region I (Ilocos Region)","Ilocos Sur","Candon City","Region I  (ILOCOS REGION)","Ilocos Sur","Candon City",73974,12906000,61432,"012906000","overseas",NA
2019,102906000,"Region I (Ilocos Region)","Ilocos Sur","Candon City","Region I  (ILOCOS REGION)","Ilocos Sur","Candon City",73974,12906000,61432,"012906000","domestic",73381
2019,102934000,"Region I (Ilocos Region)","Ilocos Sur","Vigan City","Region I  (ILOCOS REGION)","Ilocos Sur","Vigan City",285828,12934000,53935,"012934000","foreign",4406
2019,102934000,"Region I (Ilocos Region)","Ilocos Sur","Vigan City","Region I  (ILOCOS REGION)","Ilocos Sur","Vigan City",285828,12934000,53935,"012934000","overseas",NA
2019,102934000,"Region I (Ilocos Region)","Ilocos Sur","Vigan City","Region I  (ILOCOS REGION)","Ilocos Sur","Vigan City",285828,12934000,53935,"012934000","domestic",281422
2019,103301000,"Region I (Ilocos Region)","La Union","Agoo","Region I  (ILOCOS REGION)","La Union","Agoo",36233,13301000,66028,"013301000","foreign",15
2019,103301000,"Region I (Ilocos Region)","La Union","Agoo","Region I  (ILOCOS REGION)","La Union","Agoo",36233,13301000,66028,"013301000","overseas",NA
2019,103301000,"Region I (Ilocos Region)","La Union","Agoo","Region I  (ILOCOS REGION)","La Union","Agoo",36233,13301000,66028,"013301000","domestic",36218
2019,103303000,"Region I (Ilocos Region)","La Union","Bacnotan","Region I  (ILOCOS REGION)","La Union","Bacnotan",25939,13303000,44388,"013303000","foreign",11
2019,103303000,"Region I (Ilocos Region)","La Union","Bacnotan","Region I  (ILOCOS REGION)","La Union","Bacnotan",25939,13303000,44388,"013303000","overseas",NA
2019,103303000,"Region I (Ilocos Region)","La Union","Bacnotan","Region I  (ILOCOS REGION)","La Union","Bacnotan",25939,13303000,44388,"013303000","domestic",25928
2019,103305000,"Region I (Ilocos Region)","La Union","Balaoan","Region I  (ILOCOS REGION)","La Union","Baloaon",5614,13305000,40339,"013305000","foreign",47
2019,103305000,"Region I (Ilocos Region)","La Union","Balaoan","Region I  (ILOCOS REGION)","La Union","Baloaon",5614,13305000,40339,"013305000","overseas",39
2019,103305000,"Region I (Ilocos Region)","La Union","Balaoan","Region I  (ILOCOS REGION)","La Union","Baloaon",5614,13305000,40339,"013305000","domestic",5528
2019,103307000,"Region I (Ilocos Region)","La Union","Bauang","Region I  (ILOCOS REGION)","La Union","Bauang",102847,13307000,78449,"013307000","foreign",3150
2019,103307000,"Region I (Ilocos Region)","La Union","Bauang","Region I  (ILOCOS REGION)","La Union","Bauang",102847,13307000,78449,"013307000","overseas",NA
2019,103307000,"Region I (Ilocos Region)","La Union","Bauang","Region I  (ILOCOS REGION)","La Union","Bauang",102847,13307000,78449,"013307000","domestic",99697
2019,103309000,"Region I (Ilocos Region)","La Union","Caba","Region I  (ILOCOS REGION)","La Union","Caba",13915,13309000,23119,"013309000","foreign",150
2019,103309000,"Region I (Ilocos Region)","La Union","Caba","Region I  (ILOCOS REGION)","La Union","Caba",13915,13309000,23119,"013309000","overseas",NA
2019,103309000,"Region I (Ilocos Region)","La Union","Caba","Region I  (ILOCOS REGION)","La Union","Caba",13915,13309000,23119,"013309000","domestic",13765
2019,103312000,"Region I (Ilocos Region)","La Union","Pugo","Region I  (ILOCOS REGION)","La Union","Pugo",4791,13312000,19337,"013312000","foreign",813
2019,103312000,"Region I (Ilocos Region)","La Union","Pugo","Region I  (ILOCOS REGION)","La Union","Pugo",4791,13312000,19337,"013312000","overseas",NA
2019,103312000,"Region I (Ilocos Region)","La Union","Pugo","Region I  (ILOCOS REGION)","La Union","Pugo",4791,13312000,19337,"013312000","domestic",3978
2019,103313000,"Region I (Ilocos Region)","La Union","Rosario","Region I  (ILOCOS REGION)","La Union","Rosario",6837,13313000,60278,"013313000","foreign",192
2019,103313000,"Region I (Ilocos Region)","La Union","Rosario","Region I  (ILOCOS REGION)","La Union","Rosario",6837,13313000,60278,"013313000","overseas",NA
2019,103313000,"Region I (Ilocos Region)","La Union","Rosario","Region I  (ILOCOS REGION)","La Union","Rosario",6837,13313000,60278,"013313000","domestic",6645
2019,103314000,"Region I (Ilocos Region)","La Union","San Fernando City","Region I  (ILOCOS REGION)","La Union","San Fernando City",92790,13314000,125640,"013314000","foreign",6936
2019,103314000,"Region I (Ilocos Region)","La Union","San Fernando City","Region I  (ILOCOS REGION)","La Union","San Fernando City",92790,13314000,125640,"013314000","overseas",NA
2019,103314000,"Region I (Ilocos Region)","La Union","San Fernando City","Region I  (ILOCOS REGION)","La Union","San Fernando City",92790,13314000,125640,"013314000","domestic",85854
2019,103316000,"Region I (Ilocos Region)","La Union","San Juan","Region I  (ILOCOS REGION)","La Union","San Juan",299914,13316000,40507,"013316000","foreign",5748
2019,103316000,"Region I (Ilocos Region)","La Union","San Juan","Region I  (ILOCOS REGION)","La Union","San Juan",299914,13316000,40507,"013316000","overseas",NA
2019,103316000,"Region I (Ilocos Region)","La Union","San Juan","Region I  (ILOCOS REGION)","La Union","San Juan",299914,13316000,40507,"013316000","domestic",294166
2019,103317000,"Region I (Ilocos Region)","La Union","Santo Tomas","Region I  (ILOCOS REGION)","La Union","Sto. Tomas",314,13317000,40846,"013317000","foreign",40
2019,103317000,"Region I (Ilocos Region)","La Union","Santo Tomas","Region I  (ILOCOS REGION)","La Union","Sto. Tomas",314,13317000,40846,"013317000","overseas",NA
2019,103317000,"Region I (Ilocos Region)","La Union","Santo Tomas","Region I  (ILOCOS REGION)","La Union","Sto. Tomas",314,13317000,40846,"013317000","domestic",274
2019,103319000,"Region I (Ilocos Region)","La Union","Sudipen","Region I  (ILOCOS REGION)","La Union","Sudipen",4691,13319000,17187,"013319000","foreign",399
2019,103319000,"Region I (Ilocos Region)","La Union","Sudipen","Region I  (ILOCOS REGION)","La Union","Sudipen",4691,13319000,17187,"013319000","overseas",NA
2019,103319000,"Region I (Ilocos Region)","La Union","Sudipen","Region I  (ILOCOS REGION)","La Union","Sudipen",4691,13319000,17187,"013319000","domestic",4292
2019,105503000,"Region I (Ilocos Region)","Pangasinan","Alaminos City","Region I  (ILOCOS REGION)","Pangasinan","Alaminos",163964,15503000,99397,"015503000","foreign",4243
2019,105503000,"Region I (Ilocos Region)","Pangasinan","Alaminos City","Region I  (ILOCOS REGION)","Pangasinan","Alaminos",163964,15503000,99397,"015503000","overseas",NA
2019,105503000,"Region I (Ilocos Region)","Pangasinan","Alaminos City","Region I  (ILOCOS REGION)","Pangasinan","Alaminos",163964,15503000,99397,"015503000","domestic",159721
2019,105505000,"Region I (Ilocos Region)","Pangasinan","Anda","Region I  (ILOCOS REGION)","Pangasinan","Anda",9316,15505000,41548,"015505000","foreign",104
2019,105505000,"Region I (Ilocos Region)","Pangasinan","Anda","Region I  (ILOCOS REGION)","Pangasinan","Anda",9316,15505000,41548,"015505000","overseas",NA
2019,105505000,"Region I (Ilocos Region)","Pangasinan","Anda","Region I  (ILOCOS REGION)","Pangasinan","Anda",9316,15505000,41548,"015505000","domestic",9212
2019,105507000,"Region I (Ilocos Region)","Pangasinan","Balungao","Region I  (ILOCOS REGION)","Pangasinan","Balungao",3605,15507000,30004,"015507000","foreign",36
2019,105507000,"Region I (Ilocos Region)","Pangasinan","Balungao","Region I  (ILOCOS REGION)","Pangasinan","Balungao",3605,15507000,30004,"015507000","overseas",NA
2019,105507000,"Region I (Ilocos Region)","Pangasinan","Balungao","Region I  (ILOCOS REGION)","Pangasinan","Balungao",3605,15507000,30004,"015507000","domestic",3569
2019,105510000,"Region I (Ilocos Region)","Pangasinan","Bautista","Region I  (ILOCOS REGION)","Pangasinan","Bautista",114,15510000,35398,"015510000","foreign",33
2019,105510000,"Region I (Ilocos Region)","Pangasinan","Bautista","Region I  (ILOCOS REGION)","Pangasinan","Bautista",114,15510000,35398,"015510000","overseas",NA
2019,105510000,"Region I (Ilocos Region)","Pangasinan","Bautista","Region I  (ILOCOS REGION)","Pangasinan","Bautista",114,15510000,35398,"015510000","domestic",81
2019,105514000,"Region I (Ilocos Region)","Pangasinan","Bolinao","Region I  (ILOCOS REGION)","Pangasinan","Bolinao",150913,15514000,83979,"015514000","foreign",518
2019,105514000,"Region I (Ilocos Region)","Pangasinan","Bolinao","Region I  (ILOCOS REGION)","Pangasinan","Bolinao",150913,15514000,83979,"015514000","overseas",NA
2019,105514000,"Region I (Ilocos Region)","Pangasinan","Bolinao","Region I  (ILOCOS REGION)","Pangasinan","Bolinao",150913,15514000,83979,"015514000","domestic",150395
2019,105518000,"Region I (Ilocos Region)","Pangasinan","Dagupan City","Region I  (ILOCOS REGION)","Pangasinan","Dagupan City",87408,15518000,174302,"015518000","foreign",630
2019,105518000,"Region I (Ilocos Region)","Pangasinan","Dagupan City","Region I  (ILOCOS REGION)","Pangasinan","Dagupan City",87408,15518000,174302,"015518000","overseas",NA
2019,105518000,"Region I (Ilocos Region)","Pangasinan","Dagupan City","Region I  (ILOCOS REGION)","Pangasinan","Dagupan City",87408,15518000,174302,"015518000","domestic",86778
2019,105519000,"Region I (Ilocos Region)","Pangasinan","Dasol","Region I  (ILOCOS REGION)","Pangasinan","Dasol",4172,15519000,31355,"015519000","foreign",9
2019,105519000,"Region I (Ilocos Region)","Pangasinan","Dasol","Region I  (ILOCOS REGION)","Pangasinan","Dasol",4172,15519000,31355,"015519000","overseas",NA
2019,105519000,"Region I (Ilocos Region)","Pangasinan","Dasol","Region I  (ILOCOS REGION)","Pangasinan","Dasol",4172,15519000,31355,"015519000","domestic",4163
2019,105521000,"Region I (Ilocos Region)","Pangasinan","Labrador","Region I  (ILOCOS REGION)","Pangasinan","Labrador",6512,15521000,26811,"015521000","foreign",621
2019,105521000,"Region I (Ilocos Region)","Pangasinan","Labrador","Region I  (ILOCOS REGION)","Pangasinan","Labrador",6512,15521000,26811,"015521000","overseas",NA
2019,105521000,"Region I (Ilocos Region)","Pangasinan","Labrador","Region I  (ILOCOS REGION)","Pangasinan","Labrador",6512,15521000,26811,"015521000","domestic",5891
2019,105522000,"Region I (Ilocos Region)","Pangasinan","Lingayen","Region I  (ILOCOS REGION)","Pangasinan","Lingayen",140097,15522000,107728,"015522000","foreign",429
2019,105522000,"Region I (Ilocos Region)","Pangasinan","Lingayen","Region I  (ILOCOS REGION)","Pangasinan","Lingayen",140097,15522000,107728,"015522000","overseas",NA
2019,105522000,"Region I (Ilocos Region)","Pangasinan","Lingayen","Region I  (ILOCOS REGION)","Pangasinan","Lingayen",140097,15522000,107728,"015522000","domestic",139668
2019,105533000,"Region I (Ilocos Region)","Pangasinan","San Fabian","Region I  (ILOCOS REGION)","Pangasinan","San Fabian",25364,15533000,87428,"015533000","foreign",21
2019,105533000,"Region I (Ilocos Region)","Pangasinan","San Fabian","Region I  (ILOCOS REGION)","Pangasinan","San Fabian",25364,15533000,87428,"015533000","overseas",NA
2019,105533000,"Region I (Ilocos Region)","Pangasinan","San Fabian","Region I  (ILOCOS REGION)","Pangasinan","San Fabian",25364,15533000,87428,"015533000","domestic",25343
2019,105539000,"Region I (Ilocos Region)","Pangasinan","Santa Maria","Region I  (ILOCOS REGION)","Pangasinan","Santa Maria",943,15539000,34220,"015539000","foreign",6
2019,105539000,"Region I (Ilocos Region)","Pangasinan","Santa Maria","Region I  (ILOCOS REGION)","Pangasinan","Santa Maria",943,15539000,34220,"015539000","overseas",NA
2019,105539000,"Region I (Ilocos Region)","Pangasinan","Santa Maria","Region I  (ILOCOS REGION)","Pangasinan","Santa Maria",943,15539000,34220,"015539000","domestic",937
2019,105546000,"Region I (Ilocos Region)","Pangasinan","Urdaneta City","Region I  (ILOCOS REGION)","Pangasinan","Urdaneta City",88247,15546000,144577,"015546000","foreign",779
2019,105546000,"Region I (Ilocos Region)","Pangasinan","Urdaneta City","Region I  (ILOCOS REGION)","Pangasinan","Urdaneta City",88247,15546000,144577,"015546000","overseas",NA
2019,105546000,"Region I (Ilocos Region)","Pangasinan","Urdaneta City","Region I  (ILOCOS REGION)","Pangasinan","Urdaneta City",88247,15546000,144577,"015546000","domestic",87468
2019,105547000,"Region I (Ilocos Region)","Pangasinan","Villasis","Region I  (ILOCOS REGION)","Pangasinan","Villasis",3621,15547000,65047,"015547000","foreign",113
2019,105547000,"Region I (Ilocos Region)","Pangasinan","Villasis","Region I  (ILOCOS REGION)","Pangasinan","Villasis",3621,15547000,65047,"015547000","overseas",NA
2019,105547000,"Region I (Ilocos Region)","Pangasinan","Villasis","Region I  (ILOCOS REGION)","Pangasinan","Villasis",3621,15547000,65047,"015547000","domestic",3508
2019,201529000,"Region II (Cagayan Valley)","Cagayan","Tuguegarao City","Region II  (CAGAYAN VALLEY)","Cagayan","Tuguegarao City",143256,21529000,166334,"021529000","foreign",2687
2019,201529000,"Region II (Cagayan Valley)","Cagayan","Tuguegarao City","Region II  (CAGAYAN VALLEY)","Cagayan","Tuguegarao City",143256,21529000,166334,"021529000","overseas",27
2019,201529000,"Region II (Cagayan Valley)","Cagayan","Tuguegarao City","Region II  (CAGAYAN VALLEY)","Cagayan","Tuguegarao City",143256,21529000,166334,"021529000","domestic",140542
2019,203108000,"Region II (Cagayan Valley)","Isabela","Cauayan City","Region II  (CAGAYAN VALLEY)","Isabela","Cauayan City",113337,23108000,143403,"023108000","foreign",1994
2019,203108000,"Region II (Cagayan Valley)","Isabela","Cauayan City","Region II  (CAGAYAN VALLEY)","Isabela","Cauayan City",113337,23108000,143403,"023108000","overseas",NA
2019,203108000,"Region II (Cagayan Valley)","Isabela","Cauayan City","Region II  (CAGAYAN VALLEY)","Isabela","Cauayan City",113337,23108000,143403,"023108000","domestic",111343
2019,203114000,"Region II (Cagayan Valley)","Isabela","Ilagan City","Region II  (CAGAYAN VALLEY)","Isabela","Ilagan City",30754,23114000,158218,"023114000","foreign",315
2019,203114000,"Region II (Cagayan Valley)","Isabela","Ilagan City","Region II  (CAGAYAN VALLEY)","Isabela","Ilagan City",30754,23114000,158218,"023114000","overseas",20
2019,203114000,"Region II (Cagayan Valley)","Isabela","Ilagan City","Region II  (CAGAYAN VALLEY)","Isabela","Ilagan City",30754,23114000,158218,"023114000","domestic",30419
2019,203135000,"Region II (Cagayan Valley)","Isabela","Santiago City","Region II  (CAGAYAN VALLEY)","Isabela","Santiago City",184524,23135000,148580,"023135000","foreign",2397
2019,203135000,"Region II (Cagayan Valley)","Isabela","Santiago City","Region II  (CAGAYAN VALLEY)","Isabela","Santiago City",184524,23135000,148580,"023135000","overseas",NA
2019,203135000,"Region II (Cagayan Valley)","Isabela","Santiago City","Region II  (CAGAYAN VALLEY)","Isabela","Santiago City",184524,23135000,148580,"023135000","domestic",182127
2019,300800000,"Region III (Central Luzon)","Bataan","Bataan","Region III  (CENTRAL LUZON)","Bataan","",397849,30800000,853373,"030800000","foreign",11034
2019,300800000,"Region III (Central Luzon)","Bataan","Bataan","Region III  (CENTRAL LUZON)","Bataan","",397849,30800000,853373,"030800000","overseas",NA
2019,300800000,"Region III (Central Luzon)","Bataan","Bataan","Region III  (CENTRAL LUZON)","Bataan","",397849,30800000,853373,"030800000","domestic",386815
2019,304900000,"Region III (Central Luzon)","Nueva Ecija","Nueva Ecija","Region III  (CENTRAL LUZON)","Nueva Ecija","",316730,34900000,2310134,"034900000","foreign",13959
2019,304900000,"Region III (Central Luzon)","Nueva Ecija","Nueva Ecija","Region III  (CENTRAL LUZON)","Nueva Ecija","",316730,34900000,2310134,"034900000","overseas",NA
2019,304900000,"Region III (Central Luzon)","Nueva Ecija","Nueva Ecija","Region III  (CENTRAL LUZON)","Nueva Ecija","",316730,34900000,2310134,"034900000","domestic",302771
2019,305400000,"Region III (Central Luzon)","Pampanga","Pampanga","Region III  (CENTRAL LUZON)","Pampanga","",910666,35400000,2437709,"035400000","foreign",411154
2019,305400000,"Region III (Central Luzon)","Pampanga","Pampanga","Region III  (CENTRAL LUZON)","Pampanga","",910666,35400000,2437709,"035400000","overseas",NA
2019,305400000,"Region III (Central Luzon)","Pampanga","Pampanga","Region III  (CENTRAL LUZON)","Pampanga","",910666,35400000,2437709,"035400000","domestic",499512
2019,305416000,"Region III (Central Luzon)","Pampanga","San Fernando City","Region III  (CENTRAL LUZON)","Pampanga","San Fernando City",129556,35416000,354666,"035416000","foreign",6599
2019,305416000,"Region III (Central Luzon)","Pampanga","San Fernando City","Region III  (CENTRAL LUZON)","Pampanga","San Fernando City",129556,35416000,354666,"035416000","overseas",NA
2019,305416000,"Region III (Central Luzon)","Pampanga","San Fernando City","Region III  (CENTRAL LUZON)","Pampanga","San Fernando City",129556,35416000,354666,"035416000","domestic",122957
2019,306900000,"Region III (Central Luzon)","Tarlac","Tarlac","Region III  (CENTRAL LUZON)","Tarlac","",108706,36900000,1503456,"036900000","foreign",14796
2019,306900000,"Region III (Central Luzon)","Tarlac","Tarlac","Region III  (CENTRAL LUZON)","Tarlac","",108706,36900000,1503456,"036900000","overseas",646
2019,306900000,"Region III (Central Luzon)","Tarlac","Tarlac","Region III  (CENTRAL LUZON)","Tarlac","",108706,36900000,1503456,"036900000","domestic",93264
2019,307100000,"Region III (Central Luzon)","Zambales","Zambales","Region III  (CENTRAL LUZON)","Zambales","",850240,37100000,649615,"037100000","foreign",76644
2019,307100000,"Region III (Central Luzon)","Zambales","Zambales","Region III  (CENTRAL LUZON)","Zambales","",850240,37100000,649615,"037100000","overseas",NA
2019,307100000,"Region III (Central Luzon)","Zambales","Zambales","Region III  (CENTRAL LUZON)","Zambales","",850240,37100000,649615,"037100000","domestic",773596
2019,307114000,"Region III (Central Luzon)","Zambales","Subic","Region III  (CENTRAL LUZON)","Zambales","Subic",1008630,37114000,111912,"037114000","foreign",98861
2019,307114000,"Region III (Central Luzon)","Zambales","Subic","Region III  (CENTRAL LUZON)","Zambales","Subic",1008630,37114000,111912,"037114000","overseas",2038
2019,307114000,"Region III (Central Luzon)","Zambales","Subic","Region III  (CENTRAL LUZON)","Zambales","Subic",1008630,37114000,111912,"037114000","domestic",907731
2019,307700000,"Region III (Central Luzon)","Aurora","Aurora","Region III  (CENTRAL LUZON)","Aurora","",273906,37700000,235750,"037700000","foreign",162
2019,307700000,"Region III (Central Luzon)","Aurora","Aurora","Region III  (CENTRAL LUZON)","Aurora","",273906,37700000,235750,"037700000","overseas",NA
2019,307700000,"Region III (Central Luzon)","Aurora","Aurora","Region III  (CENTRAL LUZON)","Aurora","",273906,37700000,235750,"037700000","domestic",273744
2019,330100000,"Region III (Central Luzon)","Pampanga","Angeles City","Region III  (CENTRAL LUZON)","Pampanga","Angeles City",792043,35401000,462928,"035401000","foreign",437219
2019,330100000,"Region III (Central Luzon)","Pampanga","Angeles City","Region III  (CENTRAL LUZON)","Pampanga","Angeles City",792043,35401000,462928,"035401000","overseas",683
2019,330100000,"Region III (Central Luzon)","Pampanga","Angeles City","Region III  (CENTRAL LUZON)","Pampanga","Angeles City",792043,35401000,462928,"035401000","domestic",354141
2019,401003000,"Region IV-A (CALABARZON)","Batangas","Balayan","Region IV-A (CALABARZON)","Batangas","Balayan",96178,41003000,95913,"041003000","foreign",361
2019,401003000,"Region IV-A (CALABARZON)","Batangas","Balayan","Region IV-A (CALABARZON)","Batangas","Balayan",96178,41003000,95913,"041003000","overseas",NA
2019,401003000,"Region IV-A (CALABARZON)","Batangas","Balayan","Region IV-A (CALABARZON)","Batangas","Balayan",96178,41003000,95913,"041003000","domestic",95817
2019,401005000,"Region IV-A (CALABARZON)","Batangas","Batangas City","Region IV-A (CALABARZON)","Batangas","Batangas City",210966,41005000,351437,"041005000","foreign",21384
2019,401005000,"Region IV-A (CALABARZON)","Batangas","Batangas City","Region IV-A (CALABARZON)","Batangas","Batangas City",210966,41005000,351437,"041005000","overseas",NA
2019,401005000,"Region IV-A (CALABARZON)","Batangas","Batangas City","Region IV-A (CALABARZON)","Batangas","Batangas City",210966,41005000,351437,"041005000","domestic",189582
2019,401012000,"Region IV-A (CALABARZON)","Batangas","Lemery","Region IV-A (CALABARZON)","Batangas","Lemery",52359,41012000,93186,"041012000","foreign",163
2019,401012000,"Region IV-A (CALABARZON)","Batangas","Lemery","Region IV-A (CALABARZON)","Batangas","Lemery",52359,41012000,93186,"041012000","overseas",NA
2019,401012000,"Region IV-A (CALABARZON)","Batangas","Lemery","Region IV-A (CALABARZON)","Batangas","Lemery",52359,41012000,93186,"041012000","domestic",52196
2019,401014000,"Region IV-A (CALABARZON)","Batangas","Lipa City","Region IV-A (CALABARZON)","Batangas","Lipa City",53491,41014000,372931,"041014000","foreign",11103
2019,401014000,"Region IV-A (CALABARZON)","Batangas","Lipa City","Region IV-A (CALABARZON)","Batangas","Lipa City",53491,41014000,372931,"041014000","overseas",NA
2019,401014000,"Region IV-A (CALABARZON)","Batangas","Lipa City","Region IV-A (CALABARZON)","Batangas","Lipa City",53491,41014000,372931,"041014000","domestic",42388
2019,401015000,"Region IV-A (CALABARZON)","Batangas","Lobo","Region IV-A (CALABARZON)","Batangas","Lobo",63052,41015000,40736,"041015000","foreign",301
2019,401015000,"Region IV-A (CALABARZON)","Batangas","Lobo","Region IV-A (CALABARZON)","Batangas","Lobo",63052,41015000,40736,"041015000","overseas",NA
2019,401015000,"Region IV-A (CALABARZON)","Batangas","Lobo","Region IV-A (CALABARZON)","Batangas","Lobo",63052,41015000,40736,"041015000","domestic",62751
2019,401016000,"Region IV-A (CALABARZON)","Batangas","Mabini","Region IV-A (CALABARZON)","Batangas","Mabini",146237,41016000,50858,"041016000","foreign",50748
2019,401016000,"Region IV-A (CALABARZON)","Batangas","Mabini","Region IV-A (CALABARZON)","Batangas","Mabini",146237,41016000,50858,"041016000","overseas",NA
2019,401016000,"Region IV-A (CALABARZON)","Batangas","Mabini","Region IV-A (CALABARZON)","Batangas","Mabini",146237,41016000,50858,"041016000","domestic",95489
2019,401017000,"Region IV-A (CALABARZON)","Batangas","Malvar","Region IV-A (CALABARZON)","Batangas","Malvar",43988,41017000,64379,"041017000","foreign",10195
2019,401017000,"Region IV-A (CALABARZON)","Batangas","Malvar","Region IV-A (CALABARZON)","Batangas","Malvar",43988,41017000,64379,"041017000","overseas",NA
2019,401017000,"Region IV-A (CALABARZON)","Batangas","Malvar","Region IV-A (CALABARZON)","Batangas","Malvar",43988,41017000,64379,"041017000","domestic",33793
2019,401019000,"Region IV-A (CALABARZON)","Batangas","Nasugbu","Region IV-A (CALABARZON)","Batangas","Nasugbu",443943,41019000,136524,"041019000","foreign",13797
2019,401019000,"Region IV-A (CALABARZON)","Batangas","Nasugbu","Region IV-A (CALABARZON)","Batangas","Nasugbu",443943,41019000,136524,"041019000","overseas",NA
2019,401019000,"Region IV-A (CALABARZON)","Batangas","Nasugbu","Region IV-A (CALABARZON)","Batangas","Nasugbu",443943,41019000,136524,"041019000","domestic",430146
2019,401021000,"Region IV-A (CALABARZON)","Batangas","Rosario","Region IV-A (CALABARZON)","Batangas","Rosario",3875,41021000,128352,"041021000","foreign",171
2019,401021000,"Region IV-A (CALABARZON)","Batangas","Rosario","Region IV-A (CALABARZON)","Batangas","Rosario",3875,41021000,128352,"041021000","overseas",58
2019,401021000,"Region IV-A (CALABARZON)","Batangas","Rosario","Region IV-A (CALABARZON)","Batangas","Rosario",3875,41021000,128352,"041021000","domestic",3646
2019,401023000,"Region IV-A (CALABARZON)","Batangas","San Juan","Region IV-A (CALABARZON)","Batangas","San Juan",378173,41023000,114068,"041023000","foreign",1420
2019,401023000,"Region IV-A (CALABARZON)","Batangas","San Juan","Region IV-A (CALABARZON)","Batangas","San Juan",378173,41023000,114068,"041023000","overseas",NA
2019,401023000,"Region IV-A (CALABARZON)","Batangas","San Juan","Region IV-A (CALABARZON)","Batangas","San Juan",378173,41023000,114068,"041023000","domestic",376753
2019,401028000,"Region IV-A (CALABARZON)","Batangas","Sto. Tomas City","Region IV-A (CALABARZON)","Batangas","Sto. Tomas City",81967,41028000,218500,"041028000","foreign",26505
2019,401028000,"Region IV-A (CALABARZON)","Batangas","Sto. Tomas City","Region IV-A (CALABARZON)","Batangas","Sto. Tomas City",81967,41028000,218500,"041028000","overseas",NA
2019,401028000,"Region IV-A (CALABARZON)","Batangas","Sto. Tomas City","Region IV-A (CALABARZON)","Batangas","Sto. Tomas City",81967,41028000,218500,"041028000","domestic",55462
2019,402104000,"Region IV-A (CALABARZON)","Cavite","Carmona City","Region IV-A (CALABARZON)","Cavite","Carmona",10407,42104000,106256,"042104000","foreign",9906
2019,402104000,"Region IV-A (CALABARZON)","Cavite","Carmona City","Region IV-A (CALABARZON)","Cavite","Carmona",10407,42104000,106256,"042104000","overseas",NA
2019,402104000,"Region IV-A (CALABARZON)","Cavite","Carmona City","Region IV-A (CALABARZON)","Cavite","Carmona",10407,42104000,106256,"042104000","domestic",501
2019,402106000,"Region IV-A (CALABARZON)","Cavite","Dasmariñas City","Region IV-A (CALABARZON)","Cavite","Dasmariñas City",6576,42106000,703141,"042106000","foreign",85
2019,402106000,"Region IV-A (CALABARZON)","Cavite","Dasmariñas City","Region IV-A (CALABARZON)","Cavite","Dasmariñas City",6576,42106000,703141,"042106000","overseas",NA
2019,402106000,"Region IV-A (CALABARZON)","Cavite","Dasmariñas City","Region IV-A (CALABARZON)","Cavite","Dasmariñas City",6576,42106000,703141,"042106000","domestic",6491
2019,402122000,"Region IV-A (CALABARZON)","Cavite","Trece Martires City","Region IV-A (CALABARZON)","Cavite","Trece Martirez",137825,42122000,210503,"042122000","foreign",57268
2019,402122000,"Region IV-A (CALABARZON)","Cavite","Trece Martires City","Region IV-A (CALABARZON)","Cavite","Trece Martirez",137825,42122000,210503,"042122000","overseas",NA
2019,402122000,"Region IV-A (CALABARZON)","Cavite","Trece Martires City","Region IV-A (CALABARZON)","Cavite","Trece Martirez",137825,42122000,210503,"042122000","domestic",80557
2019,403405000,"Region IV-A (CALABARZON)","Laguna","Calamba City","Region IV-A (CALABARZON)","Laguna","Calamba City",1097327,43405000,539671,"043405000","foreign",15558
2019,403405000,"Region IV-A (CALABARZON)","Laguna","Calamba City","Region IV-A (CALABARZON)","Laguna","Calamba City",1097327,43405000,539671,"043405000","overseas",NA
2019,403405000,"Region IV-A (CALABARZON)","Laguna","Calamba City","Region IV-A (CALABARZON)","Laguna","Calamba City",1097327,43405000,539671,"043405000","domestic",1081769
2019,403411000,"Region IV-A (CALABARZON)","Laguna","Los Baños","Region IV-A (CALABARZON)","Laguna","Los Bañ0s",68061,43411000,115353,"043411000","foreign",79
2019,403411000,"Region IV-A (CALABARZON)","Laguna","Los Baños","Region IV-A (CALABARZON)","Laguna","Los Bañ0s",68061,43411000,115353,"043411000","overseas",NA
2019,403411000,"Region IV-A (CALABARZON)","Laguna","Los Baños","Region IV-A (CALABARZON)","Laguna","Los Bañ0s",68061,43411000,115353,"043411000","domestic",67982
2019,403413000,"Region IV-A (CALABARZON)","Laguna","Lumban","Region IV-A (CALABARZON)","Laguna","Lumban",83712,43413000,32330,"043413000","foreign",2788
2019,403413000,"Region IV-A (CALABARZON)","Laguna","Lumban","Region IV-A (CALABARZON)","Laguna","Lumban",83712,43413000,32330,"043413000","overseas",NA
2019,403413000,"Region IV-A (CALABARZON)","Laguna","Lumban","Region IV-A (CALABARZON)","Laguna","Lumban",83712,43413000,32330,"043413000","domestic",80924
2019,403416000,"Region IV-A (CALABARZON)","Laguna","Majayjay","Region IV-A (CALABARZON)","Laguna","Majayjay",38222,43416000,27893,"043416000","foreign",30
2019,403416000,"Region IV-A (CALABARZON)","Laguna","Majayjay","Region IV-A (CALABARZON)","Laguna","Majayjay",38222,43416000,27893,"043416000","overseas",NA
2019,403416000,"Region IV-A (CALABARZON)","Laguna","Majayjay","Region IV-A (CALABARZON)","Laguna","Majayjay",38222,43416000,27893,"043416000","domestic",38192
2019,403417000,"Region IV-A (CALABARZON)","Laguna","Nagcarlan","Region IV-A (CALABARZON)","Laguna","Nagcarlan",8354,43417000,64866,"043417000","foreign",101
2019,403417000,"Region IV-A (CALABARZON)","Laguna","Nagcarlan","Region IV-A (CALABARZON)","Laguna","Nagcarlan",8354,43417000,64866,"043417000","overseas",52
2019,403417000,"Region IV-A (CALABARZON)","Laguna","Nagcarlan","Region IV-A (CALABARZON)","Laguna","Nagcarlan",8354,43417000,64866,"043417000","domestic",8201
2019,403426000,"Region IV-A (CALABARZON)","Laguna","Santa Cruz","Region IV-A (CALABARZON)","Laguna","Santa Cruz",8297,43426000,123574,"043426000","foreign",52
2019,403426000,"Region IV-A (CALABARZON)","Laguna","Santa Cruz","Region IV-A (CALABARZON)","Laguna","Santa Cruz",8297,43426000,123574,"043426000","overseas",NA
2019,403426000,"Region IV-A (CALABARZON)","Laguna","Santa Cruz","Region IV-A (CALABARZON)","Laguna","Santa Cruz",8297,43426000,123574,"043426000","domestic",8245
2019,403428000,"Region IV-A (CALABARZON)","Laguna","Santa Rosa City","Region IV-A (CALABARZON)","Laguna","Sta. Rosa City",6073,43428000,414812,"043428000","foreign",1168
2019,403428000,"Region IV-A (CALABARZON)","Laguna","Santa Rosa City","Region IV-A (CALABARZON)","Laguna","Sta. Rosa City",6073,43428000,414812,"043428000","overseas",NA
2019,403428000,"Region IV-A (CALABARZON)","Laguna","Santa Rosa City","Region IV-A (CALABARZON)","Laguna","Sta. Rosa City",6073,43428000,414812,"043428000","domestic",4905
2019,405602000,"Region IV-A (CALABARZON)","Quezon","Alabat","Region IV-A (CALABARZON)","Quezon","Alamat",1408,45602000,15936,"045602000","foreign",34
2019,405602000,"Region IV-A (CALABARZON)","Quezon","Alabat","Region IV-A (CALABARZON)","Quezon","Alamat",1408,45602000,15936,"045602000","overseas",NA
2019,405602000,"Region IV-A (CALABARZON)","Quezon","Alabat","Region IV-A (CALABARZON)","Quezon","Alamat",1408,45602000,15936,"045602000","domestic",1374
2019,405603000,"Region IV-A (CALABARZON)","Quezon","Atimonan","Region IV-A (CALABARZON)","Quezon","Atimonan",36121,45603000,64260,"045603000","foreign",722
2019,405603000,"Region IV-A (CALABARZON)","Quezon","Atimonan","Region IV-A (CALABARZON)","Quezon","Atimonan",36121,45603000,64260,"045603000","overseas",170
2019,405603000,"Region IV-A (CALABARZON)","Quezon","Atimonan","Region IV-A (CALABARZON)","Quezon","Atimonan",36121,45603000,64260,"045603000","domestic",35229
2019,405607000,"Region IV-A (CALABARZON)","Quezon","Calauag","Region IV-A (CALABARZON)","Quezon","Calauag",353,45607000,71809,"045607000","foreign",28
2019,405607000,"Region IV-A (CALABARZON)","Quezon","Calauag","Region IV-A (CALABARZON)","Quezon","Calauag",353,45607000,71809,"045607000","overseas",NA
2019,405607000,"Region IV-A (CALABARZON)","Quezon","Calauag","Region IV-A (CALABARZON)","Quezon","Calauag",353,45607000,71809,"045607000","domestic",325
2019,405608000,"Region IV-A (CALABARZON)","Quezon","Candelaria","Region IV-A (CALABARZON)","Quezon","Candelaria",3002,45608000,137881,"045608000","foreign",97
2019,405608000,"Region IV-A (CALABARZON)","Quezon","Candelaria","Region IV-A (CALABARZON)","Quezon","Candelaria",3002,45608000,137881,"045608000","overseas",NA
2019,405608000,"Region IV-A (CALABARZON)","Quezon","Candelaria","Region IV-A (CALABARZON)","Quezon","Candelaria",3002,45608000,137881,"045608000","domestic",2905
2019,405615000,"Region IV-A (CALABARZON)","Quezon","Dolores","Region IV-A (CALABARZON)","Quezon","Dolores",408,45615000,32514,"045615000","foreign",63
2019,405615000,"Region IV-A (CALABARZON)","Quezon","Dolores","Region IV-A (CALABARZON)","Quezon","Dolores",408,45615000,32514,"045615000","overseas",NA
2019,405615000,"Region IV-A (CALABARZON)","Quezon","Dolores","Region IV-A (CALABARZON)","Quezon","Dolores",408,45615000,32514,"045615000","domestic",345
2019,405617000,"Region IV-A (CALABARZON)","Quezon","General Nakar","Region IV-A (CALABARZON)","Quezon","General Nakar",24744,45617000,34225,"045617000","foreign",21
2019,405617000,"Region IV-A (CALABARZON)","Quezon","General Nakar","Region IV-A (CALABARZON)","Quezon","General Nakar",24744,45617000,34225,"045617000","overseas",NA
2019,405617000,"Region IV-A (CALABARZON)","Quezon","General Nakar","Region IV-A (CALABARZON)","Quezon","General Nakar",24744,45617000,34225,"045617000","domestic",24723
2019,405619000,"Region IV-A (CALABARZON)","Quezon","Gumaca","Region IV-A (CALABARZON)","Quezon","Gumaca",24839,45619000,71942,"045619000","foreign",87
2019,405619000,"Region IV-A (CALABARZON)","Quezon","Gumaca","Region IV-A (CALABARZON)","Quezon","Gumaca",24839,45619000,71942,"045619000","overseas",NA
2019,405619000,"Region IV-A (CALABARZON)","Quezon","Gumaca","Region IV-A (CALABARZON)","Quezon","Gumaca",24839,45619000,71942,"045619000","domestic",24752
2019,405620000,"Region IV-A (CALABARZON)","Quezon","Infanta","Region IV-A (CALABARZON)","Quezon","Infanta",39877,45620000,76186,"045620000","foreign",10
2019,405620000,"Region IV-A (CALABARZON)","Quezon","Infanta","Region IV-A (CALABARZON)","Quezon","Infanta",39877,45620000,76186,"045620000","overseas",NA
2019,405620000,"Region IV-A (CALABARZON)","Quezon","Infanta","Region IV-A (CALABARZON)","Quezon","Infanta",39877,45620000,76186,"045620000","domestic",39867
2019,405621000,"Region IV-A (CALABARZON)","Quezon","Jomalig","Region IV-A (CALABARZON)","Quezon","Jomalig",45352,45621000,7667,"045621000","foreign",41
2019,405621000,"Region IV-A (CALABARZON)","Quezon","Jomalig","Region IV-A (CALABARZON)","Quezon","Jomalig",45352,45621000,7667,"045621000","overseas",NA
2019,405621000,"Region IV-A (CALABARZON)","Quezon","Jomalig","Region IV-A (CALABARZON)","Quezon","Jomalig",45352,45621000,7667,"045621000","domestic",45311
2019,405622000,"Region IV-A (CALABARZON)","Quezon","Lopez","Region IV-A (CALABARZON)","Quezon","Lopez",2692,45622000,94657,"045622000","foreign",126
2019,405622000,"Region IV-A (CALABARZON)","Quezon","Lopez","Region IV-A (CALABARZON)","Quezon","Lopez",2692,45622000,94657,"045622000","overseas",NA
2019,405622000,"Region IV-A (CALABARZON)","Quezon","Lopez","Region IV-A (CALABARZON)","Quezon","Lopez",2692,45622000,94657,"045622000","domestic",2566
2019,405625000,"Region IV-A (CALABARZON)","Quezon","Macalelon","Region IV-A (CALABARZON)","Quezon","Macelolon",1088,45625000,27312,"045625000","foreign",4
2019,405625000,"Region IV-A (CALABARZON)","Quezon","Macalelon","Region IV-A (CALABARZON)","Quezon","Macelolon",1088,45625000,27312,"045625000","overseas",NA
2019,405625000,"Region IV-A (CALABARZON)","Quezon","Macalelon","Region IV-A (CALABARZON)","Quezon","Macelolon",1088,45625000,27312,"045625000","domestic",1084
2019,405628000,"Region IV-A (CALABARZON)","Quezon","Mulanay","Region IV-A (CALABARZON)","Quezon","Malunay",158660,45628000,55576,"045628000","foreign",1299
2019,405628000,"Region IV-A (CALABARZON)","Quezon","Mulanay","Region IV-A (CALABARZON)","Quezon","Malunay",158660,45628000,55576,"045628000","overseas",NA
2019,405628000,"Region IV-A (CALABARZON)","Quezon","Mulanay","Region IV-A (CALABARZON)","Quezon","Malunay",158660,45628000,55576,"045628000","domestic",157361
2019,405629000,"Region IV-A (CALABARZON)","Quezon","Padre Burgos","Region IV-A (CALABARZON)","Quezon","Padre Burgos",13178,45629000,23488,"045629000","foreign",234
2019,405629000,"Region IV-A (CALABARZON)","Quezon","Padre Burgos","Region IV-A (CALABARZON)","Quezon","Padre Burgos",13178,45629000,23488,"045629000","overseas",NA
2019,405629000,"Region IV-A (CALABARZON)","Quezon","Padre Burgos","Region IV-A (CALABARZON)","Quezon","Padre Burgos",13178,45629000,23488,"045629000","domestic",12944
2019,405630000,"Region IV-A (CALABARZON)","Quezon","Pagbilao","Region IV-A (CALABARZON)","Quezon","Pagbilao",617,45630000,78700,"045630000","foreign",125
2019,405630000,"Region IV-A (CALABARZON)","Quezon","Pagbilao","Region IV-A (CALABARZON)","Quezon","Pagbilao",617,45630000,78700,"045630000","overseas",NA
2019,405630000,"Region IV-A (CALABARZON)","Quezon","Pagbilao","Region IV-A (CALABARZON)","Quezon","Pagbilao",617,45630000,78700,"045630000","domestic",492
2019,405633000,"Region IV-A (CALABARZON)","Quezon","Perez","Region IV-A (CALABARZON)","Quezon","Perez",250,45633000,12767,"045633000","foreign",39
2019,405633000,"Region IV-A (CALABARZON)","Quezon","Perez","Region IV-A (CALABARZON)","Quezon","Perez",250,45633000,12767,"045633000","overseas",NA
2019,405633000,"Region IV-A (CALABARZON)","Quezon","Perez","Region IV-A (CALABARZON)","Quezon","Perez",250,45633000,12767,"045633000","domestic",211
2019,405635000,"Region IV-A (CALABARZON)","Quezon","Plaridel","Region IV-A (CALABARZON)","Quezon","Plaridel",2249,45635000,10129,"045635000","foreign",8
2019,405635000,"Region IV-A (CALABARZON)","Quezon","Plaridel","Region IV-A (CALABARZON)","Quezon","Plaridel",2249,45635000,10129,"045635000","overseas",NA
2019,405635000,"Region IV-A (CALABARZON)","Quezon","Plaridel","Region IV-A (CALABARZON)","Quezon","Plaridel",2249,45635000,10129,"045635000","domestic",2241
2019,405636000,"Region IV-A (CALABARZON)","Quezon","Polillo","Region IV-A (CALABARZON)","Quezon","Polillo",12738,45636000,31908,"045636000","foreign",222
2019,405636000,"Region IV-A (CALABARZON)","Quezon","Polillo","Region IV-A (CALABARZON)","Quezon","Polillo",12738,45636000,31908,"045636000","overseas",NA
2019,405636000,"Region IV-A (CALABARZON)","Quezon","Polillo","Region IV-A (CALABARZON)","Quezon","Polillo",12738,45636000,31908,"045636000","domestic",12516
2019,405637000,"Region IV-A (CALABARZON)","Quezon","Quezon","Region IV-A (CALABARZON)","Quezon","Quezon",2632,45637000,15886,"045637000","foreign",2
2019,405637000,"Region IV-A (CALABARZON)","Quezon","Quezon","Region IV-A (CALABARZON)","Quezon","Quezon",2632,45637000,15886,"045637000","overseas",NA
2019,405637000,"Region IV-A (CALABARZON)","Quezon","Quezon","Region IV-A (CALABARZON)","Quezon","Quezon",2632,45637000,15886,"045637000","domestic",2630
2019,405641000,"Region IV-A (CALABARZON)","Quezon","San Antonio","Region IV-A (CALABARZON)","Quezon","San Antonio",3041,45641000,35891,"045641000","foreign",59
2019,405641000,"Region IV-A (CALABARZON)","Quezon","San Antonio","Region IV-A (CALABARZON)","Quezon","San Antonio",3041,45641000,35891,"045641000","overseas",NA
2019,405641000,"Region IV-A (CALABARZON)","Quezon","San Antonio","Region IV-A (CALABARZON)","Quezon","San Antonio",3041,45641000,35891,"045641000","domestic",2982
2019,405645000,"Region IV-A (CALABARZON)","Quezon","Sariaya","Region IV-A (CALABARZON)","Quezon","Sariaya",467879,45645000,161868,"045645000","foreign",2465
2019,405645000,"Region IV-A (CALABARZON)","Quezon","Sariaya","Region IV-A (CALABARZON)","Quezon","Sariaya",467879,45645000,161868,"045645000","overseas",NA
2019,405645000,"Region IV-A (CALABARZON)","Quezon","Sariaya","Region IV-A (CALABARZON)","Quezon","Sariaya",467879,45645000,161868,"045645000","domestic",465414
2019,405646000,"Region IV-A (CALABARZON)","Quezon","Tagkawayan","Region IV-A (CALABARZON)","Quezon","Tagkawayan",6658,45646000,54003,"045646000","foreign",23
2019,405646000,"Region IV-A (CALABARZON)","Quezon","Tagkawayan","Region IV-A (CALABARZON)","Quezon","Tagkawayan",6658,45646000,54003,"045646000","overseas",NA
2019,405646000,"Region IV-A (CALABARZON)","Quezon","Tagkawayan","Region IV-A (CALABARZON)","Quezon","Tagkawayan",6658,45646000,54003,"045646000","domestic",6635
2019,405648000,"Region IV-A (CALABARZON)","Quezon","Tiaong","Region IV-A (CALABARZON)","Quezon","Tiaong",18751,45648000,106265,"045648000","foreign",351
2019,405648000,"Region IV-A (CALABARZON)","Quezon","Tiaong","Region IV-A (CALABARZON)","Quezon","Tiaong",18751,45648000,106265,"045648000","overseas",4285
2019,405648000,"Region IV-A (CALABARZON)","Quezon","Tiaong","Region IV-A (CALABARZON)","Quezon","Tiaong",18751,45648000,106265,"045648000","domestic",14115
2019,405802000,"Region IV-A (CALABARZON)","Rizal","Antipolo City","Region IV-A (CALABARZON)","Rizal","Antipolo City",690127,45802000,887399,"045802000","foreign",22
2019,405802000,"Region IV-A (CALABARZON)","Rizal","Antipolo City","Region IV-A (CALABARZON)","Rizal","Antipolo City",690127,45802000,887399,"045802000","overseas",NA
2019,405802000,"Region IV-A (CALABARZON)","Rizal","Antipolo City","Region IV-A (CALABARZON)","Rizal","Antipolo City",690127,45802000,887399,"045802000","domestic",690105
2019,405812000,"Region IV-A (CALABARZON)","Rizal","Tanay","Region IV-A (CALABARZON)","Rizal","Tanay",1014753,45812000,139420,"045812000","foreign",2025
2019,405812000,"Region IV-A (CALABARZON)","Rizal","Tanay","Region IV-A (CALABARZON)","Rizal","Tanay",1014753,45812000,139420,"045812000","overseas",NA
2019,405812000,"Region IV-A (CALABARZON)","Rizal","Tanay","Region IV-A (CALABARZON)","Rizal","Tanay",1014753,45812000,139420,"045812000","domestic",1012728
2019,405813000,"Region IV-A (CALABARZON)","Rizal","Taytay","Region IV-A (CALABARZON)","Rizal","Taytay",573835,45813000,386451,"045813000","foreign",12077
2019,405813000,"Region IV-A (CALABARZON)","Rizal","Taytay","Region IV-A (CALABARZON)","Rizal","Taytay",573835,45813000,386451,"045813000","overseas",NA
2019,405813000,"Region IV-A (CALABARZON)","Rizal","Taytay","Region IV-A (CALABARZON)","Rizal","Taytay",573835,45813000,386451,"045813000","domestic",561758
2019,431200000,"Region IV-A (CALABARZON)","Quezon","Lucena City","Region IV-A (CALABARZON)","Quezon","Lucena City",78459,45624000,278924,"045624000","foreign",512
2019,431200000,"Region IV-A (CALABARZON)","Quezon","Lucena City","Region IV-A (CALABARZON)","Quezon","Lucena City",78459,45624000,278924,"045624000","overseas",NA
2019,431200000,"Region IV-A (CALABARZON)","Quezon","Lucena City","Region IV-A (CALABARZON)","Quezon","Lucena City",78459,45624000,278924,"045624000","domestic",77947
2019,500501000,"Region V (Bicol Region)","Albay","Bacacay","Region V  (BICOL REGION)","Albay","Bacacay",57068,50501000,72485,"050501000","foreign",3643
2019,500501000,"Region V (Bicol Region)","Albay","Bacacay","Region V  (BICOL REGION)","Albay","Bacacay",57068,50501000,72485,"050501000","overseas",NA
2019,500501000,"Region V (Bicol Region)","Albay","Bacacay","Region V  (BICOL REGION)","Albay","Bacacay",57068,50501000,72485,"050501000","domestic",53425
2019,500502000,"Region V (Bicol Region)","Albay","Camalig","Region V  (BICOL REGION)","Albay","Camalig",1807,50502000,72042,"050502000","foreign",27
2019,500502000,"Region V (Bicol Region)","Albay","Camalig","Region V  (BICOL REGION)","Albay","Camalig",1807,50502000,72042,"050502000","overseas",NA
2019,500502000,"Region V (Bicol Region)","Albay","Camalig","Region V  (BICOL REGION)","Albay","Camalig",1807,50502000,72042,"050502000","domestic",1780
2019,500503000,"Region V (Bicol Region)","Albay","Daraga","Region V  (BICOL REGION)","Albay","Daraga",75129,50503000,133893,"050503000","foreign",2030
2019,500503000,"Region V (Bicol Region)","Albay","Daraga","Region V  (BICOL REGION)","Albay","Daraga",75129,50503000,133893,"050503000","overseas",118
2019,500503000,"Region V (Bicol Region)","Albay","Daraga","Region V  (BICOL REGION)","Albay","Daraga",75129,50503000,133893,"050503000","domestic",72981
2019,500504000,"Region V (Bicol Region)","Albay","Guinobatan","Region V  (BICOL REGION)","Albay","Guinobotan",37409,50504000,85786,"050504000","foreign",122
2019,500504000,"Region V (Bicol Region)","Albay","Guinobatan","Region V  (BICOL REGION)","Albay","Guinobotan",37409,50504000,85786,"050504000","overseas",NA
2019,500504000,"Region V (Bicol Region)","Albay","Guinobatan","Region V  (BICOL REGION)","Albay","Guinobotan",37409,50504000,85786,"050504000","domestic",37287
2019,500506000,"Region V (Bicol Region)","Albay","Legazpi City","Region V  (BICOL REGION)","Albay","Legazpi City",1278115,50506000,209533,"050506000","foreign",266326
2019,500506000,"Region V (Bicol Region)","Albay","Legazpi City","Region V  (BICOL REGION)","Albay","Legazpi City",1278115,50506000,209533,"050506000","overseas",NA
2019,500506000,"Region V (Bicol Region)","Albay","Legazpi City","Region V  (BICOL REGION)","Albay","Legazpi City",1278115,50506000,209533,"050506000","domestic",1011789
2019,500507000,"Region V (Bicol Region)","Albay","Libon","Region V  (BICOL REGION)","Albay","Libon",3578,50507000,75073,"050507000","foreign",35
2019,500507000,"Region V (Bicol Region)","Albay","Libon","Region V  (BICOL REGION)","Albay","Libon",3578,50507000,75073,"050507000","overseas",NA
2019,500507000,"Region V (Bicol Region)","Albay","Libon","Region V  (BICOL REGION)","Albay","Libon",3578,50507000,75073,"050507000","domestic",3543
2019,500508000,"Region V (Bicol Region)","Albay","Ligao City","Region V  (BICOL REGION)","Albay","Ligao City",95900,50508000,118096,"050508000","foreign",83
2019,500508000,"Region V (Bicol Region)","Albay","Ligao City","Region V  (BICOL REGION)","Albay","Ligao City",95900,50508000,118096,"050508000","overseas",NA
2019,500508000,"Region V (Bicol Region)","Albay","Ligao City","Region V  (BICOL REGION)","Albay","Ligao City",95900,50508000,118096,"050508000","domestic",95817
2019,500509000,"Region V (Bicol Region)","Albay","Malilipot","Region V  (BICOL REGION)","Albay","Malilipot",16808,50509000,40857,"050509000","foreign",73
2019,500509000,"Region V (Bicol Region)","Albay","Malilipot","Region V  (BICOL REGION)","Albay","Malilipot",16808,50509000,40857,"050509000","overseas",NA
2019,500509000,"Region V (Bicol Region)","Albay","Malilipot","Region V  (BICOL REGION)","Albay","Malilipot",16808,50509000,40857,"050509000","domestic",16735
2019,500511000,"Region V (Bicol Region)","Albay","Manito","Region V  (BICOL REGION)","Albay","Manito",6076,50511000,26162,"050511000","foreign",70
2019,500511000,"Region V (Bicol Region)","Albay","Manito","Region V  (BICOL REGION)","Albay","Manito",6076,50511000,26162,"050511000","overseas",NA
2019,500511000,"Region V (Bicol Region)","Albay","Manito","Region V  (BICOL REGION)","Albay","Manito",6076,50511000,26162,"050511000","domestic",6006
2019,500512000,"Region V (Bicol Region)","Albay","Oas","Region V  (BICOL REGION)","Albay","Oas",62109,50512000,66084,"050512000","foreign",1200
2019,500512000,"Region V (Bicol Region)","Albay","Oas","Region V  (BICOL REGION)","Albay","Oas",62109,50512000,66084,"050512000","overseas",NA
2019,500512000,"Region V (Bicol Region)","Albay","Oas","Region V  (BICOL REGION)","Albay","Oas",62109,50512000,66084,"050512000","domestic",60909
2019,500513000,"Region V (Bicol Region)","Albay","Pio Duran","Region V  (BICOL REGION)","Albay","Pio Duran",7782,50513000,49070,"050513000","foreign",42
2019,500513000,"Region V (Bicol Region)","Albay","Pio Duran","Region V  (BICOL REGION)","Albay","Pio Duran",7782,50513000,49070,"050513000","overseas",NA
2019,500513000,"Region V (Bicol Region)","Albay","Pio Duran","Region V  (BICOL REGION)","Albay","Pio Duran",7782,50513000,49070,"050513000","domestic",7740
2019,500514000,"Region V (Bicol Region)","Albay","Polangui","Region V  (BICOL REGION)","Albay","Polangui",42366,50514000,89176,"050514000","foreign",2873
2019,500514000,"Region V (Bicol Region)","Albay","Polangui","Region V  (BICOL REGION)","Albay","Polangui",42366,50514000,89176,"050514000","overseas",143
2019,500514000,"Region V (Bicol Region)","Albay","Polangui","Region V  (BICOL REGION)","Albay","Polangui",42366,50514000,89176,"050514000","domestic",39350
2019,500515000,"Region V (Bicol Region)","Albay","Rapu-Rapu","Region V  (BICOL REGION)","Albay","Rapu Rapu",5820,50515000,36151,"050515000","foreign",270
2019,500515000,"Region V (Bicol Region)","Albay","Rapu-Rapu","Region V  (BICOL REGION)","Albay","Rapu Rapu",5820,50515000,36151,"050515000","overseas",40
2019,500515000,"Region V (Bicol Region)","Albay","Rapu-Rapu","Region V  (BICOL REGION)","Albay","Rapu Rapu",5820,50515000,36151,"050515000","domestic",5510
2019,500516000,"Region V (Bicol Region)","Albay","Santo Domingo","Region V  (BICOL REGION)","Albay","Sto. Domingo",45902,50516000,37765,"050516000","foreign",556
2019,500516000,"Region V (Bicol Region)","Albay","Santo Domingo","Region V  (BICOL REGION)","Albay","Sto. Domingo",45902,50516000,37765,"050516000","overseas",NA
2019,500516000,"Region V (Bicol Region)","Albay","Santo Domingo","Region V  (BICOL REGION)","Albay","Sto. Domingo",45902,50516000,37765,"050516000","domestic",45346
2019,500517000,"Region V (Bicol Region)","Albay","Tabaco City","Region V  (BICOL REGION)","Albay","Tabaco City",79900,50517000,140961,"050517000","foreign",3613
2019,500517000,"Region V (Bicol Region)","Albay","Tabaco City","Region V  (BICOL REGION)","Albay","Tabaco City",79900,50517000,140961,"050517000","overseas",NA
2019,500517000,"Region V (Bicol Region)","Albay","Tabaco City","Region V  (BICOL REGION)","Albay","Tabaco City",79900,50517000,140961,"050517000","domestic",76287
2019,500518000,"Region V (Bicol Region)","Albay","Tiwi","Region V  (BICOL REGION)","Albay","Tiwi",9149,50518000,56444,"050518000","foreign",136
2019,500518000,"Region V (Bicol Region)","Albay","Tiwi","Region V  (BICOL REGION)","Albay","Tiwi",9149,50518000,56444,"050518000","overseas",NA
2019,500518000,"Region V (Bicol Region)","Albay","Tiwi","Region V  (BICOL REGION)","Albay","Tiwi",9149,50518000,56444,"050518000","domestic",9013
2019,501601000,"Region V (Bicol Region)","Camarines Norte","Basud","Region V  (BICOL REGION)","Camarines Norte","Basud",15463,51601000,45133,"051601000","foreign",24
2019,501601000,"Region V (Bicol Region)","Camarines Norte","Basud","Region V  (BICOL REGION)","Camarines Norte","Basud",15463,51601000,45133,"051601000","overseas",NA
2019,501601000,"Region V (Bicol Region)","Camarines Norte","Basud","Region V  (BICOL REGION)","Camarines Norte","Basud",15463,51601000,45133,"051601000","domestic",15439
2019,501602000,"Region V (Bicol Region)","Camarines Norte","Capalonga","Region V  (BICOL REGION)","Camarines Norte","Capalonga",51505,51602000,36223,"051602000","foreign",681
2019,501602000,"Region V (Bicol Region)","Camarines Norte","Capalonga","Region V  (BICOL REGION)","Camarines Norte","Capalonga",51505,51602000,36223,"051602000","overseas",NA
2019,501602000,"Region V (Bicol Region)","Camarines Norte","Capalonga","Region V  (BICOL REGION)","Camarines Norte","Capalonga",51505,51602000,36223,"051602000","domestic",50824
2019,501603000,"Region V (Bicol Region)","Camarines Norte","Daet","Region V  (BICOL REGION)","Camarines Norte","Daet",300810,51603000,111700,"051603000","foreign",41294
2019,501603000,"Region V (Bicol Region)","Camarines Norte","Daet","Region V  (BICOL REGION)","Camarines Norte","Daet",300810,51603000,111700,"051603000","overseas",4965
2019,501603000,"Region V (Bicol Region)","Camarines Norte","Daet","Region V  (BICOL REGION)","Camarines Norte","Daet",300810,51603000,111700,"051603000","domestic",254551
2019,501605000,"Region V (Bicol Region)","Camarines Norte","Jose Panganiban","Region V  (BICOL REGION)","Camarines Norte","Jose Panganiban",114846,51605000,63662,"051605000","foreign",228
2019,501605000,"Region V (Bicol Region)","Camarines Norte","Jose Panganiban","Region V  (BICOL REGION)","Camarines Norte","Jose Panganiban",114846,51605000,63662,"051605000","overseas",NA
2019,501605000,"Region V (Bicol Region)","Camarines Norte","Jose Panganiban","Region V  (BICOL REGION)","Camarines Norte","Jose Panganiban",114846,51605000,63662,"051605000","domestic",114618
2019,501606000,"Region V (Bicol Region)","Camarines Norte","Labo","Region V  (BICOL REGION)","Camarines Norte","Labo",52217,51606000,109245,"051606000","foreign",2951
2019,501606000,"Region V (Bicol Region)","Camarines Norte","Labo","Region V  (BICOL REGION)","Camarines Norte","Labo",52217,51606000,109245,"051606000","overseas",NA
2019,501606000,"Region V (Bicol Region)","Camarines Norte","Labo","Region V  (BICOL REGION)","Camarines Norte","Labo",52217,51606000,109245,"051606000","domestic",49266
2019,501607000,"Region V (Bicol Region)","Camarines Norte","Mercedes","Region V  (BICOL REGION)","Camarines Norte","Mercedes",85310,51607000,55334,"051607000","foreign",341
2019,501607000,"Region V (Bicol Region)","Camarines Norte","Mercedes","Region V  (BICOL REGION)","Camarines Norte","Mercedes",85310,51607000,55334,"051607000","overseas",NA
2019,501607000,"Region V (Bicol Region)","Camarines Norte","Mercedes","Region V  (BICOL REGION)","Camarines Norte","Mercedes",85310,51607000,55334,"051607000","domestic",84969
2019,501608000,"Region V (Bicol Region)","Camarines Norte","Paracale","Region V  (BICOL REGION)","Camarines Norte","Paracale",72200,51608000,60198,"051608000","foreign",652
2019,501608000,"Region V (Bicol Region)","Camarines Norte","Paracale","Region V  (BICOL REGION)","Camarines Norte","Paracale",72200,51608000,60198,"051608000","overseas",NA
2019,501608000,"Region V (Bicol Region)","Camarines Norte","Paracale","Region V  (BICOL REGION)","Camarines Norte","Paracale",72200,51608000,60198,"051608000","domestic",71548
2019,501610000,"Region V (Bicol Region)","Camarines Norte","Santa Elena","Region V  (BICOL REGION)","Camarines Norte","Santa Elena",10526,51610000,43582,"051610000","foreign",97
2019,501610000,"Region V (Bicol Region)","Camarines Norte","Santa Elena","Region V  (BICOL REGION)","Camarines Norte","Santa Elena",10526,51610000,43582,"051610000","overseas",NA
2019,501610000,"Region V (Bicol Region)","Camarines Norte","Santa Elena","Region V  (BICOL REGION)","Camarines Norte","Santa Elena",10526,51610000,43582,"051610000","domestic",10429
2019,501611000,"Region V (Bicol Region)","Camarines Norte","Talisay","Region V  (BICOL REGION)","Camarines Norte","Talisay",10866,51611000,27244,"051611000","foreign",29
2019,501611000,"Region V (Bicol Region)","Camarines Norte","Talisay","Region V  (BICOL REGION)","Camarines Norte","Talisay",10866,51611000,27244,"051611000","overseas",NA
2019,501611000,"Region V (Bicol Region)","Camarines Norte","Talisay","Region V  (BICOL REGION)","Camarines Norte","Talisay",10866,51611000,27244,"051611000","domestic",10837
2019,501612000,"Region V (Bicol Region)","Camarines Norte","Vinzons","Region V  (BICOL REGION)","Camarines Norte","Vinzons",218606,51612000,49042,"051612000","foreign",3719
2019,501612000,"Region V (Bicol Region)","Camarines Norte","Vinzons","Region V  (BICOL REGION)","Camarines Norte","Vinzons",218606,51612000,49042,"051612000","overseas",23517
2019,501612000,"Region V (Bicol Region)","Camarines Norte","Vinzons","Region V  (BICOL REGION)","Camarines Norte","Vinzons",218606,51612000,49042,"051612000","domestic",191370
2019,501716000,"Region V (Bicol Region)","Camarines Sur","Iriga City","Region V  (BICOL REGION)","Camarines Sur","Iriga City",51542,51716000,114457,"051716000","foreign",13657
2019,501716000,"Region V (Bicol Region)","Camarines Sur","Iriga City","Region V  (BICOL REGION)","Camarines Sur","Iriga City",51542,51716000,114457,"051716000","overseas",NA
2019,501716000,"Region V (Bicol Region)","Camarines Sur","Iriga City","Region V  (BICOL REGION)","Camarines Sur","Iriga City",51542,51716000,114457,"051716000","domestic",37885
2019,502001000,"Region V (Bicol Region)","Catanduanes","Bagamanoc","Region V  (BICOL REGION)","Catanduanes","Bagamanoc",3876,52001000,11086,"052001000","foreign",115
2019,502001000,"Region V (Bicol Region)","Catanduanes","Bagamanoc","Region V  (BICOL REGION)","Catanduanes","Bagamanoc",3876,52001000,11086,"052001000","overseas",NA
2019,502001000,"Region V (Bicol Region)","Catanduanes","Bagamanoc","Region V  (BICOL REGION)","Catanduanes","Bagamanoc",3876,52001000,11086,"052001000","domestic",3761
2019,502002000,"Region V (Bicol Region)","Catanduanes","Baras","Region V  (BICOL REGION)","Catanduanes","Baras",11891,52002000,13484,"052002000","foreign",1298
2019,502002000,"Region V (Bicol Region)","Catanduanes","Baras","Region V  (BICOL REGION)","Catanduanes","Baras",11891,52002000,13484,"052002000","overseas",NA
2019,502002000,"Region V (Bicol Region)","Catanduanes","Baras","Region V  (BICOL REGION)","Catanduanes","Baras",11891,52002000,13484,"052002000","domestic",10593
2019,502004000,"Region V (Bicol Region)","Catanduanes","Caramoran","Region V  (BICOL REGION)","Catanduanes","Caramoran",1317,52004000,32114,"052004000","foreign",45
2019,502004000,"Region V (Bicol Region)","Catanduanes","Caramoran","Region V  (BICOL REGION)","Catanduanes","Caramoran",1317,52004000,32114,"052004000","overseas",NA
2019,502004000,"Region V (Bicol Region)","Catanduanes","Caramoran","Region V  (BICOL REGION)","Catanduanes","Caramoran",1317,52004000,32114,"052004000","domestic",1272
2019,502005000,"Region V (Bicol Region)","Catanduanes","Gigmoto","Region V  (BICOL REGION)","Catanduanes","Gigmoto",573,52005000,8712,"052005000","foreign",7
2019,502005000,"Region V (Bicol Region)","Catanduanes","Gigmoto","Region V  (BICOL REGION)","Catanduanes","Gigmoto",573,52005000,8712,"052005000","overseas",NA
2019,502005000,"Region V (Bicol Region)","Catanduanes","Gigmoto","Region V  (BICOL REGION)","Catanduanes","Gigmoto",573,52005000,8712,"052005000","domestic",566
2019,502006000,"Region V (Bicol Region)","Catanduanes","Pandan","Region V  (BICOL REGION)","Catanduanes","Pandan",9764,52006000,21473,"052006000","foreign",328
2019,502006000,"Region V (Bicol Region)","Catanduanes","Pandan","Region V  (BICOL REGION)","Catanduanes","Pandan",9764,52006000,21473,"052006000","overseas",NA
2019,502006000,"Region V (Bicol Region)","Catanduanes","Pandan","Region V  (BICOL REGION)","Catanduanes","Pandan",9764,52006000,21473,"052006000","domestic",9436
2019,502007000,"Region V (Bicol Region)","Catanduanes","Panganiban","Region V  (BICOL REGION)","Catanduanes","Panganiban",1112,52007000,9713,"052007000","foreign",3
2019,502007000,"Region V (Bicol Region)","Catanduanes","Panganiban","Region V  (BICOL REGION)","Catanduanes","Panganiban",1112,52007000,9713,"052007000","overseas",NA
2019,502007000,"Region V (Bicol Region)","Catanduanes","Panganiban","Region V  (BICOL REGION)","Catanduanes","Panganiban",1112,52007000,9713,"052007000","domestic",1109
2019,502008000,"Region V (Bicol Region)","Catanduanes","San Andres","Region V  (BICOL REGION)","Catanduanes","San Andres",24705,52008000,38480,"052008000","foreign",586
2019,502008000,"Region V (Bicol Region)","Catanduanes","San Andres","Region V  (BICOL REGION)","Catanduanes","San Andres",24705,52008000,38480,"052008000","overseas",NA
2019,502008000,"Region V (Bicol Region)","Catanduanes","San Andres","Region V  (BICOL REGION)","Catanduanes","San Andres",24705,52008000,38480,"052008000","domestic",24119
2019,502010000,"Region V (Bicol Region)","Catanduanes","Viga","Region V  (BICOL REGION)","Catanduanes","Viga",2203,52010000,22869,"052010000","foreign",22
2019,502010000,"Region V (Bicol Region)","Catanduanes","Viga","Region V  (BICOL REGION)","Catanduanes","Viga",2203,52010000,22869,"052010000","overseas",NA
2019,502010000,"Region V (Bicol Region)","Catanduanes","Viga","Region V  (BICOL REGION)","Catanduanes","Viga",2203,52010000,22869,"052010000","domestic",2181
2019,502011000,"Region V (Bicol Region)","Catanduanes","Virac","Region V  (BICOL REGION)","Catanduanes","Virac",186905,52011000,76520,"052011000","foreign",4684
2019,502011000,"Region V (Bicol Region)","Catanduanes","Virac","Region V  (BICOL REGION)","Catanduanes","Virac",186905,52011000,76520,"052011000","overseas",NA
2019,502011000,"Region V (Bicol Region)","Catanduanes","Virac","Region V  (BICOL REGION)","Catanduanes","Virac",186905,52011000,76520,"052011000","domestic",182221
2019,504101000,"Region V (Bicol Region)","Masbate","Aroroy","Region V  (BICOL REGION)","Masbate","Aroroy",447,54101000,88351,"054101000","foreign",70
2019,504101000,"Region V (Bicol Region)","Masbate","Aroroy","Region V  (BICOL REGION)","Masbate","Aroroy",447,54101000,88351,"054101000","overseas",NA
2019,504101000,"Region V (Bicol Region)","Masbate","Aroroy","Region V  (BICOL REGION)","Masbate","Aroroy",447,54101000,88351,"054101000","domestic",377
2019,504103000,"Region V (Bicol Region)","Masbate","Balud","Region V  (BICOL REGION)","Masbate","Balud",21452,54103000,40155,"054103000","foreign",181
2019,504103000,"Region V (Bicol Region)","Masbate","Balud","Region V  (BICOL REGION)","Masbate","Balud",21452,54103000,40155,"054103000","overseas",NA
2019,504103000,"Region V (Bicol Region)","Masbate","Balud","Region V  (BICOL REGION)","Masbate","Balud",21452,54103000,40155,"054103000","domestic",21271
2019,504107000,"Region V (Bicol Region)","Masbate","Claveria","Region V  (BICOL REGION)","Masbate","Claveria",1587,54107000,42142,"054107000","foreign",13
2019,504107000,"Region V (Bicol Region)","Masbate","Claveria","Region V  (BICOL REGION)","Masbate","Claveria",1587,54107000,42142,"054107000","overseas",NA
2019,504107000,"Region V (Bicol Region)","Masbate","Claveria","Region V  (BICOL REGION)","Masbate","Claveria",1587,54107000,42142,"054107000","domestic",1574
2019,504111000,"Region V (Bicol Region)","Masbate","Masbate City","Region V  (BICOL REGION)","Masbate","Masbate City",101612,54111000,104522,"054111000","foreign",3255
2019,504111000,"Region V (Bicol Region)","Masbate","Masbate City","Region V  (BICOL REGION)","Masbate","Masbate City",101612,54111000,104522,"054111000","overseas",NA
2019,504111000,"Region V (Bicol Region)","Masbate","Masbate City","Region V  (BICOL REGION)","Masbate","Masbate City",101612,54111000,104522,"054111000","domestic",98357
2019,504117000,"Region V (Bicol Region)","Masbate","Placer","Region V  (BICOL REGION)","Masbate","Placer",15407,54117000,56340,"054117000","foreign",310
2019,504117000,"Region V (Bicol Region)","Masbate","Placer","Region V  (BICOL REGION)","Masbate","Placer",15407,54117000,56340,"054117000","overseas",NA
2019,504117000,"Region V (Bicol Region)","Masbate","Placer","Region V  (BICOL REGION)","Masbate","Placer",15407,54117000,56340,"054117000","domestic",15097
2019,506216000,"Region V (Bicol Region)","Sorsogon","Sorsogon City","Region V  (BICOL REGION)","Sorsogon Province","Sorsogon City",86658,56216000,182237,"056216000","foreign",5115
2019,506216000,"Region V (Bicol Region)","Sorsogon","Sorsogon City","Region V  (BICOL REGION)","Sorsogon Province","Sorsogon City",86658,56216000,182237,"056216000","overseas",NA
2019,506216000,"Region V (Bicol Region)","Sorsogon","Sorsogon City","Region V  (BICOL REGION)","Sorsogon Province","Sorsogon City",86658,56216000,182237,"056216000","domestic",81543
2019,600407000,"Region VI (Western Visayas)","Aklan","Kalibo","Region VI  (WESTERN VISAYAS)","Aklan","Kalibo",217082,60407000,89127,"060407000","foreign",24670
2019,600407000,"Region VI (Western Visayas)","Aklan","Kalibo","Region VI  (WESTERN VISAYAS)","Aklan","Kalibo",217082,60407000,89127,"060407000","overseas",NA
2019,600407000,"Region VI (Western Visayas)","Aklan","Kalibo","Region VI  (WESTERN VISAYAS)","Aklan","Kalibo",217082,60407000,89127,"060407000","domestic",192412
2019,600412000,"Region VI (Western Visayas)","Aklan","Malay","Region VI  (WESTERN VISAYAS)","Aklan","Malay",2034599,60412000,60077,"060412000","foreign",1037619
2019,600412000,"Region VI (Western Visayas)","Aklan","Malay","Region VI  (WESTERN VISAYAS)","Aklan","Malay",2034599,60412000,60077,"060412000","overseas",64547
2019,600412000,"Region VI (Western Visayas)","Aklan","Malay","Region VI  (WESTERN VISAYAS)","Aklan","Malay",2034599,60412000,60077,"060412000","domestic",932433
2019,600414000,"Region VI (Western Visayas)","Aklan","Nabas","Region VI  (WESTERN VISAYAS)","Aklan","Nabas",285,60414000,40632,"060414000","foreign",23
2019,600414000,"Region VI (Western Visayas)","Aklan","Nabas","Region VI  (WESTERN VISAYAS)","Aklan","Nabas",285,60414000,40632,"060414000","overseas",NA
2019,600414000,"Region VI (Western Visayas)","Aklan","Nabas","Region VI  (WESTERN VISAYAS)","Aklan","Nabas",285,60414000,40632,"060414000","domestic",262
2019,600601000,"Region VI (Western Visayas)","Antique","Anini-Y","Region VI  (WESTERN VISAYAS)","Antique","Anini-y",5971,60601000,22018,"060601000","foreign",19
2019,600601000,"Region VI (Western Visayas)","Antique","Anini-Y","Region VI  (WESTERN VISAYAS)","Antique","Anini-y",5971,60601000,22018,"060601000","overseas",NA
2019,600601000,"Region VI (Western Visayas)","Antique","Anini-Y","Region VI  (WESTERN VISAYAS)","Antique","Anini-y",5971,60601000,22018,"060601000","domestic",5952
2019,600603000,"Region VI (Western Visayas)","Antique","Belison","Region VI  (WESTERN VISAYAS)","Antique","Belison",783,60603000,14129,"060603000","foreign",3
2019,600603000,"Region VI (Western Visayas)","Antique","Belison","Region VI  (WESTERN VISAYAS)","Antique","Belison",783,60603000,14129,"060603000","overseas",NA
2019,600603000,"Region VI (Western Visayas)","Antique","Belison","Region VI  (WESTERN VISAYAS)","Antique","Belison",783,60603000,14129,"060603000","domestic",780
2019,600606000,"Region VI (Western Visayas)","Antique","Culasi","Region VI  (WESTERN VISAYAS)","Antique","Culasi",18243,60606000,44494,"060606000","foreign",2103
2019,600606000,"Region VI (Western Visayas)","Antique","Culasi","Region VI  (WESTERN VISAYAS)","Antique","Culasi",18243,60606000,44494,"060606000","overseas",NA
2019,600606000,"Region VI (Western Visayas)","Antique","Culasi","Region VI  (WESTERN VISAYAS)","Antique","Culasi",18243,60606000,44494,"060606000","domestic",16140
2019,600611000,"Region VI (Western Visayas)","Antique","Pandan","Region VI  (WESTERN VISAYAS)","Antique","Pandan",8948,60611000,35965,"060611000","foreign",2295
2019,600611000,"Region VI (Western Visayas)","Antique","Pandan","Region VI  (WESTERN VISAYAS)","Antique","Pandan",8948,60611000,35965,"060611000","overseas",NA
2019,600611000,"Region VI (Western Visayas)","Antique","Pandan","Region VI  (WESTERN VISAYAS)","Antique","Pandan",8948,60611000,35965,"060611000","domestic",6653
2019,600616000,"Region VI (Western Visayas)","Antique","Sibalom","Region VI  (WESTERN VISAYAS)","Antique","Sibalom",2480,60616000,63833,"060616000","foreign",6
2019,600616000,"Region VI (Western Visayas)","Antique","Sibalom","Region VI  (WESTERN VISAYAS)","Antique","Sibalom",2480,60616000,63833,"060616000","overseas",NA
2019,600616000,"Region VI (Western Visayas)","Antique","Sibalom","Region VI  (WESTERN VISAYAS)","Antique","Sibalom",2480,60616000,63833,"060616000","domestic",2474
2019,600618000,"Region VI (Western Visayas)","Antique","Valderrama","Region VI  (WESTERN VISAYAS)","Antique","Valderrama",248,60618000,19971,"060618000","foreign",13
2019,600618000,"Region VI (Western Visayas)","Antique","Valderrama","Region VI  (WESTERN VISAYAS)","Antique","Valderrama",248,60618000,19971,"060618000","overseas",NA
2019,600618000,"Region VI (Western Visayas)","Antique","Valderrama","Region VI  (WESTERN VISAYAS)","Antique","Valderrama",248,60618000,19971,"060618000","domestic",235
2019,601903000,"Region VI (Western Visayas)","Capiz","Dumalag","Region VI  (WESTERN VISAYAS)","Capiz","Dumalag",1435,61903000,30098,"061903000","foreign",60
2019,601903000,"Region VI (Western Visayas)","Capiz","Dumalag","Region VI  (WESTERN VISAYAS)","Capiz","Dumalag",1435,61903000,30098,"061903000","overseas",NA
2019,601903000,"Region VI (Western Visayas)","Capiz","Dumalag","Region VI  (WESTERN VISAYAS)","Capiz","Dumalag",1435,61903000,30098,"061903000","domestic",1375
2019,601905000,"Region VI (Western Visayas)","Capiz","Ivisan","Region VI  (WESTERN VISAYAS)","Capiz","Ivisan",2720,61905000,31278,"061905000","foreign",70
2019,601905000,"Region VI (Western Visayas)","Capiz","Ivisan","Region VI  (WESTERN VISAYAS)","Capiz","Ivisan",2720,61905000,31278,"061905000","overseas",NA
2019,601905000,"Region VI (Western Visayas)","Capiz","Ivisan","Region VI  (WESTERN VISAYAS)","Capiz","Ivisan",2720,61905000,31278,"061905000","domestic",2650
2019,601906000,"Region VI (Western Visayas)","Capiz","Jamindan","Region VI  (WESTERN VISAYAS)","Capiz","Jamindan",782,61906000,38670,"061906000","foreign",1
2019,601906000,"Region VI (Western Visayas)","Capiz","Jamindan","Region VI  (WESTERN VISAYAS)","Capiz","Jamindan",782,61906000,38670,"061906000","overseas",NA
2019,601906000,"Region VI (Western Visayas)","Capiz","Jamindan","Region VI  (WESTERN VISAYAS)","Capiz","Jamindan",782,61906000,38670,"061906000","domestic",781
2019,601908000,"Region VI (Western Visayas)","Capiz","Mambusao","Region VI  (WESTERN VISAYAS)","Capiz","Mambusao",2842,61908000,40690,"061908000","foreign",3
2019,601908000,"Region VI (Western Visayas)","Capiz","Mambusao","Region VI  (WESTERN VISAYAS)","Capiz","Mambusao",2842,61908000,40690,"061908000","overseas",NA
2019,601908000,"Region VI (Western Visayas)","Capiz","Mambusao","Region VI  (WESTERN VISAYAS)","Capiz","Mambusao",2842,61908000,40690,"061908000","domestic",2839
2019,601909000,"Region VI (Western Visayas)","Capiz","Panay","Region VI  (WESTERN VISAYAS)","Capiz","Panay",7791,61909000,48890,"061909000","foreign",21
2019,601909000,"Region VI (Western Visayas)","Capiz","Panay","Region VI  (WESTERN VISAYAS)","Capiz","Panay",7791,61909000,48890,"061909000","overseas",NA
2019,601909000,"Region VI (Western Visayas)","Capiz","Panay","Region VI  (WESTERN VISAYAS)","Capiz","Panay",7791,61909000,48890,"061909000","domestic",7770
2019,601911000,"Region VI (Western Visayas)","Capiz","Pilar","Region VI  (WESTERN VISAYAS)","Capiz","Pilar",3942,61911000,47100,"061911000","foreign",93
2019,601911000,"Region VI (Western Visayas)","Capiz","Pilar","Region VI  (WESTERN VISAYAS)","Capiz","Pilar",3942,61911000,47100,"061911000","overseas",3
2019,601911000,"Region VI (Western Visayas)","Capiz","Pilar","Region VI  (WESTERN VISAYAS)","Capiz","Pilar",3942,61911000,47100,"061911000","domestic",3846
2019,601912000,"Region VI (Western Visayas)","Capiz","Pontevedra","Region VI  (WESTERN VISAYAS)","Capiz","Pontevedra",11525,61912000,49725,"061912000","foreign",1
2019,601912000,"Region VI (Western Visayas)","Capiz","Pontevedra","Region VI  (WESTERN VISAYAS)","Capiz","Pontevedra",11525,61912000,49725,"061912000","overseas",NA
2019,601912000,"Region VI (Western Visayas)","Capiz","Pontevedra","Region VI  (WESTERN VISAYAS)","Capiz","Pontevedra",11525,61912000,49725,"061912000","domestic",11524
2019,601914000,"Region VI (Western Visayas)","Capiz","Roxas City","Region VI  (WESTERN VISAYAS)","Capiz","Roxas City",247391,61914000,179292,"061914000","foreign",5167
2019,601914000,"Region VI (Western Visayas)","Capiz","Roxas City","Region VI  (WESTERN VISAYAS)","Capiz","Roxas City",247391,61914000,179292,"061914000","overseas",7603
2019,601914000,"Region VI (Western Visayas)","Capiz","Roxas City","Region VI  (WESTERN VISAYAS)","Capiz","Roxas City",247391,61914000,179292,"061914000","domestic",234621
2019,601915000,"Region VI (Western Visayas)","Capiz","Sapi-An","Region VI  (WESTERN VISAYAS)","Capiz","Sapian",3911,61915000,26697,"061915000","foreign",183
2019,601915000,"Region VI (Western Visayas)","Capiz","Sapi-An","Region VI  (WESTERN VISAYAS)","Capiz","Sapian",3911,61915000,26697,"061915000","overseas",569
2019,601915000,"Region VI (Western Visayas)","Capiz","Sapi-An","Region VI  (WESTERN VISAYAS)","Capiz","Sapian",3911,61915000,26697,"061915000","domestic",3159
2019,601916000,"Region VI (Western Visayas)","Capiz","Sigma","Region VI  (WESTERN VISAYAS)","Capiz","Sigma",5640,61916000,31688,"061916000","foreign",27
2019,601916000,"Region VI (Western Visayas)","Capiz","Sigma","Region VI  (WESTERN VISAYAS)","Capiz","Sigma",5640,61916000,31688,"061916000","overseas",3
2019,601916000,"Region VI (Western Visayas)","Capiz","Sigma","Region VI  (WESTERN VISAYAS)","Capiz","Sigma",5640,61916000,31688,"061916000","domestic",5610
2019,601917000,"Region VI (Western Visayas)","Capiz","Tapaz","Region VI  (WESTERN VISAYAS)","Capiz","Tapaz",8659,61917000,54423,"061917000","foreign",122
2019,601917000,"Region VI (Western Visayas)","Capiz","Tapaz","Region VI  (WESTERN VISAYAS)","Capiz","Tapaz",8659,61917000,54423,"061917000","overseas",NA
2019,601917000,"Region VI (Western Visayas)","Capiz","Tapaz","Region VI  (WESTERN VISAYAS)","Capiz","Tapaz",8659,61917000,54423,"061917000","domestic",8537
2019,603001000,"Region VI (Western Visayas)","Iloilo","Ajuy","Region VI  (WESTERN VISAYAS)","Iloilo","Ajuy",2542,63001000,53462,"063001000","foreign",57
2019,603001000,"Region VI (Western Visayas)","Iloilo","Ajuy","Region VI  (WESTERN VISAYAS)","Iloilo","Ajuy",2542,63001000,53462,"063001000","overseas",18
2019,603001000,"Region VI (Western Visayas)","Iloilo","Ajuy","Region VI  (WESTERN VISAYAS)","Iloilo","Ajuy",2542,63001000,53462,"063001000","domestic",2467
2019,603004000,"Region VI (Western Visayas)","Iloilo","Badiangan","Region VI  (WESTERN VISAYAS)","Iloilo","Badiangan",6965,63004000,27056,"063004000","foreign",318
2019,603004000,"Region VI (Western Visayas)","Iloilo","Badiangan","Region VI  (WESTERN VISAYAS)","Iloilo","Badiangan",6965,63004000,27056,"063004000","overseas",77
2019,603004000,"Region VI (Western Visayas)","Iloilo","Badiangan","Region VI  (WESTERN VISAYAS)","Iloilo","Badiangan",6965,63004000,27056,"063004000","domestic",6570
2019,603005000,"Region VI (Western Visayas)","Iloilo","Balasan","Region VI  (WESTERN VISAYAS)","Iloilo","Balasan",2708,63005000,35064,"063005000","foreign",33
2019,603005000,"Region VI (Western Visayas)","Iloilo","Balasan","Region VI  (WESTERN VISAYAS)","Iloilo","Balasan",2708,63005000,35064,"063005000","overseas",NA
2019,603005000,"Region VI (Western Visayas)","Iloilo","Balasan","Region VI  (WESTERN VISAYAS)","Iloilo","Balasan",2708,63005000,35064,"063005000","domestic",2675
2019,603007000,"Region VI (Western Visayas)","Iloilo","Barotac Nuevo","Region VI  (WESTERN VISAYAS)","Iloilo","Barotac Nuevo",1532,63007000,58176,"063007000","foreign",5
2019,603007000,"Region VI (Western Visayas)","Iloilo","Barotac Nuevo","Region VI  (WESTERN VISAYAS)","Iloilo","Barotac Nuevo",1532,63007000,58176,"063007000","overseas",NA
2019,603007000,"Region VI (Western Visayas)","Iloilo","Barotac Nuevo","Region VI  (WESTERN VISAYAS)","Iloilo","Barotac Nuevo",1532,63007000,58176,"063007000","domestic",1527
2019,603012000,"Region VI (Western Visayas)","Iloilo","Cabatuan","Region VI  (WESTERN VISAYAS)","Iloilo","Cabatuan",7798,63012000,61110,"063012000","foreign",189
2019,603012000,"Region VI (Western Visayas)","Iloilo","Cabatuan","Region VI  (WESTERN VISAYAS)","Iloilo","Cabatuan",7798,63012000,61110,"063012000","overseas",107
2019,603012000,"Region VI (Western Visayas)","Iloilo","Cabatuan","Region VI  (WESTERN VISAYAS)","Iloilo","Cabatuan",7798,63012000,61110,"063012000","domestic",7502
2019,603014000,"Region VI (Western Visayas)","Iloilo","Carles","Region VI  (WESTERN VISAYAS)","Iloilo","Carles",83681,63014000,72637,"063014000","foreign",930
2019,603014000,"Region VI (Western Visayas)","Iloilo","Carles","Region VI  (WESTERN VISAYAS)","Iloilo","Carles",83681,63014000,72637,"063014000","overseas",685
2019,603014000,"Region VI (Western Visayas)","Iloilo","Carles","Region VI  (WESTERN VISAYAS)","Iloilo","Carles",83681,63014000,72637,"063014000","domestic",82066
2019,603015000,"Region VI (Western Visayas)","Iloilo","Concepcion","Region VI  (WESTERN VISAYAS)","Iloilo","Concepcion",11766,63015000,44633,"063015000","foreign",25
2019,603015000,"Region VI (Western Visayas)","Iloilo","Concepcion","Region VI  (WESTERN VISAYAS)","Iloilo","Concepcion",11766,63015000,44633,"063015000","overseas",NA
2019,603015000,"Region VI (Western Visayas)","Iloilo","Concepcion","Region VI  (WESTERN VISAYAS)","Iloilo","Concepcion",11766,63015000,44633,"063015000","domestic",11741
2019,603017000,"Region VI (Western Visayas)","Iloilo","Dueñas","Region VI  (WESTERN VISAYAS)","Iloilo","Duenas",2208,63017000,34597,"063017000","foreign",58
2019,603017000,"Region VI (Western Visayas)","Iloilo","Dueñas","Region VI  (WESTERN VISAYAS)","Iloilo","Duenas",2208,63017000,34597,"063017000","overseas",NA
2019,603017000,"Region VI (Western Visayas)","Iloilo","Dueñas","Region VI  (WESTERN VISAYAS)","Iloilo","Duenas",2208,63017000,34597,"063017000","domestic",2150
2019,603019000,"Region VI (Western Visayas)","Iloilo","Estancia","Region VI  (WESTERN VISAYAS)","Iloilo","Estancia",55068,63019000,53200,"063019000","foreign",327
2019,603019000,"Region VI (Western Visayas)","Iloilo","Estancia","Region VI  (WESTERN VISAYAS)","Iloilo","Estancia",55068,63019000,53200,"063019000","overseas",NA
2019,603019000,"Region VI (Western Visayas)","Iloilo","Estancia","Region VI  (WESTERN VISAYAS)","Iloilo","Estancia",55068,63019000,53200,"063019000","domestic",54741
2019,603020000,"Region VI (Western Visayas)","Iloilo","Guimbal","Region VI  (WESTERN VISAYAS)","Iloilo","Guimbal",19517,63020000,35022,"063020000","foreign",32
2019,603020000,"Region VI (Western Visayas)","Iloilo","Guimbal","Region VI  (WESTERN VISAYAS)","Iloilo","Guimbal",19517,63020000,35022,"063020000","overseas",NA
2019,603020000,"Region VI (Western Visayas)","Iloilo","Guimbal","Region VI  (WESTERN VISAYAS)","Iloilo","Guimbal",19517,63020000,35022,"063020000","domestic",19485
2019,603023000,"Region VI (Western Visayas)","Iloilo","Janiuay","Region VI  (WESTERN VISAYAS)","Iloilo","Januiay",6937,63023000,66786,"063023000","foreign",477
2019,603023000,"Region VI (Western Visayas)","Iloilo","Janiuay","Region VI  (WESTERN VISAYAS)","Iloilo","Januiay",6937,63023000,66786,"063023000","overseas",NA
2019,603023000,"Region VI (Western Visayas)","Iloilo","Janiuay","Region VI  (WESTERN VISAYAS)","Iloilo","Januiay",6937,63023000,66786,"063023000","domestic",6460
2019,603026000,"Region VI (Western Visayas)","Iloilo","Leganes","Region VI  (WESTERN VISAYAS)","Iloilo","Leganes",32422,63026000,34725,"063026000","foreign",464
2019,603026000,"Region VI (Western Visayas)","Iloilo","Leganes","Region VI  (WESTERN VISAYAS)","Iloilo","Leganes",32422,63026000,34725,"063026000","overseas",87
2019,603026000,"Region VI (Western Visayas)","Iloilo","Leganes","Region VI  (WESTERN VISAYAS)","Iloilo","Leganes",32422,63026000,34725,"063026000","domestic",31871
2019,603028000,"Region VI (Western Visayas)","Iloilo","Leon","Region VI  (WESTERN VISAYAS)","Iloilo","Leon",8807,63028000,51990,"063028000","foreign",63
2019,603028000,"Region VI (Western Visayas)","Iloilo","Leon","Region VI  (WESTERN VISAYAS)","Iloilo","Leon",8807,63028000,51990,"063028000","overseas",NA
2019,603028000,"Region VI (Western Visayas)","Iloilo","Leon","Region VI  (WESTERN VISAYAS)","Iloilo","Leon",8807,63028000,51990,"063028000","domestic",8744
2019,603030000,"Region VI (Western Visayas)","Iloilo","Miagao","Region VI  (WESTERN VISAYAS)","Iloilo","Miagao",1697,63030000,68115,"063030000","foreign",1
2019,603030000,"Region VI (Western Visayas)","Iloilo","Miagao","Region VI  (WESTERN VISAYAS)","Iloilo","Miagao",1697,63030000,68115,"063030000","overseas",NA
2019,603030000,"Region VI (Western Visayas)","Iloilo","Miagao","Region VI  (WESTERN VISAYAS)","Iloilo","Miagao",1697,63030000,68115,"063030000","domestic",1696
2019,603031000,"Region VI (Western Visayas)","Iloilo","Mina","Region VI  (WESTERN VISAYAS)","Iloilo","Mina",885,63031000,24042,"063031000","foreign",11
2019,603031000,"Region VI (Western Visayas)","Iloilo","Mina","Region VI  (WESTERN VISAYAS)","Iloilo","Mina",885,63031000,24042,"063031000","overseas",NA
2019,603031000,"Region VI (Western Visayas)","Iloilo","Mina","Region VI  (WESTERN VISAYAS)","Iloilo","Mina",885,63031000,24042,"063031000","domestic",874
2019,603032000,"Region VI (Western Visayas)","Iloilo","New Lucena","Region VI  (WESTERN VISAYAS)","Iloilo","New Lucena",10336,63032000,24314,"063032000","foreign",4
2019,603032000,"Region VI (Western Visayas)","Iloilo","New Lucena","Region VI  (WESTERN VISAYAS)","Iloilo","New Lucena",10336,63032000,24314,"063032000","overseas",NA
2019,603032000,"Region VI (Western Visayas)","Iloilo","New Lucena","Region VI  (WESTERN VISAYAS)","Iloilo","New Lucena",10336,63032000,24314,"063032000","domestic",10332
2019,603034000,"Region VI (Western Visayas)","Iloilo","Oton","Region VI  (WESTERN VISAYAS)","Iloilo","Oton",13933,63034000,98509,"063034000","foreign",540
2019,603034000,"Region VI (Western Visayas)","Iloilo","Oton","Region VI  (WESTERN VISAYAS)","Iloilo","Oton",13933,63034000,98509,"063034000","overseas",NA
2019,603034000,"Region VI (Western Visayas)","Iloilo","Oton","Region VI  (WESTERN VISAYAS)","Iloilo","Oton",13933,63034000,98509,"063034000","domestic",13393
2019,603035000,"Region VI (Western Visayas)","Iloilo","Passi City","Region VI  (WESTERN VISAYAS)","Iloilo","Passi",6816,63035000,88873,"063035000","foreign",105
2019,603035000,"Region VI (Western Visayas)","Iloilo","Passi City","Region VI  (WESTERN VISAYAS)","Iloilo","Passi",6816,63035000,88873,"063035000","overseas",NA
2019,603035000,"Region VI (Western Visayas)","Iloilo","Passi City","Region VI  (WESTERN VISAYAS)","Iloilo","Passi",6816,63035000,88873,"063035000","domestic",6711
2019,603036000,"Region VI (Western Visayas)","Iloilo","Pavia","Region VI  (WESTERN VISAYAS)","Iloilo","Pavia",4971,63036000,70388,"063036000","foreign",2
2019,603036000,"Region VI (Western Visayas)","Iloilo","Pavia","Region VI  (WESTERN VISAYAS)","Iloilo","Pavia",4971,63036000,70388,"063036000","overseas",NA
2019,603036000,"Region VI (Western Visayas)","Iloilo","Pavia","Region VI  (WESTERN VISAYAS)","Iloilo","Pavia",4971,63036000,70388,"063036000","domestic",4969
2019,603037000,"Region VI (Western Visayas)","Iloilo","Pototan","Region VI  (WESTERN VISAYAS)","Iloilo","Pototan",6777,63037000,78298,"063037000","foreign",47
2019,603037000,"Region VI (Western Visayas)","Iloilo","Pototan","Region VI  (WESTERN VISAYAS)","Iloilo","Pototan",6777,63037000,78298,"063037000","overseas",1
2019,603037000,"Region VI (Western Visayas)","Iloilo","Pototan","Region VI  (WESTERN VISAYAS)","Iloilo","Pototan",6777,63037000,78298,"063037000","domestic",6729
2019,603038000,"Region VI (Western Visayas)","Iloilo","San Dionisio","Region VI  (WESTERN VISAYAS)","Iloilo","San Dionisio",606,63038000,39048,"063038000","foreign",7
2019,603038000,"Region VI (Western Visayas)","Iloilo","San Dionisio","Region VI  (WESTERN VISAYAS)","Iloilo","San Dionisio",606,63038000,39048,"063038000","overseas",NA
2019,603038000,"Region VI (Western Visayas)","Iloilo","San Dionisio","Region VI  (WESTERN VISAYAS)","Iloilo","San Dionisio",606,63038000,39048,"063038000","domestic",599
2019,603040000,"Region VI (Western Visayas)","Iloilo","San Joaquin","Region VI  (WESTERN VISAYAS)","Iloilo","San Joaquin",23105,63040000,52617,"063040000","foreign",280
2019,603040000,"Region VI (Western Visayas)","Iloilo","San Joaquin","Region VI  (WESTERN VISAYAS)","Iloilo","San Joaquin",23105,63040000,52617,"063040000","overseas",NA
2019,603040000,"Region VI (Western Visayas)","Iloilo","San Joaquin","Region VI  (WESTERN VISAYAS)","Iloilo","San Joaquin",23105,63040000,52617,"063040000","domestic",22825
2019,603041000,"Region VI (Western Visayas)","Iloilo","San Miguel","Region VI  (WESTERN VISAYAS)","Iloilo","San Miguel",15944,63041000,30115,"063041000","foreign",308
2019,603041000,"Region VI (Western Visayas)","Iloilo","San Miguel","Region VI  (WESTERN VISAYAS)","Iloilo","San Miguel",15944,63041000,30115,"063041000","overseas",NA
2019,603041000,"Region VI (Western Visayas)","Iloilo","San Miguel","Region VI  (WESTERN VISAYAS)","Iloilo","San Miguel",15944,63041000,30115,"063041000","domestic",15636
2019,603043000,"Region VI (Western Visayas)","Iloilo","Santa Barbara","Region VI  (WESTERN VISAYAS)","Iloilo","Santa Barbara",7377,63043000,67630,"063043000","foreign",184
2019,603043000,"Region VI (Western Visayas)","Iloilo","Santa Barbara","Region VI  (WESTERN VISAYAS)","Iloilo","Santa Barbara",7377,63043000,67630,"063043000","overseas",NA
2019,603043000,"Region VI (Western Visayas)","Iloilo","Santa Barbara","Region VI  (WESTERN VISAYAS)","Iloilo","Santa Barbara",7377,63043000,67630,"063043000","domestic",7193
2019,603044000,"Region VI (Western Visayas)","Iloilo","Sara","Region VI  (WESTERN VISAYAS)","Iloilo","Sara",1584,63044000,54637,"063044000","foreign",63
2019,603044000,"Region VI (Western Visayas)","Iloilo","Sara","Region VI  (WESTERN VISAYAS)","Iloilo","Sara",1584,63044000,54637,"063044000","overseas",1
2019,603044000,"Region VI (Western Visayas)","Iloilo","Sara","Region VI  (WESTERN VISAYAS)","Iloilo","Sara",1584,63044000,54637,"063044000","domestic",1520
2019,603045000,"Region VI (Western Visayas)","Iloilo","Tigbauan","Region VI  (WESTERN VISAYAS)","Iloilo","Tigbauan",11022,63045000,65245,"063045000","foreign",526
2019,603045000,"Region VI (Western Visayas)","Iloilo","Tigbauan","Region VI  (WESTERN VISAYAS)","Iloilo","Tigbauan",11022,63045000,65245,"063045000","overseas",NA
2019,603045000,"Region VI (Western Visayas)","Iloilo","Tigbauan","Region VI  (WESTERN VISAYAS)","Iloilo","Tigbauan",11022,63045000,65245,"063045000","domestic",10496
2019,603047000,"Region VI (Western Visayas)","Iloilo","Zarraga","Region VI  (WESTERN VISAYAS)","Iloilo","Zarraga",867,63047000,27305,"063047000","foreign",4
2019,603047000,"Region VI (Western Visayas)","Iloilo","Zarraga","Region VI  (WESTERN VISAYAS)","Iloilo","Zarraga",867,63047000,27305,"063047000","overseas",NA
2019,603047000,"Region VI (Western Visayas)","Iloilo","Zarraga","Region VI  (WESTERN VISAYAS)","Iloilo","Zarraga",867,63047000,27305,"063047000","domestic",863
2019,607902000,"Region VI (Western Visayas)","Guimaras","Jordan","Region VI  (WESTERN VISAYAS)","Guimaras","Jordan",7561,67902000,39566,"067902000","foreign",89
2019,607902000,"Region VI (Western Visayas)","Guimaras","Jordan","Region VI  (WESTERN VISAYAS)","Guimaras","Jordan",7561,67902000,39566,"067902000","overseas",NA
2019,607902000,"Region VI (Western Visayas)","Guimaras","Jordan","Region VI  (WESTERN VISAYAS)","Guimaras","Jordan",7561,67902000,39566,"067902000","domestic",7472
2019,607903000,"Region VI (Western Visayas)","Guimaras","Nueva Valencia","Region VI  (WESTERN VISAYAS)","Guimaras","Nueva Valencia",81621,67903000,42771,"067903000","foreign",5193
2019,607903000,"Region VI (Western Visayas)","Guimaras","Nueva Valencia","Region VI  (WESTERN VISAYAS)","Guimaras","Nueva Valencia",81621,67903000,42771,"067903000","overseas",NA
2019,607903000,"Region VI (Western Visayas)","Guimaras","Nueva Valencia","Region VI  (WESTERN VISAYAS)","Guimaras","Nueva Valencia",81621,67903000,42771,"067903000","domestic",76428
2019,607904000,"Region VI (Western Visayas)","Guimaras","San Lorenzo","Region VI  (WESTERN VISAYAS)","Guimaras","San Lorenzo",8941,67904000,29444,"067904000","foreign",447
2019,607904000,"Region VI (Western Visayas)","Guimaras","San Lorenzo","Region VI  (WESTERN VISAYAS)","Guimaras","San Lorenzo",8941,67904000,29444,"067904000","overseas",NA
2019,607904000,"Region VI (Western Visayas)","Guimaras","San Lorenzo","Region VI  (WESTERN VISAYAS)","Guimaras","San Lorenzo",8941,67904000,29444,"067904000","domestic",8494
2019,607905000,"Region VI (Western Visayas)","Guimaras","Sibunag","Region VI  (WESTERN VISAYAS)","Guimaras","Sibunag",2022,67905000,23162,"067905000","foreign",282
2019,607905000,"Region VI (Western Visayas)","Guimaras","Sibunag","Region VI  (WESTERN VISAYAS)","Guimaras","Sibunag",2022,67905000,23162,"067905000","overseas",NA
2019,607905000,"Region VI (Western Visayas)","Guimaras","Sibunag","Region VI  (WESTERN VISAYAS)","Guimaras","Sibunag",2022,67905000,23162,"067905000","domestic",1740
2019,631000000,"Region VI (Western Visayas)","Iloilo","Iloilo City","Region VI  (WESTERN VISAYAS)","Iloilo","Iloilo City",1171520,63022000,457626,"063022000","foreign",64331
2019,631000000,"Region VI (Western Visayas)","Iloilo","Iloilo City","Region VI  (WESTERN VISAYAS)","Iloilo","Iloilo City",1171520,63022000,457626,"063022000","overseas",8467
2019,631000000,"Region VI (Western Visayas)","Iloilo","Iloilo City","Region VI  (WESTERN VISAYAS)","Iloilo","Iloilo City",1171520,63022000,457626,"063022000","domestic",1098722
2019,701203000,"Region VII (Central Visayas)","Bohol","Anda","Region VII (CENTRAL VISAYAS)","Bohol","Anda",21605,71203000,17778,"071203000","foreign",11132
2019,701203000,"Region VII (Central Visayas)","Bohol","Anda","Region VII (CENTRAL VISAYAS)","Bohol","Anda",21605,71203000,17778,"071203000","overseas",84
2019,701203000,"Region VII (Central Visayas)","Bohol","Anda","Region VII (CENTRAL VISAYAS)","Bohol","Anda",21605,71203000,17778,"071203000","domestic",10389
2019,701204000,"Region VII (Central Visayas)","Bohol","Antequera","Region VII (CENTRAL VISAYAS)","Bohol","Antequera",134,71204000,14990,"071204000","foreign",77
2019,701204000,"Region VII (Central Visayas)","Bohol","Antequera","Region VII (CENTRAL VISAYAS)","Bohol","Antequera",134,71204000,14990,"071204000","overseas",NA
2019,701204000,"Region VII (Central Visayas)","Bohol","Antequera","Region VII (CENTRAL VISAYAS)","Bohol","Antequera",134,71204000,14990,"071204000","domestic",57
2019,701205000,"Region VII (Central Visayas)","Bohol","Baclayon","Region VII (CENTRAL VISAYAS)","Bohol","Baclayon",5771,71205000,22461,"071205000","foreign",859
2019,701205000,"Region VII (Central Visayas)","Bohol","Baclayon","Region VII (CENTRAL VISAYAS)","Bohol","Baclayon",5771,71205000,22461,"071205000","overseas",5
2019,701205000,"Region VII (Central Visayas)","Bohol","Baclayon","Region VII (CENTRAL VISAYAS)","Bohol","Baclayon",5771,71205000,22461,"071205000","domestic",4907
2019,701208000,"Region VII (Central Visayas)","Bohol","Bilar","Region VII (CENTRAL VISAYAS)","Bohol","Bilar",3069,71208000,18512,"071208000","foreign",955
2019,701208000,"Region VII (Central Visayas)","Bohol","Bilar","Region VII (CENTRAL VISAYAS)","Bohol","Bilar",3069,71208000,18512,"071208000","overseas",105
2019,701208000,"Region VII (Central Visayas)","Bohol","Bilar","Region VII (CENTRAL VISAYAS)","Bohol","Bilar",3069,71208000,18512,"071208000","domestic",2009
2019,701209000,"Region VII (Central Visayas)","Bohol","Buenavista","Region VII (CENTRAL VISAYAS)","Bohol","Buenavista",239,71209000,29711,"071209000","foreign",3
2019,701209000,"Region VII (Central Visayas)","Bohol","Buenavista","Region VII (CENTRAL VISAYAS)","Bohol","Buenavista",239,71209000,29711,"071209000","overseas",NA
2019,701209000,"Region VII (Central Visayas)","Bohol","Buenavista","Region VII (CENTRAL VISAYAS)","Bohol","Buenavista",239,71209000,29711,"071209000","domestic",236
2019,701210000,"Region VII (Central Visayas)","Bohol","Calape","Region VII (CENTRAL VISAYAS)","Bohol","Calape",2044,71210000,33079,"071210000","foreign",946
2019,701210000,"Region VII (Central Visayas)","Bohol","Calape","Region VII (CENTRAL VISAYAS)","Bohol","Calape",2044,71210000,33079,"071210000","overseas",20
2019,701210000,"Region VII (Central Visayas)","Bohol","Calape","Region VII (CENTRAL VISAYAS)","Bohol","Calape",2044,71210000,33079,"071210000","domestic",1078
2019,701211000,"Region VII (Central Visayas)","Bohol","Candijay","Region VII (CENTRAL VISAYAS)","Bohol","Candijay",1042,71211000,30119,"071211000","foreign",31
2019,701211000,"Region VII (Central Visayas)","Bohol","Candijay","Region VII (CENTRAL VISAYAS)","Bohol","Candijay",1042,71211000,30119,"071211000","overseas",NA
2019,701211000,"Region VII (Central Visayas)","Bohol","Candijay","Region VII (CENTRAL VISAYAS)","Bohol","Candijay",1042,71211000,30119,"071211000","domestic",1011
2019,701212000,"Region VII (Central Visayas)","Bohol","Carmen","Region VII (CENTRAL VISAYAS)","Bohol","Carmen",9814,71212000,49191,"071212000","foreign",3264
2019,701212000,"Region VII (Central Visayas)","Bohol","Carmen","Region VII (CENTRAL VISAYAS)","Bohol","Carmen",9814,71212000,49191,"071212000","overseas",NA
2019,701212000,"Region VII (Central Visayas)","Bohol","Carmen","Region VII (CENTRAL VISAYAS)","Bohol","Carmen",9814,71212000,49191,"071212000","domestic",6550
2019,701218000,"Region VII (Central Visayas)","Bohol","Danao","Region VII (CENTRAL VISAYAS)","Bohol","Danao",480,71218000,20245,"071218000","foreign",60
2019,701218000,"Region VII (Central Visayas)","Bohol","Danao","Region VII (CENTRAL VISAYAS)","Bohol","Danao",480,71218000,20245,"071218000","overseas",NA
2019,701218000,"Region VII (Central Visayas)","Bohol","Danao","Region VII (CENTRAL VISAYAS)","Bohol","Danao",480,71218000,20245,"071218000","domestic",420
2019,701219000,"Region VII (Central Visayas)","Bohol","Dauis","Region VII (CENTRAL VISAYAS)","Bohol","Dauis",65502,71219000,52492,"071219000","foreign",36451
2019,701219000,"Region VII (Central Visayas)","Bohol","Dauis","Region VII (CENTRAL VISAYAS)","Bohol","Dauis",65502,71219000,52492,"071219000","overseas",4
2019,701219000,"Region VII (Central Visayas)","Bohol","Dauis","Region VII (CENTRAL VISAYAS)","Bohol","Dauis",65502,71219000,52492,"071219000","domestic",29047
2019,701222000,"Region VII (Central Visayas)","Bohol","Garcia Hernandez","Region VII (CENTRAL VISAYAS)","Bohol","Garcia Hernandez",4328,71222000,24430,"071222000","foreign",295
2019,701222000,"Region VII (Central Visayas)","Bohol","Garcia Hernandez","Region VII (CENTRAL VISAYAS)","Bohol","Garcia Hernandez",4328,71222000,24430,"071222000","overseas",NA
2019,701222000,"Region VII (Central Visayas)","Bohol","Garcia Hernandez","Region VII (CENTRAL VISAYAS)","Bohol","Garcia Hernandez",4328,71222000,24430,"071222000","domestic",4033
2019,701223000,"Region VII (Central Visayas)","Bohol","Guindulman","Region VII (CENTRAL VISAYAS)","Bohol","Guindulman",1905,71223000,34104,"071223000","foreign",137
2019,701223000,"Region VII (Central Visayas)","Bohol","Guindulman","Region VII (CENTRAL VISAYAS)","Bohol","Guindulman",1905,71223000,34104,"071223000","overseas",NA
2019,701223000,"Region VII (Central Visayas)","Bohol","Guindulman","Region VII (CENTRAL VISAYAS)","Bohol","Guindulman",1905,71223000,34104,"071223000","domestic",1768
2019,701225000,"Region VII (Central Visayas)","Bohol","Jagna","Region VII (CENTRAL VISAYAS)","Bohol","Jagna",13358,71225000,35832,"071225000","foreign",799
2019,701225000,"Region VII (Central Visayas)","Bohol","Jagna","Region VII (CENTRAL VISAYAS)","Bohol","Jagna",13358,71225000,35832,"071225000","overseas",7
2019,701225000,"Region VII (Central Visayas)","Bohol","Jagna","Region VII (CENTRAL VISAYAS)","Bohol","Jagna",13358,71225000,35832,"071225000","domestic",12552
2019,701227000,"Region VII (Central Visayas)","Bohol","Lila","Region VII (CENTRAL VISAYAS)","Bohol","Lila",611,71227000,12240,"071227000","foreign",111
2019,701227000,"Region VII (Central Visayas)","Bohol","Lila","Region VII (CENTRAL VISAYAS)","Bohol","Lila",611,71227000,12240,"071227000","overseas",NA
2019,701227000,"Region VII (Central Visayas)","Bohol","Lila","Region VII (CENTRAL VISAYAS)","Bohol","Lila",611,71227000,12240,"071227000","domestic",500
2019,701229000,"Region VII (Central Visayas)","Bohol","Loboc","Region VII (CENTRAL VISAYAS)","Bohol","Loboc",4311,71229000,17418,"071229000","foreign",3154
2019,701229000,"Region VII (Central Visayas)","Bohol","Loboc","Region VII (CENTRAL VISAYAS)","Bohol","Loboc",4311,71229000,17418,"071229000","overseas",NA
2019,701229000,"Region VII (Central Visayas)","Bohol","Loboc","Region VII (CENTRAL VISAYAS)","Bohol","Loboc",4311,71229000,17418,"071229000","domestic",1157
2019,701230000,"Region VII (Central Visayas)","Bohol","Loon","Region VII (CENTRAL VISAYAS)","Bohol","Loon",3229,71230000,44224,"071230000","foreign",2058
2019,701230000,"Region VII (Central Visayas)","Bohol","Loon","Region VII (CENTRAL VISAYAS)","Bohol","Loon",3229,71230000,44224,"071230000","overseas",NA
2019,701230000,"Region VII (Central Visayas)","Bohol","Loon","Region VII (CENTRAL VISAYAS)","Bohol","Loon",3229,71230000,44224,"071230000","domestic",1171
2019,701232000,"Region VII (Central Visayas)","Bohol","Maribojoc","Region VII (CENTRAL VISAYAS)","Bohol","Maribojoc",2508,71232000,22178,"071232000","foreign",321
2019,701232000,"Region VII (Central Visayas)","Bohol","Maribojoc","Region VII (CENTRAL VISAYAS)","Bohol","Maribojoc",2508,71232000,22178,"071232000","overseas",NA
2019,701232000,"Region VII (Central Visayas)","Bohol","Maribojoc","Region VII (CENTRAL VISAYAS)","Bohol","Maribojoc",2508,71232000,22178,"071232000","domestic",2187
2019,701233000,"Region VII (Central Visayas)","Bohol","Panglao","Region VII (CENTRAL VISAYAS)","Bohol","Panglao",1035547,71233000,39839,"071233000","foreign",607452
2019,701233000,"Region VII (Central Visayas)","Bohol","Panglao","Region VII (CENTRAL VISAYAS)","Bohol","Panglao",1035547,71233000,39839,"071233000","overseas",4395
2019,701233000,"Region VII (Central Visayas)","Bohol","Panglao","Region VII (CENTRAL VISAYAS)","Bohol","Panglao",1035547,71233000,39839,"071233000","domestic",423700
2019,701242000,"Region VII (Central Visayas)","Bohol","Tagbilaran City","Region VII (CENTRAL VISAYAS)","Bohol","Tagbilaran",335893,71242000,104976,"071242000","foreign",51024
2019,701242000,"Region VII (Central Visayas)","Bohol","Tagbilaran City","Region VII (CENTRAL VISAYAS)","Bohol","Tagbilaran",335893,71242000,104976,"071242000","overseas",2067
2019,701242000,"Region VII (Central Visayas)","Bohol","Tagbilaran City","Region VII (CENTRAL VISAYAS)","Bohol","Tagbilaran",335893,71242000,104976,"071242000","domestic",282802
2019,701243000,"Region VII (Central Visayas)","Bohol","Talibon","Region VII (CENTRAL VISAYAS)","Bohol","Talibon",24828,71243000,71272,"071243000","foreign",463
2019,701243000,"Region VII (Central Visayas)","Bohol","Talibon","Region VII (CENTRAL VISAYAS)","Bohol","Talibon",24828,71243000,71272,"071243000","overseas",NA
2019,701243000,"Region VII (Central Visayas)","Bohol","Talibon","Region VII (CENTRAL VISAYAS)","Bohol","Talibon",24828,71243000,71272,"071243000","domestic",24365
2019,701245000,"Region VII (Central Visayas)","Bohol","Tubigon","Region VII (CENTRAL VISAYAS)","Bohol","Tubigon",7434,71245000,47886,"071245000","foreign",262
2019,701245000,"Region VII (Central Visayas)","Bohol","Tubigon","Region VII (CENTRAL VISAYAS)","Bohol","Tubigon",7434,71245000,47886,"071245000","overseas",NA
2019,701245000,"Region VII (Central Visayas)","Bohol","Tubigon","Region VII (CENTRAL VISAYAS)","Bohol","Tubigon",7434,71245000,47886,"071245000","domestic",7172
2019,701246000,"Region VII (Central Visayas)","Bohol","Ubay","Region VII (CENTRAL VISAYAS)","Bohol","Ubay",29990,71246000,81799,"071246000","foreign",29
2019,701246000,"Region VII (Central Visayas)","Bohol","Ubay","Region VII (CENTRAL VISAYAS)","Bohol","Ubay",29990,71246000,81799,"071246000","overseas",NA
2019,701246000,"Region VII (Central Visayas)","Bohol","Ubay","Region VII (CENTRAL VISAYAS)","Bohol","Ubay",29990,71246000,81799,"071246000","domestic",29961
2019,701247000,"Region VII (Central Visayas)","Bohol","Valencia","Region VII (CENTRAL VISAYAS)","Bohol","Valencia",4676,71247000,28392,"071247000","foreign",481
2019,701247000,"Region VII (Central Visayas)","Bohol","Valencia","Region VII (CENTRAL VISAYAS)","Bohol","Valencia",4676,71247000,28392,"071247000","overseas",NA
2019,701247000,"Region VII (Central Visayas)","Bohol","Valencia","Region VII (CENTRAL VISAYAS)","Bohol","Valencia",4676,71247000,28392,"071247000","domestic",4195
2019,702202000,"Region VII (Central Visayas)","Cebu","Alcoy","Region VII (CENTRAL VISAYAS)","Cebu","Alcoy",16848,72202000,19186,"072202000","foreign",3155
2019,702202000,"Region VII (Central Visayas)","Cebu","Alcoy","Region VII (CENTRAL VISAYAS)","Cebu","Alcoy",16848,72202000,19186,"072202000","overseas",NA
2019,702202000,"Region VII (Central Visayas)","Cebu","Alcoy","Region VII (CENTRAL VISAYAS)","Cebu","Alcoy",16848,72202000,19186,"072202000","domestic",13693
2019,702203000,"Region VII (Central Visayas)","Cebu","Alegria","Region VII (CENTRAL VISAYAS)","Cebu","Alegria",16010,72203000,25620,"072203000","foreign",125
2019,702203000,"Region VII (Central Visayas)","Cebu","Alegria","Region VII (CENTRAL VISAYAS)","Cebu","Alegria",16010,72203000,25620,"072203000","overseas",NA
2019,702203000,"Region VII (Central Visayas)","Cebu","Alegria","Region VII (CENTRAL VISAYAS)","Cebu","Alegria",16010,72203000,25620,"072203000","domestic",15885
2019,702204000,"Region VII (Central Visayas)","Cebu","Aloguinsan","Region VII (CENTRAL VISAYAS)","Cebu","Aloquinsan",2833,72204000,34466,"072204000","foreign",11
2019,702204000,"Region VII (Central Visayas)","Cebu","Aloguinsan","Region VII (CENTRAL VISAYAS)","Cebu","Aloquinsan",2833,72204000,34466,"072204000","overseas",NA
2019,702204000,"Region VII (Central Visayas)","Cebu","Aloguinsan","Region VII (CENTRAL VISAYAS)","Cebu","Aloquinsan",2833,72204000,34466,"072204000","domestic",2822
2019,702205000,"Region VII (Central Visayas)","Cebu","Argao","Region VII (CENTRAL VISAYAS)","Cebu","Argao",14280,72205000,78187,"072205000","foreign",432
2019,702205000,"Region VII (Central Visayas)","Cebu","Argao","Region VII (CENTRAL VISAYAS)","Cebu","Argao",14280,72205000,78187,"072205000","overseas",30
2019,702205000,"Region VII (Central Visayas)","Cebu","Argao","Region VII (CENTRAL VISAYAS)","Cebu","Argao",14280,72205000,78187,"072205000","domestic",13818
2019,702206000,"Region VII (Central Visayas)","Cebu","Asturias","Region VII (CENTRAL VISAYAS)","Cebu","Asturias",4257,72206000,55397,"072206000","foreign",201
2019,702206000,"Region VII (Central Visayas)","Cebu","Asturias","Region VII (CENTRAL VISAYAS)","Cebu","Asturias",4257,72206000,55397,"072206000","overseas",NA
2019,702206000,"Region VII (Central Visayas)","Cebu","Asturias","Region VII (CENTRAL VISAYAS)","Cebu","Asturias",4257,72206000,55397,"072206000","domestic",4056
2019,702207000,"Region VII (Central Visayas)","Cebu","Badian","Region VII (CENTRAL VISAYAS)","Cebu","Badian",32230,72207000,43735,"072207000","foreign",8137
2019,702207000,"Region VII (Central Visayas)","Cebu","Badian","Region VII (CENTRAL VISAYAS)","Cebu","Badian",32230,72207000,43735,"072207000","overseas",49
2019,702207000,"Region VII (Central Visayas)","Cebu","Badian","Region VII (CENTRAL VISAYAS)","Cebu","Badian",32230,72207000,43735,"072207000","domestic",24044
2019,702208000,"Region VII (Central Visayas)","Cebu","Balamban","Region VII (CENTRAL VISAYAS)","Cebu","Balamban",5792,72208000,95136,"072208000","foreign",551
2019,702208000,"Region VII (Central Visayas)","Cebu","Balamban","Region VII (CENTRAL VISAYAS)","Cebu","Balamban",5792,72208000,95136,"072208000","overseas",NA
2019,702208000,"Region VII (Central Visayas)","Cebu","Balamban","Region VII (CENTRAL VISAYAS)","Cebu","Balamban",5792,72208000,95136,"072208000","domestic",5241
2019,702209000,"Region VII (Central Visayas)","Cebu","Bantayan","Region VII (CENTRAL VISAYAS)","Cebu","Bantayan",6776,72209000,86247,"072209000","foreign",103
2019,702209000,"Region VII (Central Visayas)","Cebu","Bantayan","Region VII (CENTRAL VISAYAS)","Cebu","Bantayan",6776,72209000,86247,"072209000","overseas",NA
2019,702209000,"Region VII (Central Visayas)","Cebu","Bantayan","Region VII (CENTRAL VISAYAS)","Cebu","Bantayan",6776,72209000,86247,"072209000","domestic",6673
2019,702210000,"Region VII (Central Visayas)","Cebu","Barili","Region VII (CENTRAL VISAYAS)","Cebu","Barili",2841,72210000,80715,"072210000","foreign",468
2019,702210000,"Region VII (Central Visayas)","Cebu","Barili","Region VII (CENTRAL VISAYAS)","Cebu","Barili",2841,72210000,80715,"072210000","overseas",NA
2019,702210000,"Region VII (Central Visayas)","Cebu","Barili","Region VII (CENTRAL VISAYAS)","Cebu","Barili",2841,72210000,80715,"072210000","domestic",2373
2019,702211000,"Region VII (Central Visayas)","Cebu","Bogo City","Region VII (CENTRAL VISAYAS)","Cebu","Bogo City",40139,72211000,88867,"072211000","foreign",1136
2019,702211000,"Region VII (Central Visayas)","Cebu","Bogo City","Region VII (CENTRAL VISAYAS)","Cebu","Bogo City",40139,72211000,88867,"072211000","overseas",NA
2019,702211000,"Region VII (Central Visayas)","Cebu","Bogo City","Region VII (CENTRAL VISAYAS)","Cebu","Bogo City",40139,72211000,88867,"072211000","domestic",39003
2019,702212000,"Region VII (Central Visayas)","Cebu","Boljoon","Region VII (CENTRAL VISAYAS)","Cebu","Boljoon",3042,72212000,17525,"072212000","foreign",870
2019,702212000,"Region VII (Central Visayas)","Cebu","Boljoon","Region VII (CENTRAL VISAYAS)","Cebu","Boljoon",3042,72212000,17525,"072212000","overseas",NA
2019,702212000,"Region VII (Central Visayas)","Cebu","Boljoon","Region VII (CENTRAL VISAYAS)","Cebu","Boljoon",3042,72212000,17525,"072212000","domestic",2172
2019,702213000,"Region VII (Central Visayas)","Cebu","Borbon","Region VII (CENTRAL VISAYAS)","Cebu","Borbon",375,72213000,38187,"072213000","foreign",26
2019,702213000,"Region VII (Central Visayas)","Cebu","Borbon","Region VII (CENTRAL VISAYAS)","Cebu","Borbon",375,72213000,38187,"072213000","overseas",NA
2019,702213000,"Region VII (Central Visayas)","Cebu","Borbon","Region VII (CENTRAL VISAYAS)","Cebu","Borbon",375,72213000,38187,"072213000","domestic",349
2019,702214000,"Region VII (Central Visayas)","Cebu","Carcar City","Region VII (CENTRAL VISAYAS)","Cebu","Carcar",5270,72214000,136453,"072214000","foreign",807
2019,702214000,"Region VII (Central Visayas)","Cebu","Carcar City","Region VII (CENTRAL VISAYAS)","Cebu","Carcar",5270,72214000,136453,"072214000","overseas",NA
2019,702214000,"Region VII (Central Visayas)","Cebu","Carcar City","Region VII (CENTRAL VISAYAS)","Cebu","Carcar",5270,72214000,136453,"072214000","domestic",4463
2019,702220000,"Region VII (Central Visayas)","Cebu","Cordova","Region VII (CENTRAL VISAYAS)","Cebu","Cordova",165291,72220000,70595,"072220000","foreign",143287
2019,702220000,"Region VII (Central Visayas)","Cebu","Cordova","Region VII (CENTRAL VISAYAS)","Cebu","Cordova",165291,72220000,70595,"072220000","overseas",NA
2019,702220000,"Region VII (Central Visayas)","Cebu","Cordova","Region VII (CENTRAL VISAYAS)","Cebu","Cordova",165291,72220000,70595,"072220000","domestic",22004
2019,702221000,"Region VII (Central Visayas)","Cebu","Daanbantayan","Region VII (CENTRAL VISAYAS)","Cebu","Daanbantayan",118674,72221000,93502,"072221000","foreign",95113
2019,702221000,"Region VII (Central Visayas)","Cebu","Daanbantayan","Region VII (CENTRAL VISAYAS)","Cebu","Daanbantayan",118674,72221000,93502,"072221000","overseas",2111
2019,702221000,"Region VII (Central Visayas)","Cebu","Daanbantayan","Region VII (CENTRAL VISAYAS)","Cebu","Daanbantayan",118674,72221000,93502,"072221000","domestic",21450
2019,702222000,"Region VII (Central Visayas)","Cebu","Dalaguete","Region VII (CENTRAL VISAYAS)","Cebu","Dalaguete",17990,72222000,74596,"072222000","foreign",722
2019,702222000,"Region VII (Central Visayas)","Cebu","Dalaguete","Region VII (CENTRAL VISAYAS)","Cebu","Dalaguete",17990,72222000,74596,"072222000","overseas",NA
2019,702222000,"Region VII (Central Visayas)","Cebu","Dalaguete","Region VII (CENTRAL VISAYAS)","Cebu","Dalaguete",17990,72222000,74596,"072222000","domestic",17268
2019,702223000,"Region VII (Central Visayas)","Cebu","Danao City","Region VII (CENTRAL VISAYAS)","Cebu","Danao City",52839,72223000,156321,"072223000","foreign",132
2019,702223000,"Region VII (Central Visayas)","Cebu","Danao City","Region VII (CENTRAL VISAYAS)","Cebu","Danao City",52839,72223000,156321,"072223000","overseas",NA
2019,702223000,"Region VII (Central Visayas)","Cebu","Danao City","Region VII (CENTRAL VISAYAS)","Cebu","Danao City",52839,72223000,156321,"072223000","domestic",52707
2019,702225000,"Region VII (Central Visayas)","Cebu","Ginatilan","Region VII (CENTRAL VISAYAS)","Cebu","Ginatilan",436,72225000,16906,"072225000","foreign",48
2019,702225000,"Region VII (Central Visayas)","Cebu","Ginatilan","Region VII (CENTRAL VISAYAS)","Cebu","Ginatilan",436,72225000,16906,"072225000","overseas",NA
2019,702225000,"Region VII (Central Visayas)","Cebu","Ginatilan","Region VII (CENTRAL VISAYAS)","Cebu","Ginatilan",436,72225000,16906,"072225000","domestic",388
2019,702231000,"Region VII (Central Visayas)","Cebu","Medellin","Region VII (CENTRAL VISAYAS)","Cebu","Medellin",51438,72231000,59605,"072231000","foreign",32348
2019,702231000,"Region VII (Central Visayas)","Cebu","Medellin","Region VII (CENTRAL VISAYAS)","Cebu","Medellin",51438,72231000,59605,"072231000","overseas",NA
2019,702231000,"Region VII (Central Visayas)","Cebu","Medellin","Region VII (CENTRAL VISAYAS)","Cebu","Medellin",51438,72231000,59605,"072231000","domestic",19090
2019,702233000,"Region VII (Central Visayas)","Cebu","Moalboal","Region VII (CENTRAL VISAYAS)","Cebu","Moalboal",66143,72233000,36930,"072233000","foreign",40115
2019,702233000,"Region VII (Central Visayas)","Cebu","Moalboal","Region VII (CENTRAL VISAYAS)","Cebu","Moalboal",66143,72233000,36930,"072233000","overseas",59
2019,702233000,"Region VII (Central Visayas)","Cebu","Moalboal","Region VII (CENTRAL VISAYAS)","Cebu","Moalboal",66143,72233000,36930,"072233000","domestic",25969
2019,702234000,"Region VII (Central Visayas)","Cebu","Naga City","Region VII (CENTRAL VISAYAS)","Cebu","Naga City",2437,72234000,133184,"072234000","foreign",116
2019,702234000,"Region VII (Central Visayas)","Cebu","Naga City","Region VII (CENTRAL VISAYAS)","Cebu","Naga City",2437,72234000,133184,"072234000","overseas",NA
2019,702234000,"Region VII (Central Visayas)","Cebu","Naga City","Region VII (CENTRAL VISAYAS)","Cebu","Naga City",2437,72234000,133184,"072234000","domestic",2321
2019,702235000,"Region VII (Central Visayas)","Cebu","Oslob","Region VII (CENTRAL VISAYAS)","Cebu","Oslob",78543,72235000,29264,"072235000","foreign",42030
2019,702235000,"Region VII (Central Visayas)","Cebu","Oslob","Region VII (CENTRAL VISAYAS)","Cebu","Oslob",78543,72235000,29264,"072235000","overseas",1696
2019,702235000,"Region VII (Central Visayas)","Cebu","Oslob","Region VII (CENTRAL VISAYAS)","Cebu","Oslob",78543,72235000,29264,"072235000","domestic",34817
2019,702237000,"Region VII (Central Visayas)","Cebu","Pinamungajan","Region VII (CENTRAL VISAYAS)","Cebu","Pinamungahan",21624,72237000,75131,"072237000","foreign",298
2019,702237000,"Region VII (Central Visayas)","Cebu","Pinamungajan","Region VII (CENTRAL VISAYAS)","Cebu","Pinamungahan",21624,72237000,75131,"072237000","overseas",NA
2019,702237000,"Region VII (Central Visayas)","Cebu","Pinamungajan","Region VII (CENTRAL VISAYAS)","Cebu","Pinamungahan",21624,72237000,75131,"072237000","domestic",21326
2019,702238000,"Region VII (Central Visayas)","Cebu","Poro","Region VII (CENTRAL VISAYAS)","Cebu","Poro",3096,72238000,26232,"072238000","foreign",506
2019,702238000,"Region VII (Central Visayas)","Cebu","Poro","Region VII (CENTRAL VISAYAS)","Cebu","Poro",3096,72238000,26232,"072238000","overseas",NA
2019,702238000,"Region VII (Central Visayas)","Cebu","Poro","Region VII (CENTRAL VISAYAS)","Cebu","Poro",3096,72238000,26232,"072238000","domestic",2590
2019,702239000,"Region VII (Central Visayas)","Cebu","Ronda","Region VII (CENTRAL VISAYAS)","Cebu","Ronda",2340,72239000,21005,"072239000","foreign",931
2019,702239000,"Region VII (Central Visayas)","Cebu","Ronda","Region VII (CENTRAL VISAYAS)","Cebu","Ronda",2340,72239000,21005,"072239000","overseas",NA
2019,702239000,"Region VII (Central Visayas)","Cebu","Ronda","Region VII (CENTRAL VISAYAS)","Cebu","Ronda",2340,72239000,21005,"072239000","domestic",1409
2019,702240000,"Region VII (Central Visayas)","Cebu","Samboan","Region VII (CENTRAL VISAYAS)","Cebu","Samboan",7974,72240000,20373,"072240000","foreign",3218
2019,702240000,"Region VII (Central Visayas)","Cebu","Samboan","Region VII (CENTRAL VISAYAS)","Cebu","Samboan",7974,72240000,20373,"072240000","overseas",NA
2019,702240000,"Region VII (Central Visayas)","Cebu","Samboan","Region VII (CENTRAL VISAYAS)","Cebu","Samboan",7974,72240000,20373,"072240000","domestic",4756
2019,702241000,"Region VII (Central Visayas)","Cebu","San Fernando","Region VII (CENTRAL VISAYAS)","Cebu","San Fernando",5276,72241000,72224,"072241000","foreign",5004
2019,702241000,"Region VII (Central Visayas)","Cebu","San Fernando","Region VII (CENTRAL VISAYAS)","Cebu","San Fernando",5276,72241000,72224,"072241000","overseas",NA
2019,702241000,"Region VII (Central Visayas)","Cebu","San Fernando","Region VII (CENTRAL VISAYAS)","Cebu","San Fernando",5276,72241000,72224,"072241000","domestic",272
2019,702242000,"Region VII (Central Visayas)","Cebu","San Francisco","Region VII (CENTRAL VISAYAS)","Cebu","San Francisco",28444,72242000,59236,"072242000","foreign",9992
2019,702242000,"Region VII (Central Visayas)","Cebu","San Francisco","Region VII (CENTRAL VISAYAS)","Cebu","San Francisco",28444,72242000,59236,"072242000","overseas",NA
2019,702242000,"Region VII (Central Visayas)","Cebu","San Francisco","Region VII (CENTRAL VISAYAS)","Cebu","San Francisco",28444,72242000,59236,"072242000","domestic",18452
2019,702243000,"Region VII (Central Visayas)","Cebu","San Remigio","Region VII (CENTRAL VISAYAS)","Cebu","San Remegio",123931,72243000,65744,"072243000","foreign",21915
2019,702243000,"Region VII (Central Visayas)","Cebu","San Remigio","Region VII (CENTRAL VISAYAS)","Cebu","San Remegio",123931,72243000,65744,"072243000","overseas",NA
2019,702243000,"Region VII (Central Visayas)","Cebu","San Remigio","Region VII (CENTRAL VISAYAS)","Cebu","San Remegio",123931,72243000,65744,"072243000","domestic",102016
2019,702244000,"Region VII (Central Visayas)","Cebu","Santa Fe","Region VII (CENTRAL VISAYAS)","Cebu","Santa Fe",168519,72244000,34471,"072244000","foreign",24619
2019,702244000,"Region VII (Central Visayas)","Cebu","Santa Fe","Region VII (CENTRAL VISAYAS)","Cebu","Santa Fe",168519,72244000,34471,"072244000","overseas",587
2019,702244000,"Region VII (Central Visayas)","Cebu","Santa Fe","Region VII (CENTRAL VISAYAS)","Cebu","Santa Fe",168519,72244000,34471,"072244000","domestic",143313
2019,702245000,"Region VII (Central Visayas)","Cebu","Santander","Region VII (CENTRAL VISAYAS)","Cebu","Santander",8971,72245000,18527,"072245000","foreign",5947
2019,702245000,"Region VII (Central Visayas)","Cebu","Santander","Region VII (CENTRAL VISAYAS)","Cebu","Santander",8971,72245000,18527,"072245000","overseas",NA
2019,702245000,"Region VII (Central Visayas)","Cebu","Santander","Region VII (CENTRAL VISAYAS)","Cebu","Santander",8971,72245000,18527,"072245000","domestic",3024
2019,702247000,"Region VII (Central Visayas)","Cebu","Sogod","Region VII (CENTRAL VISAYAS)","Cebu","Sogod",3019,72247000,39447,"072247000","foreign",288
2019,702247000,"Region VII (Central Visayas)","Cebu","Sogod","Region VII (CENTRAL VISAYAS)","Cebu","Sogod",3019,72247000,39447,"072247000","overseas",NA
2019,702247000,"Region VII (Central Visayas)","Cebu","Sogod","Region VII (CENTRAL VISAYAS)","Cebu","Sogod",3019,72247000,39447,"072247000","domestic",2731
2019,702248000,"Region VII (Central Visayas)","Cebu","Tabogon","Region VII (CENTRAL VISAYAS)","Cebu","Tabogon",3643,72248000,41432,"072248000","foreign",384
2019,702248000,"Region VII (Central Visayas)","Cebu","Tabogon","Region VII (CENTRAL VISAYAS)","Cebu","Tabogon",3643,72248000,41432,"072248000","overseas",NA
2019,702248000,"Region VII (Central Visayas)","Cebu","Tabogon","Region VII (CENTRAL VISAYAS)","Cebu","Tabogon",3643,72248000,41432,"072248000","domestic",3259
2019,702252000,"Region VII (Central Visayas)","Cebu","Tuburan","Region VII (CENTRAL VISAYAS)","Cebu","Tuburan",4777,72252000,68167,"072252000","foreign",5
2019,702252000,"Region VII (Central Visayas)","Cebu","Tuburan","Region VII (CENTRAL VISAYAS)","Cebu","Tuburan",4777,72252000,68167,"072252000","overseas",NA
2019,702252000,"Region VII (Central Visayas)","Cebu","Tuburan","Region VII (CENTRAL VISAYAS)","Cebu","Tuburan",4777,72252000,68167,"072252000","domestic",4772
2019,702253000,"Region VII (Central Visayas)","Cebu","Tudela","Region VII (CENTRAL VISAYAS)","Cebu","Tudela",2840,72253000,11304,"072253000","foreign",253
2019,702253000,"Region VII (Central Visayas)","Cebu","Tudela","Region VII (CENTRAL VISAYAS)","Cebu","Tudela",2840,72253000,11304,"072253000","overseas",NA
2019,702253000,"Region VII (Central Visayas)","Cebu","Tudela","Region VII (CENTRAL VISAYAS)","Cebu","Tudela",2840,72253000,11304,"072253000","domestic",2587
2019,730600000,"Region VII (Central Visayas)","Cebu","Cebu City","Region VII (CENTRAL VISAYAS)","Cebu","Cebu City",2869809,72217000,964169,"072217000","foreign",1055235
2019,730600000,"Region VII (Central Visayas)","Cebu","Cebu City","Region VII (CENTRAL VISAYAS)","Cebu","Cebu City",2869809,72217000,964169,"072217000","overseas",25825
2019,730600000,"Region VII (Central Visayas)","Cebu","Cebu City","Region VII (CENTRAL VISAYAS)","Cebu","Cebu City",2869809,72217000,964169,"072217000","domestic",1788749
2019,731100000,"Region VII (Central Visayas)","Cebu","Lapu-Lapu City","Region VII (CENTRAL VISAYAS)","Cebu","Lapu-lapu City",1833055,72226000,497604,"072226000","foreign",1457184
2019,731100000,"Region VII (Central Visayas)","Cebu","Lapu-Lapu City","Region VII (CENTRAL VISAYAS)","Cebu","Lapu-lapu City",1833055,72226000,497604,"072226000","overseas",2979
2019,731100000,"Region VII (Central Visayas)","Cebu","Lapu-Lapu City","Region VII (CENTRAL VISAYAS)","Cebu","Lapu-lapu City",1833055,72226000,497604,"072226000","domestic",372892
2019,731300000,"Region VII (Central Visayas)","Cebu","Mandaue City","Region VII (CENTRAL VISAYAS)","Cebu","Mandaue City",856831,72230000,364116,"072230000","foreign",418280
2019,731300000,"Region VII (Central Visayas)","Cebu","Mandaue City","Region VII (CENTRAL VISAYAS)","Cebu","Mandaue City",856831,72230000,364116,"072230000","overseas",79
2019,731300000,"Region VII (Central Visayas)","Cebu","Mandaue City","Region VII (CENTRAL VISAYAS)","Cebu","Mandaue City",856831,72230000,364116,"072230000","domestic",438472
2019,802604000,"Region VIII (Eastern Visayas)","Eastern Samar","Borongan City","Region VIII (EASTERN VISAYAS)","Eastern Samar","Borongan City",53175,82604000,71961,"082604000","foreign",653
2019,802604000,"Region VIII (Eastern Visayas)","Eastern Samar","Borongan City","Region VIII (EASTERN VISAYAS)","Eastern Samar","Borongan City",53175,82604000,71961,"082604000","overseas",NA
2019,802604000,"Region VIII (Eastern Visayas)","Eastern Samar","Borongan City","Region VIII (EASTERN VISAYAS)","Eastern Samar","Borongan City",53175,82604000,71961,"082604000","domestic",52522
2019,802609000,"Region VIII (Eastern Visayas)","Eastern Samar","Guiuan","Region VIII (EASTERN VISAYAS)","Eastern Samar","Guiuan",23801,82609000,53361,"082609000","foreign",259
2019,802609000,"Region VIII (Eastern Visayas)","Eastern Samar","Guiuan","Region VIII (EASTERN VISAYAS)","Eastern Samar","Guiuan",23801,82609000,53361,"082609000","overseas",NA
2019,802609000,"Region VIII (Eastern Visayas)","Eastern Samar","Guiuan","Region VIII (EASTERN VISAYAS)","Eastern Samar","Guiuan",23801,82609000,53361,"082609000","domestic",23542
2019,803708000,"Region VIII (Eastern Visayas)","Leyte","Baybay City","Region VIII (EASTERN VISAYAS)","Leyte","Baybay City",104189,83708000,111848,"083708000","foreign",809
2019,803708000,"Region VIII (Eastern Visayas)","Leyte","Baybay City","Region VIII (EASTERN VISAYAS)","Leyte","Baybay City",104189,83708000,111848,"083708000","overseas",NA
2019,803708000,"Region VIII (Eastern Visayas)","Leyte","Baybay City","Region VIII (EASTERN VISAYAS)","Leyte","Baybay City",104189,83708000,111848,"083708000","domestic",103380
2019,803738000,"Region VIII (Eastern Visayas)","Leyte","Ormoc City","Region VIII (EASTERN VISAYAS)","Leyte","Ormoc City",281825,83738000,230998,"083738000","foreign",9313
2019,803738000,"Region VIII (Eastern Visayas)","Leyte","Ormoc City","Region VIII (EASTERN VISAYAS)","Leyte","Ormoc City",281825,83738000,230998,"083738000","overseas",NA
2019,803738000,"Region VIII (Eastern Visayas)","Leyte","Ormoc City","Region VIII (EASTERN VISAYAS)","Leyte","Ormoc City",281825,83738000,230998,"083738000","domestic",272512
2019,803739000,"Region VIII (Eastern Visayas)","Leyte","Palo","Region VIII (EASTERN VISAYAS)","Leyte","Palo",10275,83739000,76213,"083739000","foreign",1299
2019,803739000,"Region VIII (Eastern Visayas)","Leyte","Palo","Region VIII (EASTERN VISAYAS)","Leyte","Palo",10275,83739000,76213,"083739000","overseas",NA
2019,803739000,"Region VIII (Eastern Visayas)","Leyte","Palo","Region VIII (EASTERN VISAYAS)","Leyte","Palo",10275,83739000,76213,"083739000","domestic",8976
2019,804801000,"Region VIII (Eastern Visayas)","Northern Samar","Allen","Region VIII (EASTERN VISAYAS)","Northern Samar","Allen",14673,84801000,25228,"084801000","foreign",159
2019,804801000,"Region VIII (Eastern Visayas)","Northern Samar","Allen","Region VIII (EASTERN VISAYAS)","Northern Samar","Allen",14673,84801000,25228,"084801000","overseas",NA
2019,804801000,"Region VIII (Eastern Visayas)","Northern Samar","Allen","Region VIII (EASTERN VISAYAS)","Northern Samar","Allen",14673,84801000,25228,"084801000","domestic",14514
2019,804802000,"Region VIII (Eastern Visayas)","Northern Samar","Biri","Region VIII (EASTERN VISAYAS)","Northern Samar","Biri",1181,84802000,11274,"084802000","foreign",75
2019,804802000,"Region VIII (Eastern Visayas)","Northern Samar","Biri","Region VIII (EASTERN VISAYAS)","Northern Samar","Biri",1181,84802000,11274,"084802000","overseas",NA
2019,804802000,"Region VIII (Eastern Visayas)","Northern Samar","Biri","Region VIII (EASTERN VISAYAS)","Northern Samar","Biri",1181,84802000,11274,"084802000","domestic",1106
2019,804803000,"Region VIII (Eastern Visayas)","Northern Samar","Bobon","Region VIII (EASTERN VISAYAS)","Northern Samar","Bobon",2440,84803000,25964,"084803000","foreign",51
2019,804803000,"Region VIII (Eastern Visayas)","Northern Samar","Bobon","Region VIII (EASTERN VISAYAS)","Northern Samar","Bobon",2440,84803000,25964,"084803000","overseas",NA
2019,804803000,"Region VIII (Eastern Visayas)","Northern Samar","Bobon","Region VIII (EASTERN VISAYAS)","Northern Samar","Bobon",2440,84803000,25964,"084803000","domestic",2389
2019,804804000,"Region VIII (Eastern Visayas)","Northern Samar","Capul","Region VIII (EASTERN VISAYAS)","Northern Samar","Capul",2704,84804000,12323,"084804000","foreign",2
2019,804804000,"Region VIII (Eastern Visayas)","Northern Samar","Capul","Region VIII (EASTERN VISAYAS)","Northern Samar","Capul",2704,84804000,12323,"084804000","overseas",NA
2019,804804000,"Region VIII (Eastern Visayas)","Northern Samar","Capul","Region VIII (EASTERN VISAYAS)","Northern Samar","Capul",2704,84804000,12323,"084804000","domestic",2702
2019,804805000,"Region VIII (Eastern Visayas)","Northern Samar","Catarman","Region VIII (EASTERN VISAYAS)","Northern Samar","Catarman",62751,84805000,97879,"084805000","foreign",156
2019,804805000,"Region VIII (Eastern Visayas)","Northern Samar","Catarman","Region VIII (EASTERN VISAYAS)","Northern Samar","Catarman",62751,84805000,97879,"084805000","overseas",NA
2019,804805000,"Region VIII (Eastern Visayas)","Northern Samar","Catarman","Region VIII (EASTERN VISAYAS)","Northern Samar","Catarman",62751,84805000,97879,"084805000","domestic",62595
2019,804808000,"Region VIII (Eastern Visayas)","Northern Samar","Laoang","Region VIII (EASTERN VISAYAS)","Northern Samar","Laoang",484,84808000,60607,"084808000","foreign",15
2019,804808000,"Region VIII (Eastern Visayas)","Northern Samar","Laoang","Region VIII (EASTERN VISAYAS)","Northern Samar","Laoang",484,84808000,60607,"084808000","overseas",NA
2019,804808000,"Region VIII (Eastern Visayas)","Northern Samar","Laoang","Region VIII (EASTERN VISAYAS)","Northern Samar","Laoang",484,84808000,60607,"084808000","domestic",469
2019,804813000,"Region VIII (Eastern Visayas)","Northern Samar","Mondragon","Region VIII (EASTERN VISAYAS)","Northern Samar","Mondragon",74,84813000,41415,"084813000","foreign",3
2019,804813000,"Region VIII (Eastern Visayas)","Northern Samar","Mondragon","Region VIII (EASTERN VISAYAS)","Northern Samar","Mondragon",74,84813000,41415,"084813000","overseas",NA
2019,804813000,"Region VIII (Eastern Visayas)","Northern Samar","Mondragon","Region VIII (EASTERN VISAYAS)","Northern Samar","Mondragon",74,84813000,41415,"084813000","domestic",71
2019,804817000,"Region VIII (Eastern Visayas)","Northern Samar","San Antonio","Region VIII (EASTERN VISAYAS)","Northern Samar","San Antonio",19497,84817000,8882,"084817000","foreign",143
2019,804817000,"Region VIII (Eastern Visayas)","Northern Samar","San Antonio","Region VIII (EASTERN VISAYAS)","Northern Samar","San Antonio",19497,84817000,8882,"084817000","overseas",NA
2019,804817000,"Region VIII (Eastern Visayas)","Northern Samar","San Antonio","Region VIII (EASTERN VISAYAS)","Northern Samar","San Antonio",19497,84817000,8882,"084817000","domestic",19354
2019,804820000,"Region VIII (Eastern Visayas)","Northern Samar","San Roque","Region VIII (EASTERN VISAYAS)","Northern Samar","San Roque",669,84820000,29882,"084820000","foreign",15
2019,804820000,"Region VIII (Eastern Visayas)","Northern Samar","San Roque","Region VIII (EASTERN VISAYAS)","Northern Samar","San Roque",669,84820000,29882,"084820000","overseas",NA
2019,804820000,"Region VIII (Eastern Visayas)","Northern Samar","San Roque","Region VIII (EASTERN VISAYAS)","Northern Samar","San Roque",669,84820000,29882,"084820000","domestic",654
2019,804823000,"Region VIII (Eastern Visayas)","Northern Samar","Victoria","Region VIII (EASTERN VISAYAS)","Northern Samar","Victoria",1017,84823000,15361,"084823000","foreign",28
2019,804823000,"Region VIII (Eastern Visayas)","Northern Samar","Victoria","Region VIII (EASTERN VISAYAS)","Northern Samar","Victoria",1017,84823000,15361,"084823000","overseas",NA
2019,804823000,"Region VIII (Eastern Visayas)","Northern Samar","Victoria","Region VIII (EASTERN VISAYAS)","Northern Samar","Victoria",1017,84823000,15361,"084823000","domestic",989
2019,806003000,"Region VIII (Eastern Visayas)","Samar","Calbayog City","Region VIII (EASTERN VISAYAS)","Samar","Calbayog City",133432,86003000,186960,"086003000","foreign",6498
2019,806003000,"Region VIII (Eastern Visayas)","Samar","Calbayog City","Region VIII (EASTERN VISAYAS)","Samar","Calbayog City",133432,86003000,186960,"086003000","overseas",NA
2019,806003000,"Region VIII (Eastern Visayas)","Samar","Calbayog City","Region VIII (EASTERN VISAYAS)","Samar","Calbayog City",133432,86003000,186960,"086003000","domestic",126934
2019,806404000,"Region VIII (Eastern Visayas)","Southern Leyte","Hinundayan","Region VIII (EASTERN VISAYAS)","Southern Leyte","Hinundayan",1396,86404000,12398,"086404000","foreign",166
2019,806404000,"Region VIII (Eastern Visayas)","Southern Leyte","Hinundayan","Region VIII (EASTERN VISAYAS)","Southern Leyte","Hinundayan",1396,86404000,12398,"086404000","overseas",NA
2019,806404000,"Region VIII (Eastern Visayas)","Southern Leyte","Hinundayan","Region VIII (EASTERN VISAYAS)","Southern Leyte","Hinundayan",1396,86404000,12398,"086404000","domestic",1230
2019,806406000,"Region VIII (Eastern Visayas)","Southern Leyte","Liloan","Region VIII (EASTERN VISAYAS)","Southern Leyte","Liloan",10757,86406000,24800,"086406000","foreign",514
2019,806406000,"Region VIII (Eastern Visayas)","Southern Leyte","Liloan","Region VIII (EASTERN VISAYAS)","Southern Leyte","Liloan",10757,86406000,24800,"086406000","overseas",NA
2019,806406000,"Region VIII (Eastern Visayas)","Southern Leyte","Liloan","Region VIII (EASTERN VISAYAS)","Southern Leyte","Liloan",10757,86406000,24800,"086406000","domestic",10243
2019,806407000,"Region VIII (Eastern Visayas)","Southern Leyte","Maasin City","Region VIII (EASTERN VISAYAS)","Southern Leyte","Maasin City",82637,86407000,87446,"086407000","foreign",2667
2019,806407000,"Region VIII (Eastern Visayas)","Southern Leyte","Maasin City","Region VIII (EASTERN VISAYAS)","Southern Leyte","Maasin City",82637,86407000,87446,"086407000","overseas",NA
2019,806407000,"Region VIII (Eastern Visayas)","Southern Leyte","Maasin City","Region VIII (EASTERN VISAYAS)","Southern Leyte","Maasin City",82637,86407000,87446,"086407000","domestic",79970
2019,806408000,"Region VIII (Eastern Visayas)","Southern Leyte","Macrohon","Region VIII (EASTERN VISAYAS)","Southern Leyte","Macrohon",14056,86408000,26580,"086408000","foreign",328
2019,806408000,"Region VIII (Eastern Visayas)","Southern Leyte","Macrohon","Region VIII (EASTERN VISAYAS)","Southern Leyte","Macrohon",14056,86408000,26580,"086408000","overseas",NA
2019,806408000,"Region VIII (Eastern Visayas)","Southern Leyte","Macrohon","Region VIII (EASTERN VISAYAS)","Southern Leyte","Macrohon",14056,86408000,26580,"086408000","domestic",13728
2019,806419000,"Region VIII (Eastern Visayas)","Southern Leyte","Limasawa","Region VIII (EASTERN VISAYAS)","Southern Leyte","Limasawa",4206,86419000,6191,"086419000","foreign",137
2019,806419000,"Region VIII (Eastern Visayas)","Southern Leyte","Limasawa","Region VIII (EASTERN VISAYAS)","Southern Leyte","Limasawa",4206,86419000,6191,"086419000","overseas",NA
2019,806419000,"Region VIII (Eastern Visayas)","Southern Leyte","Limasawa","Region VIII (EASTERN VISAYAS)","Southern Leyte","Limasawa",4206,86419000,6191,"086419000","domestic",4069
2019,807801000,"Region VIII (Eastern Visayas)","Biliran","Almeria","Region VIII (EASTERN VISAYAS)","Biliran","Almeria",4586,87801000,17954,"087801000","foreign",515
2019,807801000,"Region VIII (Eastern Visayas)","Biliran","Almeria","Region VIII (EASTERN VISAYAS)","Biliran","Almeria",4586,87801000,17954,"087801000","overseas",NA
2019,807801000,"Region VIII (Eastern Visayas)","Biliran","Almeria","Region VIII (EASTERN VISAYAS)","Biliran","Almeria",4586,87801000,17954,"087801000","domestic",4071
2019,807803000,"Region VIII (Eastern Visayas)","Biliran","Cabucgayan","Region VIII (EASTERN VISAYAS)","Biliran","Cabucgayan",715,87803000,21542,"087803000","foreign",114
2019,807803000,"Region VIII (Eastern Visayas)","Biliran","Cabucgayan","Region VIII (EASTERN VISAYAS)","Biliran","Cabucgayan",715,87803000,21542,"087803000","overseas",NA
2019,807803000,"Region VIII (Eastern Visayas)","Biliran","Cabucgayan","Region VIII (EASTERN VISAYAS)","Biliran","Cabucgayan",715,87803000,21542,"087803000","domestic",601
2019,807805000,"Region VIII (Eastern Visayas)","Biliran","Culaba","Region VIII (EASTERN VISAYAS)","Biliran","Culaba",810,87805000,12972,"087805000","foreign",77
2019,807805000,"Region VIII (Eastern Visayas)","Biliran","Culaba","Region VIII (EASTERN VISAYAS)","Biliran","Culaba",810,87805000,12972,"087805000","overseas",NA
2019,807805000,"Region VIII (Eastern Visayas)","Biliran","Culaba","Region VIII (EASTERN VISAYAS)","Biliran","Culaba",810,87805000,12972,"087805000","domestic",733
2019,807806000,"Region VIII (Eastern Visayas)","Biliran","Kawayan","Region VIII (EASTERN VISAYAS)","Biliran","Kawayan",112,87806000,20455,"087806000","foreign",17
2019,807806000,"Region VIII (Eastern Visayas)","Biliran","Kawayan","Region VIII (EASTERN VISAYAS)","Biliran","Kawayan",112,87806000,20455,"087806000","overseas",NA
2019,807806000,"Region VIII (Eastern Visayas)","Biliran","Kawayan","Region VIII (EASTERN VISAYAS)","Biliran","Kawayan",112,87806000,20455,"087806000","domestic",95
2019,807808000,"Region VIII (Eastern Visayas)","Biliran","Naval","Region VIII (EASTERN VISAYAS)","Biliran","Naval",28559,87808000,58187,"087808000","foreign",1528
2019,807808000,"Region VIII (Eastern Visayas)","Biliran","Naval","Region VIII (EASTERN VISAYAS)","Biliran","Naval",28559,87808000,58187,"087808000","overseas",NA
2019,807808000,"Region VIII (Eastern Visayas)","Biliran","Naval","Region VIII (EASTERN VISAYAS)","Biliran","Naval",28559,87808000,58187,"087808000","domestic",27031
2019,831600000,"Region VIII (Eastern Visayas)","Leyte","Tacloban City","Region VIII (EASTERN VISAYAS)","Leyte","Tacloban City",590524,83747000,251881,"083747000","foreign",25802
2019,831600000,"Region VIII (Eastern Visayas)","Leyte","Tacloban City","Region VIII (EASTERN VISAYAS)","Leyte","Tacloban City",590524,83747000,251881,"083747000","overseas",1036
2019,831600000,"Region VIII (Eastern Visayas)","Leyte","Tacloban City","Region VIII (EASTERN VISAYAS)","Leyte","Tacloban City",590524,83747000,251881,"083747000","domestic",563686
2019,907200000,"Region IX (Zamboanga Peninsula)","Zamboanga del Norte","Zamboanga del Norte","Region IX (ZAMBOANGA PENINSULA)","Zamboanga del Norte","",523486,97200000,1047455,"097200000","foreign",4874
2019,907200000,"Region IX (Zamboanga Peninsula)","Zamboanga del Norte","Zamboanga del Norte","Region IX (ZAMBOANGA PENINSULA)","Zamboanga del Norte","",523486,97200000,1047455,"097200000","overseas",252
2019,907200000,"Region IX (Zamboanga Peninsula)","Zamboanga del Norte","Zamboanga del Norte","Region IX (ZAMBOANGA PENINSULA)","Zamboanga del Norte","",523486,97200000,1047455,"097200000","domestic",518360
2019,907200000,"Region IX (Zamboanga Peninsula)","Zamboanga del Norte","Zamboanga del Norte","Region IX (ZAMBOANGA PENINSULA)","Zamboanga del Sur","",166440,97200000,1047455,"097200000","foreign",489
2019,907200000,"Region IX (Zamboanga Peninsula)","Zamboanga del Norte","Zamboanga del Norte","Region IX (ZAMBOANGA PENINSULA)","Zamboanga del Sur","",166440,97200000,1047455,"097200000","overseas",11
2019,907200000,"Region IX (Zamboanga Peninsula)","Zamboanga del Norte","Zamboanga del Norte","Region IX (ZAMBOANGA PENINSULA)","Zamboanga del Sur","",166440,97200000,1047455,"097200000","domestic",165940
2019,907201000,"Region IX (Zamboanga Peninsula)","Zamboanga del Norte","Dapitan City","Region IX (ZAMBOANGA PENINSULA)","Zamboanga del Norte","Dapitan City",102955,97201000,85202,"097201000","foreign",1440
2019,907201000,"Region IX (Zamboanga Peninsula)","Zamboanga del Norte","Dapitan City","Region IX (ZAMBOANGA PENINSULA)","Zamboanga del Norte","Dapitan City",102955,97201000,85202,"097201000","overseas",50
2019,907201000,"Region IX (Zamboanga Peninsula)","Zamboanga del Norte","Dapitan City","Region IX (ZAMBOANGA PENINSULA)","Zamboanga del Norte","Dapitan City",102955,97201000,85202,"097201000","domestic",101465
2019,907202000,"Region IX (Zamboanga Peninsula)","Zamboanga del Norte","Dipolog City","Region IX (ZAMBOANGA PENINSULA)","Zamboanga del Norte","Dipolog City",409394,97202000,138141,"097202000","foreign",3148
2019,907202000,"Region IX (Zamboanga Peninsula)","Zamboanga del Norte","Dipolog City","Region IX (ZAMBOANGA PENINSULA)","Zamboanga del Norte","Dipolog City",409394,97202000,138141,"097202000","overseas",97
2019,907202000,"Region IX (Zamboanga Peninsula)","Zamboanga del Norte","Dipolog City","Region IX (ZAMBOANGA PENINSULA)","Zamboanga del Norte","Dipolog City",409394,97202000,138141,"097202000","domestic",406149
2019,907322000,"Region IX (Zamboanga Peninsula)","Zamboanga del Sur","Pagadian City","Region IX (ZAMBOANGA PENINSULA)","Zamboanga del Sur","Pagadian City",49780,97322000,210452,"097322000","foreign",489
2019,907322000,"Region IX (Zamboanga Peninsula)","Zamboanga del Sur","Pagadian City","Region IX (ZAMBOANGA PENINSULA)","Zamboanga del Sur","Pagadian City",49780,97322000,210452,"097322000","overseas",11
2019,907322000,"Region IX (Zamboanga Peninsula)","Zamboanga del Sur","Pagadian City","Region IX (ZAMBOANGA PENINSULA)","Zamboanga del Sur","Pagadian City",49780,97322000,210452,"097322000","domestic",49280
2019,908300000,"Region IX (Zamboanga Peninsula)","Zamboanga Sibugay","Zamboanga Sibugay","Region IX (ZAMBOANGA PENINSULA)","Zamboanga Sibugay","",60522,98300000,669840,"098300000","foreign",60
2019,908300000,"Region IX (Zamboanga Peninsula)","Zamboanga Sibugay","Zamboanga Sibugay","Region IX (ZAMBOANGA PENINSULA)","Zamboanga Sibugay","",60522,98300000,669840,"098300000","overseas",NA
2019,908300000,"Region IX (Zamboanga Peninsula)","Zamboanga Sibugay","Zamboanga Sibugay","Region IX (ZAMBOANGA PENINSULA)","Zamboanga Sibugay","",60522,98300000,669840,"098300000","domestic",60462
2019,931700000,"Region IX (Zamboanga Peninsula)","Zamboanga del Sur","Zamboanga City","Region IX (ZAMBOANGA PENINSULA)","Zamboanga del Sur","Zamboanga City",407648,97332000,977234,"097332000","foreign",6691
2019,931700000,"Region IX (Zamboanga Peninsula)","Zamboanga del Sur","Zamboanga City","Region IX (ZAMBOANGA PENINSULA)","Zamboanga del Sur","Zamboanga City",407648,97332000,977234,"097332000","overseas",13104
2019,931700000,"Region IX (Zamboanga Peninsula)","Zamboanga del Sur","Zamboanga City","Region IX (ZAMBOANGA PENINSULA)","Zamboanga del Sur","Zamboanga City",407648,97332000,977234,"097332000","domestic",387853
2019,1001300000,"Region X (Northern Mindanao)","Bukidnon","Bukidnon","Region X (NORTHERN MINDANAO)","Bukidnon","",186188,101300000,1541308,"101300000","foreign",549
2019,1001300000,"Region X (Northern Mindanao)","Bukidnon","Bukidnon","Region X (NORTHERN MINDANAO)","Bukidnon","",186188,101300000,1541308,"101300000","overseas",NA
2019,1001300000,"Region X (Northern Mindanao)","Bukidnon","Bukidnon","Region X (NORTHERN MINDANAO)","Bukidnon","",186188,101300000,1541308,"101300000","domestic",185639
2019,1001312000,"Region X (Northern Mindanao)","Bukidnon","Malaybalay City","Region X (NORTHERN MINDANAO)","Bukidnon","Malaybalay City",18130,101312000,190712,"101312000","foreign",199
2019,1001312000,"Region X (Northern Mindanao)","Bukidnon","Malaybalay City","Region X (NORTHERN MINDANAO)","Bukidnon","Malaybalay City",18130,101312000,190712,"101312000","overseas",NA
2019,1001312000,"Region X (Northern Mindanao)","Bukidnon","Malaybalay City","Region X (NORTHERN MINDANAO)","Bukidnon","Malaybalay City",18130,101312000,190712,"101312000","domestic",17931
2019,1001321000,"Region X (Northern Mindanao)","Bukidnon","Valencia City","Region X (NORTHERN MINDANAO)","Bukidnon","Valencia City",163402,101321000,216546,"101321000","foreign",350
2019,1001321000,"Region X (Northern Mindanao)","Bukidnon","Valencia City","Region X (NORTHERN MINDANAO)","Bukidnon","Valencia City",163402,101321000,216546,"101321000","overseas",NA
2019,1001321000,"Region X (Northern Mindanao)","Bukidnon","Valencia City","Region X (NORTHERN MINDANAO)","Bukidnon","Valencia City",163402,101321000,216546,"101321000","domestic",163052
2019,1001800000,"Region X (Northern Mindanao)","Camiguin","Camiguin","Region X (NORTHERN MINDANAO)","Camiguin","",804745,101800000,92808,"101800000","foreign",13749
2019,1001800000,"Region X (Northern Mindanao)","Camiguin","Camiguin","Region X (NORTHERN MINDANAO)","Camiguin","",804745,101800000,92808,"101800000","overseas",NA
2019,1001800000,"Region X (Northern Mindanao)","Camiguin","Camiguin","Region X (NORTHERN MINDANAO)","Camiguin","",804745,101800000,92808,"101800000","domestic",790996
2019,1003500000,"Region X (Northern Mindanao)","Lanao del Norte","Lanao del Norte","Region X (NORTHERN MINDANAO)","Lanao del Norte","",29614,103500000,722902,"103500000","foreign",94
2019,1003500000,"Region X (Northern Mindanao)","Lanao del Norte","Lanao del Norte","Region X (NORTHERN MINDANAO)","Lanao del Norte","",29614,103500000,722902,"103500000","overseas",NA
2019,1003500000,"Region X (Northern Mindanao)","Lanao del Norte","Lanao del Norte","Region X (NORTHERN MINDANAO)","Lanao del Norte","",29614,103500000,722902,"103500000","domestic",29520
2019,1004200000,"Region X (Northern Mindanao)","Misamis Occidental","Misamis Occidental","Region X (NORTHERN MINDANAO)","Misamis Occidental","",401712,104200000,617333,"104200000","foreign",2309
2019,1004200000,"Region X (Northern Mindanao)","Misamis Occidental","Misamis Occidental","Region X (NORTHERN MINDANAO)","Misamis Occidental","",401712,104200000,617333,"104200000","overseas",NA
2019,1004200000,"Region X (Northern Mindanao)","Misamis Occidental","Misamis Occidental","Region X (NORTHERN MINDANAO)","Misamis Occidental","",401712,104200000,617333,"104200000","domestic",399403
2019,1004200000,"Region X (Northern Mindanao)","Misamis Occidental","Misamis Occidental","Region X (NORTHERN MINDANAO)","Misamis Oriental","",163052,104200000,617333,"104200000","foreign",610
2019,1004200000,"Region X (Northern Mindanao)","Misamis Occidental","Misamis Occidental","Region X (NORTHERN MINDANAO)","Misamis Oriental","",163052,104200000,617333,"104200000","overseas",NA
2019,1004200000,"Region X (Northern Mindanao)","Misamis Occidental","Misamis Occidental","Region X (NORTHERN MINDANAO)","Misamis Oriental","",163052,104200000,617333,"104200000","domestic",162442
2019,1004209000,"Region X (Northern Mindanao)","Misamis Occidental","Oroquieta City","Region X (NORTHERN MINDANAO)","Misamis Occidental","Oroquieta City",41979,104209000,72301,"104209000","foreign",75
2019,1004209000,"Region X (Northern Mindanao)","Misamis Occidental","Oroquieta City","Region X (NORTHERN MINDANAO)","Misamis Occidental","Oroquieta City",41979,104209000,72301,"104209000","overseas",NA
2019,1004209000,"Region X (Northern Mindanao)","Misamis Occidental","Oroquieta City","Region X (NORTHERN MINDANAO)","Misamis Occidental","Oroquieta City",41979,104209000,72301,"104209000","domestic",41904
2019,1004210000,"Region X (Northern Mindanao)","Misamis Occidental","Ozamiz City","Region X (NORTHERN MINDANAO)","Misamis Occidental","Ozamis City",333863,104210000,140334,"104210000","foreign",2136
2019,1004210000,"Region X (Northern Mindanao)","Misamis Occidental","Ozamiz City","Region X (NORTHERN MINDANAO)","Misamis Occidental","Ozamis City",333863,104210000,140334,"104210000","overseas",NA
2019,1004210000,"Region X (Northern Mindanao)","Misamis Occidental","Ozamiz City","Region X (NORTHERN MINDANAO)","Misamis Occidental","Ozamis City",333863,104210000,140334,"104210000","domestic",331727
2019,1004215000,"Region X (Northern Mindanao)","Misamis Occidental","Tangub City","Region X (NORTHERN MINDANAO)","Misamis Occidental","Tangub City",22455,104215000,68389,"104215000","foreign",98
2019,1004215000,"Region X (Northern Mindanao)","Misamis Occidental","Tangub City","Region X (NORTHERN MINDANAO)","Misamis Occidental","Tangub City",22455,104215000,68389,"104215000","overseas",NA
2019,1004215000,"Region X (Northern Mindanao)","Misamis Occidental","Tangub City","Region X (NORTHERN MINDANAO)","Misamis Occidental","Tangub City",22455,104215000,68389,"104215000","domestic",22357
2019,1030500000,"Region X (Northern Mindanao)","Misamis Oriental","Cagayan De Oro City","Region X (NORTHERN MINDANAO)","Misamis Oriental","Cagayan de Oro City",1003324,104305000,728402,"104305000","foreign",40612
2019,1030500000,"Region X (Northern Mindanao)","Misamis Oriental","Cagayan De Oro City","Region X (NORTHERN MINDANAO)","Misamis Oriental","Cagayan de Oro City",1003324,104305000,728402,"104305000","overseas",NA
2019,1030500000,"Region X (Northern Mindanao)","Misamis Oriental","Cagayan De Oro City","Region X (NORTHERN MINDANAO)","Misamis Oriental","Cagayan de Oro City",1003324,104305000,728402,"104305000","domestic",962712
2019,1030900000,"Region X (Northern Mindanao)","Lanao del Norte","Iligan City","Region X (NORTHERN MINDANAO)","Lanao del Norte","Iligan City",208438,103504000,363115,"103504000","foreign",2876
2019,1030900000,"Region X (Northern Mindanao)","Lanao del Norte","Iligan City","Region X (NORTHERN MINDANAO)","Lanao del Norte","Iligan City",208438,103504000,363115,"103504000","overseas",NA
2019,1030900000,"Region X (Northern Mindanao)","Lanao del Norte","Iligan City","Region X (NORTHERN MINDANAO)","Lanao del Norte","Iligan City",208438,103504000,363115,"103504000","domestic",205562
2019,1102300000,"Region XI (Davao Region)","Davao del Norte","Davao del Norte","Region XI  (DAVAO REGION)","Davao del Norte","",713050,112300000,1125057,"112300000","foreign",25663
2019,1102300000,"Region XI (Davao Region)","Davao del Norte","Davao del Norte","Region XI  (DAVAO REGION)","Davao del Norte","",713050,112300000,1125057,"112300000","overseas",NA
2019,1102300000,"Region XI (Davao Region)","Davao del Norte","Davao del Norte","Region XI  (DAVAO REGION)","Davao del Norte","",713050,112300000,1125057,"112300000","domestic",687387
2019,1102300000,"Region XI (Davao Region)","Davao del Norte","Davao del Norte","Region XI  (DAVAO REGION)","Davao del Sur","",80462,112300000,1125057,"112300000","foreign",530
2019,1102300000,"Region XI (Davao Region)","Davao del Norte","Davao del Norte","Region XI  (DAVAO REGION)","Davao del Sur","",80462,112300000,1125057,"112300000","overseas",NA
2019,1102300000,"Region XI (Davao Region)","Davao del Norte","Davao del Norte","Region XI  (DAVAO REGION)","Davao del Sur","",80462,112300000,1125057,"112300000","domestic",79932
2019,1102500000,"Region XI (Davao Region)","Davao Oriental","Davao Oriental","Region XI  (DAVAO REGION)","Davao Oriental","",187376,112500000,576343,"112500000","foreign",5299
2019,1102500000,"Region XI (Davao Region)","Davao Oriental","Davao Oriental","Region XI  (DAVAO REGION)","Davao Oriental","",187376,112500000,576343,"112500000","overseas",NA
2019,1102500000,"Region XI (Davao Region)","Davao Oriental","Davao Oriental","Region XI  (DAVAO REGION)","Davao Oriental","",187376,112500000,576343,"112500000","domestic",182077
2019,1108200000,"Region XI (Davao Region)","Davao de Oro","Davao de Oro","Region XI  (DAVAO REGION)","Davao De Oro (ComVal)","",1617517,118200000,767547,"118200000","foreign",997
2019,1108200000,"Region XI (Davao Region)","Davao de Oro","Davao de Oro","Region XI  (DAVAO REGION)","Davao De Oro (ComVal)","",1617517,118200000,767547,"118200000","overseas",153
2019,1108200000,"Region XI (Davao Region)","Davao de Oro","Davao de Oro","Region XI  (DAVAO REGION)","Davao De Oro (ComVal)","",1617517,118200000,767547,"118200000","domestic",1616367
2019,1130700000,"Region XI (Davao Region)","Davao del Sur","Davao City","Region XI  (DAVAO REGION)","Davao del Sur","Davao City",2574895,112402000,1776949,"112402000","foreign",183730
2019,1130700000,"Region XI (Davao Region)","Davao del Sur","Davao City","Region XI  (DAVAO REGION)","Davao del Sur","Davao City",2574895,112402000,1776949,"112402000","overseas",45697
2019,1130700000,"Region XI (Davao Region)","Davao del Sur","Davao City","Region XI  (DAVAO REGION)","Davao del Sur","Davao City",2574895,112402000,1776949,"112402000","domestic",2345468
2019,1204700000,"Region XII (SOCCSKSARGEN)","Cotabato","Cotabato","Region XII  (SOCCSSARGEN)","Cotabato","",268968,124700000,1275185,"124700000","foreign",186
2019,1204700000,"Region XII (SOCCSKSARGEN)","Cotabato","Cotabato","Region XII  (SOCCSSARGEN)","Cotabato","",268968,124700000,1275185,"124700000","overseas",NA
2019,1204700000,"Region XII (SOCCSKSARGEN)","Cotabato","Cotabato","Region XII  (SOCCSSARGEN)","Cotabato","",268968,124700000,1275185,"124700000","domestic",268782
2019,1204704000,"Region XII (SOCCSKSARGEN)","Cotabato","Kidapawan City","Region XII  (SOCCSSARGEN)","Cotabato","Kidapawan City",196561,124704000,160791,"124704000","foreign",34
2019,1204704000,"Region XII (SOCCSKSARGEN)","Cotabato","Kidapawan City","Region XII  (SOCCSSARGEN)","Cotabato","Kidapawan City",196561,124704000,160791,"124704000","overseas",NA
2019,1204704000,"Region XII (SOCCSKSARGEN)","Cotabato","Kidapawan City","Region XII  (SOCCSSARGEN)","Cotabato","Kidapawan City",196561,124704000,160791,"124704000","domestic",196527
2019,1206300000,"Region XII (SOCCSKSARGEN)","South Cotabato","South Cotabato","Region XII  (SOCCSSARGEN)","South Cotabato","",675789,126300000,975476,"126300000","foreign",3042
2019,1206300000,"Region XII (SOCCSKSARGEN)","South Cotabato","South Cotabato","Region XII  (SOCCSSARGEN)","South Cotabato","",675789,126300000,975476,"126300000","overseas",1
2019,1206300000,"Region XII (SOCCSKSARGEN)","South Cotabato","South Cotabato","Region XII  (SOCCSSARGEN)","South Cotabato","",675789,126300000,975476,"126300000","domestic",672746
2019,1206306000,"Region XII (SOCCSKSARGEN)","South Cotabato","Koronadal City","Region XII  (SOCCSSARGEN)","South Cotabato","Koronadal City",618803,126306000,195398,"126306000","foreign",2286
2019,1206306000,"Region XII (SOCCSKSARGEN)","South Cotabato","Koronadal City","Region XII  (SOCCSSARGEN)","South Cotabato","Koronadal City",618803,126306000,195398,"126306000","overseas",NA
2019,1206306000,"Region XII (SOCCSKSARGEN)","South Cotabato","Koronadal City","Region XII  (SOCCSSARGEN)","South Cotabato","Koronadal City",618803,126306000,195398,"126306000","domestic",616517
2019,1206500000,"Region XII (SOCCSKSARGEN)","Sultan Kudarat","Sultan Kudarat","Region XII  (SOCCSSARGEN)","Sultan Kudarat","",49540,126500000,854052,"126500000","foreign",71
2019,1206500000,"Region XII (SOCCSKSARGEN)","Sultan Kudarat","Sultan Kudarat","Region XII  (SOCCSSARGEN)","Sultan Kudarat","",49540,126500000,854052,"126500000","overseas",NA
2019,1206500000,"Region XII (SOCCSKSARGEN)","Sultan Kudarat","Sultan Kudarat","Region XII  (SOCCSSARGEN)","Sultan Kudarat","",49540,126500000,854052,"126500000","domestic",49469
2019,1206511000,"Region XII (SOCCSKSARGEN)","Sultan Kudarat","Tacurong City","Region XII  (SOCCSSARGEN)","Sultan Kudarat","Tacurong City",37944,126511000,109319,"126511000","foreign",71
2019,1206511000,"Region XII (SOCCSKSARGEN)","Sultan Kudarat","Tacurong City","Region XII  (SOCCSSARGEN)","Sultan Kudarat","Tacurong City",37944,126511000,109319,"126511000","overseas",NA
2019,1206511000,"Region XII (SOCCSKSARGEN)","Sultan Kudarat","Tacurong City","Region XII  (SOCCSSARGEN)","Sultan Kudarat","Tacurong City",37944,126511000,109319,"126511000","domestic",37873
2019,1208000000,"Region XII (SOCCSKSARGEN)","Sarangani","Sarangani","Region XII  (SOCCSSARGEN)","Sarangani","",199307,128000000,558946,"128000000","foreign",415
2019,1208000000,"Region XII (SOCCSKSARGEN)","Sarangani","Sarangani","Region XII  (SOCCSSARGEN)","Sarangani","",199307,128000000,558946,"128000000","overseas",NA
2019,1208000000,"Region XII (SOCCSKSARGEN)","Sarangani","Sarangani","Region XII  (SOCCSSARGEN)","Sarangani","",199307,128000000,558946,"128000000","domestic",198892
2019,1230800000,"Region XII (SOCCSKSARGEN)","South Cotabato","General Santos City","Region XII  (SOCCSSARGEN)","South Cotabato","General Santos City",559487,126303000,697315,"126303000","foreign",17074
2019,1230800000,"Region XII (SOCCSKSARGEN)","South Cotabato","General Santos City","Region XII  (SOCCSSARGEN)","South Cotabato","General Santos City",559487,126303000,697315,"126303000","overseas",NA
2019,1230800000,"Region XII (SOCCSKSARGEN)","South Cotabato","General Santos City","Region XII  (SOCCSSARGEN)","South Cotabato","General Santos City",559487,126303000,697315,"126303000","domestic",542413
2019,1380300000,"National Capital Region (NCR)","Makati City","Makati City","National Capital Region (NCR)","Makati City","Makati City",375434,137602000,629616,"137602000","foreign",266807
2019,1380300000,"National Capital Region (NCR)","Makati City","Makati City","National Capital Region (NCR)","Makati City","Makati City",375434,137602000,629616,"137602000","overseas",NA
2019,1380300000,"National Capital Region (NCR)","Makati City","Makati City","National Capital Region (NCR)","Makati City","Makati City",375434,137602000,629616,"137602000","domestic",108627
2019,1380600000,"National Capital Region (NCR)","Manila City","Manila City","National Capital Region (NCR)","Manila","Manila",533015,133900000,1846513,"133900000","foreign",251088
2019,1380600000,"National Capital Region (NCR)","Manila City","Manila City","National Capital Region (NCR)","Manila","Manila",533015,133900000,1846513,"133900000","overseas",NA
2019,1380600000,"National Capital Region (NCR)","Manila City","Manila City","National Capital Region (NCR)","Manila","Manila",533015,133900000,1846513,"133900000","domestic",281927
2019,1380800000,"National Capital Region (NCR)","Muntinlupa City","Muntinlupa City","National Capital Region (NCR)","Muntinlupa City","Muntinlupa City",431123,137603000,543445,"137603000","foreign",242231
2019,1380800000,"National Capital Region (NCR)","Muntinlupa City","Muntinlupa City","National Capital Region (NCR)","Muntinlupa City","Muntinlupa City",431123,137603000,543445,"137603000","overseas",NA
2019,1380800000,"National Capital Region (NCR)","Muntinlupa City","Muntinlupa City","National Capital Region (NCR)","Muntinlupa City","Muntinlupa City",431123,137603000,543445,"137603000","domestic",188892
2019,1381000000,"National Capital Region (NCR)","Parañaque City","Parañaque City","National Capital Region (NCR)","Parañaque City","Parañaque City",514140,137604000,689992,"137604000","foreign",253641
2019,1381000000,"National Capital Region (NCR)","Parañaque City","Parañaque City","National Capital Region (NCR)","Parañaque City","Parañaque City",514140,137604000,689992,"137604000","overseas",877
2019,1381000000,"National Capital Region (NCR)","Parañaque City","Parañaque City","National Capital Region (NCR)","Parañaque City","Parañaque City",514140,137604000,689992,"137604000","domestic",259622
2019,1381100000,"National Capital Region (NCR)","Pasay City","Pasay City","National Capital Region (NCR)","Pasay City","Pasay City",672928,137605000,440656,"137605000","foreign",368698
2019,1381100000,"National Capital Region (NCR)","Pasay City","Pasay City","National Capital Region (NCR)","Pasay City","Pasay City",672928,137605000,440656,"137605000","overseas",NA
2019,1381100000,"National Capital Region (NCR)","Pasay City","Pasay City","National Capital Region (NCR)","Pasay City","Pasay City",672928,137605000,440656,"137605000","domestic",304230
2019,1381200000,"National Capital Region (NCR)","Pasig City","Pasig City","National Capital Region (NCR)","Pasig City","Pasig City",142172,137403000,803159,"137403000","foreign",135399
2019,1381200000,"National Capital Region (NCR)","Pasig City","Pasig City","National Capital Region (NCR)","Pasig City","Pasig City",142172,137403000,803159,"137403000","overseas",NA
2019,1381200000,"National Capital Region (NCR)","Pasig City","Pasig City","National Capital Region (NCR)","Pasig City","Pasig City",142172,137403000,803159,"137403000","domestic",6773
2019,1381300000,"National Capital Region (NCR)","Quezon City","Quezon City","National Capital Region (NCR)","Quezon City","Quezon City",102986,137404000,2960048,"137404000","foreign",21262
2019,1381300000,"National Capital Region (NCR)","Quezon City","Quezon City","National Capital Region (NCR)","Quezon City","Quezon City",102986,137404000,2960048,"137404000","overseas",NA
2019,1381300000,"National Capital Region (NCR)","Quezon City","Quezon City","National Capital Region (NCR)","Quezon City","Quezon City",102986,137404000,2960048,"137404000","domestic",81724
2019,1381500000,"National Capital Region (NCR)","Taguig City","Taguig City","National Capital Region (NCR)","Taguig City","Taguig City",265105,137607000,886722,"137607000","foreign",170031
2019,1381500000,"National Capital Region (NCR)","Taguig City","Taguig City","National Capital Region (NCR)","Taguig City","Taguig City",265105,137607000,886722,"137607000","overseas",NA
2019,1381500000,"National Capital Region (NCR)","Taguig City","Taguig City","National Capital Region (NCR)","Taguig City","Taguig City",265105,137607000,886722,"137607000","domestic",95074
2019,1400100000,"Cordillera Administrative Region (CAR)","Abra","Abra","Cordillera Administrative Region (CAR)","Abra","",2948,140100000,250985,"140100000","foreign",54
2019,1400100000,"Cordillera Administrative Region (CAR)","Abra","Abra","Cordillera Administrative Region (CAR)","Abra","",2948,140100000,250985,"140100000","overseas",NA
2019,1400100000,"Cordillera Administrative Region (CAR)","Abra","Abra","Cordillera Administrative Region (CAR)","Abra","",2948,140100000,250985,"140100000","domestic",2894
2019,1401100000,"Cordillera Administrative Region (CAR)","Benguet","Benguet","Cordillera Administrative Region (CAR)","Benguet","",108634,141100000,460683,"141100000","foreign",787
2019,1401100000,"Cordillera Administrative Region (CAR)","Benguet","Benguet","Cordillera Administrative Region (CAR)","Benguet","",108634,141100000,460683,"141100000","overseas",NA
2019,1401100000,"Cordillera Administrative Region (CAR)","Benguet","Benguet","Cordillera Administrative Region (CAR)","Benguet","",108634,141100000,460683,"141100000","domestic",107847
2019,1402700000,"Cordillera Administrative Region (CAR)","Ifugao","Ifugao","Cordillera Administrative Region (CAR)","Ifugao","",71500,142700000,207498,"142700000","foreign",31594
2019,1402700000,"Cordillera Administrative Region (CAR)","Ifugao","Ifugao","Cordillera Administrative Region (CAR)","Ifugao","",71500,142700000,207498,"142700000","overseas",44
2019,1402700000,"Cordillera Administrative Region (CAR)","Ifugao","Ifugao","Cordillera Administrative Region (CAR)","Ifugao","",71500,142700000,207498,"142700000","domestic",39862
2019,1403200000,"Cordillera Administrative Region (CAR)","Kalinga","Kalinga","Cordillera Administrative Region (CAR)","Kalinga","",107799,143200000,229570,"143200000","foreign",6418
2019,1403200000,"Cordillera Administrative Region (CAR)","Kalinga","Kalinga","Cordillera Administrative Region (CAR)","Kalinga","",107799,143200000,229570,"143200000","overseas",148
2019,1403200000,"Cordillera Administrative Region (CAR)","Kalinga","Kalinga","Cordillera Administrative Region (CAR)","Kalinga","",107799,143200000,229570,"143200000","domestic",101233
2019,1404400000,"Cordillera Administrative Region (CAR)","Mountain Province","Mountain Province","Cordillera Administrative Region (CAR)","Mountain Province","",178566,144400000,158200,"144400000","foreign",7807
2019,1404400000,"Cordillera Administrative Region (CAR)","Mountain Province","Mountain Province","Cordillera Administrative Region (CAR)","Mountain Province","",178566,144400000,158200,"144400000","overseas",NA
2019,1404400000,"Cordillera Administrative Region (CAR)","Mountain Province","Mountain Province","Cordillera Administrative Region (CAR)","Mountain Province","",178566,144400000,158200,"144400000","domestic",170759
2019,1408100000,"Cordillera Administrative Region (CAR)","Apayao","Apayao","Cordillera Administrative Region (CAR)","Apayao","",9495,148100000,124366,"148100000","foreign",3
2019,1408100000,"Cordillera Administrative Region (CAR)","Apayao","Apayao","Cordillera Administrative Region (CAR)","Apayao","",9495,148100000,124366,"148100000","overseas",NA
2019,1408100000,"Cordillera Administrative Region (CAR)","Apayao","Apayao","Cordillera Administrative Region (CAR)","Apayao","",9495,148100000,124366,"148100000","domestic",9492
2019,1430300000,"Cordillera Administrative Region (CAR)","Benguet","Baguio City","Cordillera Administrative Region (CAR)","Benguet","Baguio City",1536458,141102000,366358,"141102000","foreign",38403
2019,1430300000,"Cordillera Administrative Region (CAR)","Benguet","Baguio City","Cordillera Administrative Region (CAR)","Benguet","Baguio City",1536458,141102000,366358,"141102000","overseas",93
2019,1430300000,"Cordillera Administrative Region (CAR)","Benguet","Baguio City","Cordillera Administrative Region (CAR)","Benguet","Baguio City",1536458,141102000,366358,"141102000","domestic",1497962
2019,1600200000,"Region XIII (Caraga)","Agusan del Norte","Agusan del Norte","Region XIII (CARAGA)","Agusan del Norte","",73010,160200000,387503,"160200000","foreign",75
2019,1600200000,"Region XIII (Caraga)","Agusan del Norte","Agusan del Norte","Region XIII (CARAGA)","Agusan del Norte","",73010,160200000,387503,"160200000","overseas",NA
2019,1600200000,"Region XIII (Caraga)","Agusan del Norte","Agusan del Norte","Region XIII (CARAGA)","Agusan del Norte","",73010,160200000,387503,"160200000","domestic",72935
2019,1600200000,"Region XIII (Caraga)","Agusan del Norte","Agusan del Norte","Region XIII (CARAGA)","Surigao del Norte","",658267,160200000,387503,"160200000","foreign",98355
2019,1600200000,"Region XIII (Caraga)","Agusan del Norte","Agusan del Norte","Region XIII (CARAGA)","Surigao del Norte","",658267,160200000,387503,"160200000","overseas",1284
2019,1600200000,"Region XIII (Caraga)","Agusan del Norte","Agusan del Norte","Region XIII (CARAGA)","Surigao del Norte","",658267,160200000,387503,"160200000","domestic",558628
2019,1600203000,"Region XIII (Caraga)","Agusan del Norte","Cabadbaran City","Region XIII (CARAGA)","Agusan del Norte","Cabadbaran City",73010,160203000,80354,"160203000","foreign",75
2019,1600203000,"Region XIII (Caraga)","Agusan del Norte","Cabadbaran City","Region XIII (CARAGA)","Agusan del Norte","Cabadbaran City",73010,160203000,80354,"160203000","overseas",NA
2019,1600203000,"Region XIII (Caraga)","Agusan del Norte","Cabadbaran City","Region XIII (CARAGA)","Agusan del Norte","Cabadbaran City",73010,160203000,80354,"160203000","domestic",72935
2019,1600300000,"Region XIII (Caraga)","Agusan del Sur","Agusan del Sur","Region XIII (CARAGA)","Surigao del Sur","",78820,160300000,739367,"160300000","foreign",428
2019,1600300000,"Region XIII (Caraga)","Agusan del Sur","Agusan del Sur","Region XIII (CARAGA)","Surigao del Sur","",78820,160300000,739367,"160300000","overseas",NA
2019,1600300000,"Region XIII (Caraga)","Agusan del Sur","Agusan del Sur","Region XIII (CARAGA)","Surigao del Sur","",78820,160300000,739367,"160300000","domestic",78392
2019,1606724000,"Region XIII (Caraga)","Surigao del Norte","Surigao City","Region XIII (CARAGA)","Surigao del Norte","Surigao City",314200,166724000,171107,"166724000","foreign",13781
2019,1606724000,"Region XIII (Caraga)","Surigao del Norte","Surigao City","Region XIII (CARAGA)","Surigao del Norte","Surigao City",314200,166724000,171107,"166724000","overseas",238
2019,1606724000,"Region XIII (Caraga)","Surigao del Norte","Surigao City","Region XIII (CARAGA)","Surigao del Norte","Surigao City",314200,166724000,171107,"166724000","domestic",300181
2019,1606819000,"Region XIII (Caraga)","Surigao del Sur","Tandag City","Region XIII (CARAGA)","Surigao del Sur","Tandag City",71266,166819000,62669,"166819000","foreign",428
2019,1606819000,"Region XIII (Caraga)","Surigao del Sur","Tandag City","Region XIII (CARAGA)","Surigao del Sur","Tandag City",71266,166819000,62669,"166819000","overseas",NA
2019,1606819000,"Region XIII (Caraga)","Surigao del Sur","Tandag City","Region XIII (CARAGA)","Surigao del Sur","Tandag City",71266,166819000,62669,"166819000","domestic",70838
2019,1608500000,"Region XIII (Caraga)","Dinagat Islands","Dinagat Islands","Region XIII (CARAGA)","Dinagat Islands","",76839,168500000,128117,"168500000","foreign",1018
2019,1608500000,"Region XIII (Caraga)","Dinagat Islands","Dinagat Islands","Region XIII (CARAGA)","Dinagat Islands","",76839,168500000,128117,"168500000","overseas",NA
2019,1608500000,"Region XIII (Caraga)","Dinagat Islands","Dinagat Islands","Region XIII (CARAGA)","Dinagat Islands","",76839,168500000,128117,"168500000","domestic",75821
2019,1630400000,"Region XIII (Caraga)","Agusan del Norte","Butuan City","Region XIII (CARAGA)","Agusan del Norte","Butuan City",294207,160202000,372910,"160202000","foreign",5426
2019,1630400000,"Region XIII (Caraga)","Agusan del Norte","Butuan City","Region XIII (CARAGA)","Agusan del Norte","Butuan City",294207,160202000,372910,"160202000","overseas",202
2019,1630400000,"Region XIII (Caraga)","Agusan del Norte","Butuan City","Region XIII (CARAGA)","Agusan del Norte","Butuan City",294207,160202000,372910,"160202000","domestic",288579
2019,1704001000,"MIMAROPA Region","Marinduque","Boac","MIMAROPA Region","Marinduque","Boac",22188,174001000,57283,"174001000","foreign",156
2019,1704001000,"MIMAROPA Region","Marinduque","Boac","MIMAROPA Region","Marinduque","Boac",22188,174001000,57283,"174001000","overseas",NA
2019,1704001000,"MIMAROPA Region","Marinduque","Boac","MIMAROPA Region","Marinduque","Boac",22188,174001000,57283,"174001000","domestic",22032
2019,1704003000,"MIMAROPA Region","Marinduque","Gasan","MIMAROPA Region","Marinduque","Gasan",2228,174003000,36197,"174003000","foreign",212
2019,1704003000,"MIMAROPA Region","Marinduque","Gasan","MIMAROPA Region","Marinduque","Gasan",2228,174003000,36197,"174003000","overseas",NA
2019,1704003000,"MIMAROPA Region","Marinduque","Gasan","MIMAROPA Region","Marinduque","Gasan",2228,174003000,36197,"174003000","domestic",2016
2019,1704004000,"MIMAROPA Region","Marinduque","Mogpog","MIMAROPA Region","Marinduque","Mogpog",1627,174004000,34516,"174004000","foreign",7
2019,1704004000,"MIMAROPA Region","Marinduque","Mogpog","MIMAROPA Region","Marinduque","Mogpog",1627,174004000,34516,"174004000","overseas",NA
2019,1704004000,"MIMAROPA Region","Marinduque","Mogpog","MIMAROPA Region","Marinduque","Mogpog",1627,174004000,34516,"174004000","domestic",1620
2019,1704006000,"MIMAROPA Region","Marinduque","Torrijos","MIMAROPA Region","Marinduque","Torrijos",7543,174006000,30476,"174006000","foreign",78
2019,1704006000,"MIMAROPA Region","Marinduque","Torrijos","MIMAROPA Region","Marinduque","Torrijos",7543,174006000,30476,"174006000","overseas",NA
2019,1704006000,"MIMAROPA Region","Marinduque","Torrijos","MIMAROPA Region","Marinduque","Torrijos",7543,174006000,30476,"174006000","domestic",7465
2019,1705104000,"MIMAROPA Region","Occidental Mindoro","Lubang","MIMAROPA Region","Occidental Mindoro","Lubang",32810,175104000,17437,"175104000","foreign",1260
2019,1705104000,"MIMAROPA Region","Occidental Mindoro","Lubang","MIMAROPA Region","Occidental Mindoro","Lubang",32810,175104000,17437,"175104000","overseas",619
2019,1705104000,"MIMAROPA Region","Occidental Mindoro","Lubang","MIMAROPA Region","Occidental Mindoro","Lubang",32810,175104000,17437,"175104000","domestic",30931
2019,1705105000,"MIMAROPA Region","Occidental Mindoro","Magsaysay","MIMAROPA Region","Occidental Mindoro","Magsaysay",3239,175105000,39767,"175105000","foreign",24
2019,1705105000,"MIMAROPA Region","Occidental Mindoro","Magsaysay","MIMAROPA Region","Occidental Mindoro","Magsaysay",3239,175105000,39767,"175105000","overseas",NA
2019,1705105000,"MIMAROPA Region","Occidental Mindoro","Magsaysay","MIMAROPA Region","Occidental Mindoro","Magsaysay",3239,175105000,39767,"175105000","domestic",3215
2019,1705106000,"MIMAROPA Region","Occidental Mindoro","Mamburao","MIMAROPA Region","Occidental Mindoro","Mamburao",14685,175106000,47705,"175106000","foreign",36
2019,1705106000,"MIMAROPA Region","Occidental Mindoro","Mamburao","MIMAROPA Region","Occidental Mindoro","Mamburao",14685,175106000,47705,"175106000","overseas",1
2019,1705106000,"MIMAROPA Region","Occidental Mindoro","Mamburao","MIMAROPA Region","Occidental Mindoro","Mamburao",14685,175106000,47705,"175106000","domestic",14648
2019,1705109000,"MIMAROPA Region","Occidental Mindoro","Sablayan","MIMAROPA Region","Occidental Mindoro","Sablayan",37213,175109000,92598,"175109000","foreign",2785
2019,1705109000,"MIMAROPA Region","Occidental Mindoro","Sablayan","MIMAROPA Region","Occidental Mindoro","Sablayan",37213,175109000,92598,"175109000","overseas",NA
2019,1705109000,"MIMAROPA Region","Occidental Mindoro","Sablayan","MIMAROPA Region","Occidental Mindoro","Sablayan",37213,175109000,92598,"175109000","domestic",34428
2019,1705110000,"MIMAROPA Region","Occidental Mindoro","San Jose","MIMAROPA Region","Occidental Mindoro","San Jose",54867,175110000,153267,"175110000","foreign",1293
2019,1705110000,"MIMAROPA Region","Occidental Mindoro","San Jose","MIMAROPA Region","Occidental Mindoro","San Jose",54867,175110000,153267,"175110000","overseas",NA
2019,1705110000,"MIMAROPA Region","Occidental Mindoro","San Jose","MIMAROPA Region","Occidental Mindoro","San Jose",54867,175110000,153267,"175110000","domestic",53574
2019,1705202000,"MIMAROPA Region","Oriental Mindoro","Bansud","MIMAROPA Region","Oriental Mindoro","Bansud",4535,175202000,42671,"175202000","foreign",34
2019,1705202000,"MIMAROPA Region","Oriental Mindoro","Bansud","MIMAROPA Region","Oriental Mindoro","Bansud",4535,175202000,42671,"175202000","overseas",NA
2019,1705202000,"MIMAROPA Region","Oriental Mindoro","Bansud","MIMAROPA Region","Oriental Mindoro","Bansud",4535,175202000,42671,"175202000","domestic",4501
2019,1705205000,"MIMAROPA Region","Oriental Mindoro","Calapan City","MIMAROPA Region","Oriental Mindoro","Calapan City",107988,175205000,145786,"175205000","foreign",6735
2019,1705205000,"MIMAROPA Region","Oriental Mindoro","Calapan City","MIMAROPA Region","Oriental Mindoro","Calapan City",107988,175205000,145786,"175205000","overseas",NA
2019,1705205000,"MIMAROPA Region","Oriental Mindoro","Calapan City","MIMAROPA Region","Oriental Mindoro","Calapan City",107988,175205000,145786,"175205000","domestic",101253
2019,1705206000,"MIMAROPA Region","Oriental Mindoro","Gloria","MIMAROPA Region","Oriental Mindoro","Gloria",3135,175206000,50496,"175206000","foreign",16
2019,1705206000,"MIMAROPA Region","Oriental Mindoro","Gloria","MIMAROPA Region","Oriental Mindoro","Gloria",3135,175206000,50496,"175206000","overseas",NA
2019,1705206000,"MIMAROPA Region","Oriental Mindoro","Gloria","MIMAROPA Region","Oriental Mindoro","Gloria",3135,175206000,50496,"175206000","domestic",3119
2019,1705207000,"MIMAROPA Region","Oriental Mindoro","Mansalay","MIMAROPA Region","Oriental Mindoro","Mansalay",5714,175207000,59114,"175207000","foreign",444
2019,1705207000,"MIMAROPA Region","Oriental Mindoro","Mansalay","MIMAROPA Region","Oriental Mindoro","Mansalay",5714,175207000,59114,"175207000","overseas",NA
2019,1705207000,"MIMAROPA Region","Oriental Mindoro","Mansalay","MIMAROPA Region","Oriental Mindoro","Mansalay",5714,175207000,59114,"175207000","domestic",5270
2019,1705209000,"MIMAROPA Region","Oriental Mindoro","Pinamalayan","MIMAROPA Region","Oriental Mindoro","Pinamalayan",24446,175209000,90383,"175209000","foreign",10
2019,1705209000,"MIMAROPA Region","Oriental Mindoro","Pinamalayan","MIMAROPA Region","Oriental Mindoro","Pinamalayan",24446,175209000,90383,"175209000","overseas",NA
2019,1705209000,"MIMAROPA Region","Oriental Mindoro","Pinamalayan","MIMAROPA Region","Oriental Mindoro","Pinamalayan",24446,175209000,90383,"175209000","domestic",24436
2019,1705210000,"MIMAROPA Region","Oriental Mindoro","Pola","MIMAROPA Region","Oriental Mindoro","Pola",3106,175210000,35455,"175210000","foreign",17
2019,1705210000,"MIMAROPA Region","Oriental Mindoro","Pola","MIMAROPA Region","Oriental Mindoro","Pola",3106,175210000,35455,"175210000","overseas",NA
2019,1705210000,"MIMAROPA Region","Oriental Mindoro","Pola","MIMAROPA Region","Oriental Mindoro","Pola",3106,175210000,35455,"175210000","domestic",3089
2019,1705211000,"MIMAROPA Region","Oriental Mindoro","Puerto Galera","MIMAROPA Region","Oriental Mindoro","Puerto Galera",94842,175211000,41961,"175211000","foreign",24115
2019,1705211000,"MIMAROPA Region","Oriental Mindoro","Puerto Galera","MIMAROPA Region","Oriental Mindoro","Puerto Galera",94842,175211000,41961,"175211000","overseas",NA
2019,1705211000,"MIMAROPA Region","Oriental Mindoro","Puerto Galera","MIMAROPA Region","Oriental Mindoro","Puerto Galera",94842,175211000,41961,"175211000","domestic",70727
2019,1705212000,"MIMAROPA Region","Oriental Mindoro","Roxas","MIMAROPA Region","Oriental Mindoro","Roxas",48022,175212000,58849,"175212000","foreign",189
2019,1705212000,"MIMAROPA Region","Oriental Mindoro","Roxas","MIMAROPA Region","Oriental Mindoro","Roxas",48022,175212000,58849,"175212000","overseas",NA
2019,1705212000,"MIMAROPA Region","Oriental Mindoro","Roxas","MIMAROPA Region","Oriental Mindoro","Roxas",48022,175212000,58849,"175212000","domestic",47833
2019,1705213000,"MIMAROPA Region","Oriental Mindoro","San Teodoro","MIMAROPA Region","Oriental Mindoro","San Teodoro",4829,175213000,19121,"175213000","foreign",30
2019,1705213000,"MIMAROPA Region","Oriental Mindoro","San Teodoro","MIMAROPA Region","Oriental Mindoro","San Teodoro",4829,175213000,19121,"175213000","overseas",NA
2019,1705213000,"MIMAROPA Region","Oriental Mindoro","San Teodoro","MIMAROPA Region","Oriental Mindoro","San Teodoro",4829,175213000,19121,"175213000","domestic",4799
2019,1705215000,"MIMAROPA Region","Oriental Mindoro","Victoria","MIMAROPA Region","Oriental Mindoro","Victoria",8987,175215000,52175,"175215000","foreign",26
2019,1705215000,"MIMAROPA Region","Oriental Mindoro","Victoria","MIMAROPA Region","Oriental Mindoro","Victoria",8987,175215000,52175,"175215000","overseas",NA
2019,1705215000,"MIMAROPA Region","Oriental Mindoro","Victoria","MIMAROPA Region","Oriental Mindoro","Victoria",8987,175215000,52175,"175215000","domestic",8961
2019,1705301000,"MIMAROPA Region","Palawan","Aborlan","MIMAROPA Region","Palawan","Aborlan",2853,175301000,38736,"175301000","foreign",819
2019,1705301000,"MIMAROPA Region","Palawan","Aborlan","MIMAROPA Region","Palawan","Aborlan",2853,175301000,38736,"175301000","overseas",NA
2019,1705301000,"MIMAROPA Region","Palawan","Aborlan","MIMAROPA Region","Palawan","Aborlan",2853,175301000,38736,"175301000","domestic",2034
2019,1705303000,"MIMAROPA Region","Palawan","Araceli","MIMAROPA Region","Palawan","Araceli",764,175303000,14434,"175303000","foreign",94
2019,1705303000,"MIMAROPA Region","Palawan","Araceli","MIMAROPA Region","Palawan","Araceli",764,175303000,14434,"175303000","overseas",NA
2019,1705303000,"MIMAROPA Region","Palawan","Araceli","MIMAROPA Region","Palawan","Araceli",764,175303000,14434,"175303000","domestic",670
2019,1705304000,"MIMAROPA Region","Palawan","Balabac","MIMAROPA Region","Palawan","Balabac",4429,175304000,42527,"175304000","foreign",2407
2019,1705304000,"MIMAROPA Region","Palawan","Balabac","MIMAROPA Region","Palawan","Balabac",4429,175304000,42527,"175304000","overseas",NA
2019,1705304000,"MIMAROPA Region","Palawan","Balabac","MIMAROPA Region","Palawan","Balabac",4429,175304000,42527,"175304000","domestic",2022
2019,1705305000,"MIMAROPA Region","Palawan","Bataraza","MIMAROPA Region","Palawan","Bataraza",16984,175305000,85439,"175305000","foreign",48
2019,1705305000,"MIMAROPA Region","Palawan","Bataraza","MIMAROPA Region","Palawan","Bataraza",16984,175305000,85439,"175305000","overseas",48
2019,1705305000,"MIMAROPA Region","Palawan","Bataraza","MIMAROPA Region","Palawan","Bataraza",16984,175305000,85439,"175305000","domestic",16888
2019,1705306000,"MIMAROPA Region","Palawan","Brooke's Point","MIMAROPA Region","Palawan","Brookes Point",22167,175306000,73994,"175306000","foreign",124
2019,1705306000,"MIMAROPA Region","Palawan","Brooke's Point","MIMAROPA Region","Palawan","Brookes Point",22167,175306000,73994,"175306000","overseas",NA
2019,1705306000,"MIMAROPA Region","Palawan","Brooke's Point","MIMAROPA Region","Palawan","Brookes Point",22167,175306000,73994,"175306000","domestic",22043
2019,1705307000,"MIMAROPA Region","Palawan","Busuanga","MIMAROPA Region","Palawan","Busuanga",11928,175307000,25617,"175307000","foreign",8076
2019,1705307000,"MIMAROPA Region","Palawan","Busuanga","MIMAROPA Region","Palawan","Busuanga",11928,175307000,25617,"175307000","overseas",1
2019,1705307000,"MIMAROPA Region","Palawan","Busuanga","MIMAROPA Region","Palawan","Busuanga",11928,175307000,25617,"175307000","domestic",3851
2019,1705308000,"MIMAROPA Region","Palawan","Cagayancillo","MIMAROPA Region","Palawan","Cagayancillo",59,175308000,6884,"175308000","foreign",19
2019,1705308000,"MIMAROPA Region","Palawan","Cagayancillo","MIMAROPA Region","Palawan","Cagayancillo",59,175308000,6884,"175308000","overseas",NA
2019,1705308000,"MIMAROPA Region","Palawan","Cagayancillo","MIMAROPA Region","Palawan","Cagayancillo",59,175308000,6884,"175308000","domestic",40
2019,1705309000,"MIMAROPA Region","Palawan","Coron","MIMAROPA Region","Palawan","Coron",292549,175309000,65855,"175309000","foreign",118709
2019,1705309000,"MIMAROPA Region","Palawan","Coron","MIMAROPA Region","Palawan","Coron",292549,175309000,65855,"175309000","overseas",2983
2019,1705309000,"MIMAROPA Region","Palawan","Coron","MIMAROPA Region","Palawan","Coron",292549,175309000,65855,"175309000","domestic",170857
2019,1705310000,"MIMAROPA Region","Palawan","Cuyo","MIMAROPA Region","Palawan","Cuyo",763,175310000,23489,"175310000","foreign",167
2019,1705310000,"MIMAROPA Region","Palawan","Cuyo","MIMAROPA Region","Palawan","Cuyo",763,175310000,23489,"175310000","overseas",NA
2019,1705310000,"MIMAROPA Region","Palawan","Cuyo","MIMAROPA Region","Palawan","Cuyo",763,175310000,23489,"175310000","domestic",596
2019,1705311000,"MIMAROPA Region","Palawan","Dumaran","MIMAROPA Region","Palawan","Dumaran",311724,175311000,23528,"175311000","foreign",187467
2019,1705311000,"MIMAROPA Region","Palawan","Dumaran","MIMAROPA Region","Palawan","Dumaran",311724,175311000,23528,"175311000","overseas",NA
2019,1705311000,"MIMAROPA Region","Palawan","Dumaran","MIMAROPA Region","Palawan","Dumaran",311724,175311000,23528,"175311000","domestic",124257
2019,1705312000,"MIMAROPA Region","Palawan","El Nido","MIMAROPA Region","Palawan","El Nido",462,175312000,50494,"175312000","foreign",17
2019,1705312000,"MIMAROPA Region","Palawan","El Nido","MIMAROPA Region","Palawan","El Nido",462,175312000,50494,"175312000","overseas",NA
2019,1705312000,"MIMAROPA Region","Palawan","El Nido","MIMAROPA Region","Palawan","El Nido",462,175312000,50494,"175312000","domestic",445
2019,1705313000,"MIMAROPA Region","Palawan","Linapacan","MIMAROPA Region","Palawan","Linapacan",878,175313000,16424,"175313000","foreign",259
2019,1705313000,"MIMAROPA Region","Palawan","Linapacan","MIMAROPA Region","Palawan","Linapacan",878,175313000,16424,"175313000","overseas",NA
2019,1705313000,"MIMAROPA Region","Palawan","Linapacan","MIMAROPA Region","Palawan","Linapacan",878,175313000,16424,"175313000","domestic",619
2019,1705315000,"MIMAROPA Region","Palawan","Narra","MIMAROPA Region","Palawan","Narra",33871,175315000,77948,"175315000","foreign",4896
2019,1705315000,"MIMAROPA Region","Palawan","Narra","MIMAROPA Region","Palawan","Narra",33871,175315000,77948,"175315000","overseas",NA
2019,1705315000,"MIMAROPA Region","Palawan","Narra","MIMAROPA Region","Palawan","Narra",33871,175315000,77948,"175315000","domestic",28975
2019,1705317000,"MIMAROPA Region","Palawan","Quezon","MIMAROPA Region","Palawan","Quezon",9170,175317000,65283,"175317000","foreign",187
2019,1705317000,"MIMAROPA Region","Palawan","Quezon","MIMAROPA Region","Palawan","Quezon",9170,175317000,65283,"175317000","overseas",NA
2019,1705317000,"MIMAROPA Region","Palawan","Quezon","MIMAROPA Region","Palawan","Quezon",9170,175317000,65283,"175317000","domestic",8983
2019,1705318000,"MIMAROPA Region","Palawan","Roxas","MIMAROPA Region","Palawan","Roxas",10959,175318000,69624,"175318000","foreign",164
2019,1705318000,"MIMAROPA Region","Palawan","Roxas","MIMAROPA Region","Palawan","Roxas",10959,175318000,69624,"175318000","overseas",NA
2019,1705318000,"MIMAROPA Region","Palawan","Roxas","MIMAROPA Region","Palawan","Roxas",10959,175318000,69624,"175318000","domestic",10795
2019,1705319000,"MIMAROPA Region","Palawan","San Vicente","MIMAROPA Region","Palawan","San Vicente",41972,175319000,33507,"175319000","foreign",31324
2019,1705319000,"MIMAROPA Region","Palawan","San Vicente","MIMAROPA Region","Palawan","San Vicente",41972,175319000,33507,"175319000","overseas",NA
2019,1705319000,"MIMAROPA Region","Palawan","San Vicente","MIMAROPA Region","Palawan","San Vicente",41972,175319000,33507,"175319000","domestic",10648
2019,1705320000,"MIMAROPA Region","Palawan","Taytay","MIMAROPA Region","Palawan","Taytay",14202,175320000,83357,"175320000","foreign",7807
2019,1705320000,"MIMAROPA Region","Palawan","Taytay","MIMAROPA Region","Palawan","Taytay",14202,175320000,83357,"175320000","overseas",NA
2019,1705320000,"MIMAROPA Region","Palawan","Taytay","MIMAROPA Region","Palawan","Taytay",14202,175320000,83357,"175320000","domestic",6395
2019,1705322000,"MIMAROPA Region","Palawan","Culion","MIMAROPA Region","Palawan","Culion",36689,175322000,23213,"175322000","foreign",19615
2019,1705322000,"MIMAROPA Region","Palawan","Culion","MIMAROPA Region","Palawan","Culion",36689,175322000,23213,"175322000","overseas",NA
2019,1705322000,"MIMAROPA Region","Palawan","Culion","MIMAROPA Region","Palawan","Culion",36689,175322000,23213,"175322000","domestic",17074
2019,1705323000,"MIMAROPA Region","Palawan","Dr. Jose P. Rizal","MIMAROPA Region","Palawan","Dr. Jose P. Rizal",3445,175323000,56162,"175323000","foreign",286
2019,1705323000,"MIMAROPA Region","Palawan","Dr. Jose P. Rizal","MIMAROPA Region","Palawan","Dr. Jose P. Rizal",3445,175323000,56162,"175323000","overseas",NA
2019,1705323000,"MIMAROPA Region","Palawan","Dr. Jose P. Rizal","MIMAROPA Region","Palawan","Dr. Jose P. Rizal",3445,175323000,56162,"175323000","domestic",3159
2019,1705914000,"MIMAROPA Region","Romblon","San Jose","MIMAROPA Region","Romblon","San Jose",4135,175914000,11759,"175914000","foreign",800
2019,1705914000,"MIMAROPA Region","Romblon","San Jose","MIMAROPA Region","Romblon","San Jose",4135,175914000,11759,"175914000","overseas",NA
2019,1705914000,"MIMAROPA Region","Romblon","San Jose","MIMAROPA Region","Romblon","San Jose",4135,175914000,11759,"175914000","domestic",3335
2019,1731500000,"MIMAROPA Region","Palawan","Puerto Princesa City","MIMAROPA Region","Palawan","Puerto Princesa City",1170083,175316000,307079,"175316000","foreign",441674
2019,1731500000,"MIMAROPA Region","Palawan","Puerto Princesa City","MIMAROPA Region","Palawan","Puerto Princesa City",1170083,175316000,307079,"175316000","overseas",687
2019,1731500000,"MIMAROPA Region","Palawan","Puerto Princesa City","MIMAROPA Region","Palawan","Puerto Princesa City",1170083,175316000,307079,"175316000","domestic",727722
2019,1804502000,"Negros Island Region (NIR)","Negros Occidental","Bago City","Negros Island Region (NIR)","Negros Occidental","Bago",22469,64502000,191210,"064502000","foreign",178
2019,1804502000,"Negros Island Region (NIR)","Negros Occidental","Bago City","Negros Island Region (NIR)","Negros Occidental","Bago",22469,64502000,191210,"064502000","overseas",NA
2019,1804502000,"Negros Island Region (NIR)","Negros Occidental","Bago City","Negros Island Region (NIR)","Negros Occidental","Bago",22469,64502000,191210,"064502000","domestic",22291
2019,1804503000,"Negros Island Region (NIR)","Negros Occidental","Binalbagan","Negros Island Region (NIR)","Negros Occidental","Binalbagan",7410,64503000,71407,"064503000","foreign",26
2019,1804503000,"Negros Island Region (NIR)","Negros Occidental","Binalbagan","Negros Island Region (NIR)","Negros Occidental","Binalbagan",7410,64503000,71407,"064503000","overseas",NA
2019,1804503000,"Negros Island Region (NIR)","Negros Occidental","Binalbagan","Negros Island Region (NIR)","Negros Occidental","Binalbagan",7410,64503000,71407,"064503000","domestic",7384
2019,1804504000,"Negros Island Region (NIR)","Negros Occidental","Cadiz City","Negros Island Region (NIR)","Negros Occidental","Cadiz",51821,64504000,158544,"064504000","foreign",3638
2019,1804504000,"Negros Island Region (NIR)","Negros Occidental","Cadiz City","Negros Island Region (NIR)","Negros Occidental","Cadiz",51821,64504000,158544,"064504000","overseas",NA
2019,1804504000,"Negros Island Region (NIR)","Negros Occidental","Cadiz City","Negros Island Region (NIR)","Negros Occidental","Cadiz",51821,64504000,158544,"064504000","domestic",48183
2019,1804505000,"Negros Island Region (NIR)","Negros Occidental","Calatrava","Negros Island Region (NIR)","Negros Occidental","Calatrava",3169,64505000,82540,"064505000","foreign",5
2019,1804505000,"Negros Island Region (NIR)","Negros Occidental","Calatrava","Negros Island Region (NIR)","Negros Occidental","Calatrava",3169,64505000,82540,"064505000","overseas",NA
2019,1804505000,"Negros Island Region (NIR)","Negros Occidental","Calatrava","Negros Island Region (NIR)","Negros Occidental","Calatrava",3169,64505000,82540,"064505000","domestic",3164
2019,1804511000,"Negros Island Region (NIR)","Negros Occidental","Hinigaran","Negros Island Region (NIR)","Negros Occidental","Hinigaran",10652,64511000,88909,"064511000","foreign",17
2019,1804511000,"Negros Island Region (NIR)","Negros Occidental","Hinigaran","Negros Island Region (NIR)","Negros Occidental","Hinigaran",10652,64511000,88909,"064511000","overseas",NA
2019,1804511000,"Negros Island Region (NIR)","Negros Occidental","Hinigaran","Negros Island Region (NIR)","Negros Occidental","Hinigaran",10652,64511000,88909,"064511000","domestic",10635
2019,1804512000,"Negros Island Region (NIR)","Negros Occidental","Hinoba-an","Negros Island Region (NIR)","Negros Occidental","Hinobaan",18642,64512000,60865,"064512000","foreign",1639
2019,1804512000,"Negros Island Region (NIR)","Negros Occidental","Hinoba-an","Negros Island Region (NIR)","Negros Occidental","Hinobaan",18642,64512000,60865,"064512000","overseas",131
2019,1804512000,"Negros Island Region (NIR)","Negros Occidental","Hinoba-an","Negros Island Region (NIR)","Negros Occidental","Hinobaan",18642,64512000,60865,"064512000","domestic",16872
2019,1804515000,"Negros Island Region (NIR)","Negros Occidental","Kabankalan City","Negros Island Region (NIR)","Negros Occidental","Kabankalan",64900,64515000,200198,"064515000","foreign",1424
2019,1804515000,"Negros Island Region (NIR)","Negros Occidental","Kabankalan City","Negros Island Region (NIR)","Negros Occidental","Kabankalan",64900,64515000,200198,"064515000","overseas",NA
2019,1804515000,"Negros Island Region (NIR)","Negros Occidental","Kabankalan City","Negros Island Region (NIR)","Negros Occidental","Kabankalan",64900,64515000,200198,"064515000","domestic",63476
2019,1804516000,"Negros Island Region (NIR)","Negros Occidental","La Carlota City","Negros Island Region (NIR)","Negros Occidental","La Carlota",34472,64516000,66664,"064516000","foreign",86
2019,1804516000,"Negros Island Region (NIR)","Negros Occidental","La Carlota City","Negros Island Region (NIR)","Negros Occidental","La Carlota",34472,64516000,66664,"064516000","overseas",NA
2019,1804516000,"Negros Island Region (NIR)","Negros Occidental","La Carlota City","Negros Island Region (NIR)","Negros Occidental","La Carlota",34472,64516000,66664,"064516000","domestic",34386
2019,1804518000,"Negros Island Region (NIR)","Negros Occidental","Manapla","Negros Island Region (NIR)","Negros Occidental","Manapla",7794,64518000,55083,"064518000","foreign",753
2019,1804518000,"Negros Island Region (NIR)","Negros Occidental","Manapla","Negros Island Region (NIR)","Negros Occidental","Manapla",7794,64518000,55083,"064518000","overseas",NA
2019,1804518000,"Negros Island Region (NIR)","Negros Occidental","Manapla","Negros Island Region (NIR)","Negros Occidental","Manapla",7794,64518000,55083,"064518000","domestic",7041
2019,1804520000,"Negros Island Region (NIR)","Negros Occidental","Murcia","Negros Island Region (NIR)","Negros Occidental","Murcia",304177,64520000,88868,"064520000","foreign",3909
2019,1804520000,"Negros Island Region (NIR)","Negros Occidental","Murcia","Negros Island Region (NIR)","Negros Occidental","Murcia",304177,64520000,88868,"064520000","overseas",NA
2019,1804520000,"Negros Island Region (NIR)","Negros Occidental","Murcia","Negros Island Region (NIR)","Negros Occidental","Murcia",304177,64520000,88868,"064520000","domestic",300268
2019,1804523000,"Negros Island Region (NIR)","Negros Occidental","Sagay City","Negros Island Region (NIR)","Negros Occidental","Sagay",23309,64523000,148894,"064523000","foreign",148
2019,1804523000,"Negros Island Region (NIR)","Negros Occidental","Sagay City","Negros Island Region (NIR)","Negros Occidental","Sagay",23309,64523000,148894,"064523000","overseas",NA
2019,1804523000,"Negros Island Region (NIR)","Negros Occidental","Sagay City","Negros Island Region (NIR)","Negros Occidental","Sagay",23309,64523000,148894,"064523000","domestic",23161
2019,1804524000,"Negros Island Region (NIR)","Negros Occidental","San Carlos City","Negros Island Region (NIR)","Negros Occidental","San Carlos",68311,64524000,132650,"064524000","foreign",758
2019,1804524000,"Negros Island Region (NIR)","Negros Occidental","San Carlos City","Negros Island Region (NIR)","Negros Occidental","San Carlos",68311,64524000,132650,"064524000","overseas",NA
2019,1804524000,"Negros Island Region (NIR)","Negros Occidental","San Carlos City","Negros Island Region (NIR)","Negros Occidental","San Carlos",68311,64524000,132650,"064524000","domestic",67553
2019,1804525000,"Negros Island Region (NIR)","Negros Occidental","San Enrique","Negros Island Region (NIR)","Negros Occidental","San Enrique",47940,64525000,24177,"064525000","foreign",66
2019,1804525000,"Negros Island Region (NIR)","Negros Occidental","San Enrique","Negros Island Region (NIR)","Negros Occidental","San Enrique",47940,64525000,24177,"064525000","overseas",NA
2019,1804525000,"Negros Island Region (NIR)","Negros Occidental","San Enrique","Negros Island Region (NIR)","Negros Occidental","San Enrique",47940,64525000,24177,"064525000","domestic",47874
2019,1804527000,"Negros Island Region (NIR)","Negros Occidental","Sipalay City","Negros Island Region (NIR)","Negros Occidental","Sipalay",63470,64527000,72448,"064527000","foreign",12027
2019,1804527000,"Negros Island Region (NIR)","Negros Occidental","Sipalay City","Negros Island Region (NIR)","Negros Occidental","Sipalay",63470,64527000,72448,"064527000","overseas",NA
2019,1804527000,"Negros Island Region (NIR)","Negros Occidental","Sipalay City","Negros Island Region (NIR)","Negros Occidental","Sipalay",63470,64527000,72448,"064527000","domestic",51443
2019,1804528000,"Negros Island Region (NIR)","Negros Occidental","Talisay City","Negros Island Region (NIR)","Negros Occidental","Talisay",39633,64528000,108909,"064528000","foreign",515
2019,1804528000,"Negros Island Region (NIR)","Negros Occidental","Talisay City","Negros Island Region (NIR)","Negros Occidental","Talisay",39633,64528000,108909,"064528000","overseas",NA
2019,1804528000,"Negros Island Region (NIR)","Negros Occidental","Talisay City","Negros Island Region (NIR)","Negros Occidental","Talisay",39633,64528000,108909,"064528000","domestic",39118
2019,1804601000,"Negros Island Region (NIR)","Negros Oriental","Amlan","Negros Island Region (NIR)","Negros Oriental","Amlan",1651,74601000,25513,"074601000","foreign",299
2019,1804601000,"Negros Island Region (NIR)","Negros Oriental","Amlan","Negros Island Region (NIR)","Negros Oriental","Amlan",1651,74601000,25513,"074601000","overseas",NA
2019,1804601000,"Negros Island Region (NIR)","Negros Oriental","Amlan","Negros Island Region (NIR)","Negros Oriental","Amlan",1651,74601000,25513,"074601000","domestic",1352
2019,1804603000,"Negros Island Region (NIR)","Negros Oriental","Bacong","Negros Island Region (NIR)","Negros Oriental","Bacong",2683,74603000,41207,"074603000","foreign",638
2019,1804603000,"Negros Island Region (NIR)","Negros Oriental","Bacong","Negros Island Region (NIR)","Negros Oriental","Bacong",2683,74603000,41207,"074603000","overseas",NA
2019,1804603000,"Negros Island Region (NIR)","Negros Oriental","Bacong","Negros Island Region (NIR)","Negros Oriental","Bacong",2683,74603000,41207,"074603000","domestic",2045
2019,1804604000,"Negros Island Region (NIR)","Negros Oriental","Bais City","Negros Island Region (NIR)","Negros Oriental","Bais",8108,74604000,84317,"074604000","foreign",3258
2019,1804604000,"Negros Island Region (NIR)","Negros Oriental","Bais City","Negros Island Region (NIR)","Negros Oriental","Bais",8108,74604000,84317,"074604000","overseas",NA
2019,1804604000,"Negros Island Region (NIR)","Negros Oriental","Bais City","Negros Island Region (NIR)","Negros Oriental","Bais",8108,74604000,84317,"074604000","domestic",4850
2019,1804605000,"Negros Island Region (NIR)","Negros Oriental","Basay","Negros Island Region (NIR)","Negros Oriental","Basay",6716,74605000,28531,"074605000","foreign",472
2019,1804605000,"Negros Island Region (NIR)","Negros Oriental","Basay","Negros Island Region (NIR)","Negros Oriental","Basay",6716,74605000,28531,"074605000","overseas",NA
2019,1804605000,"Negros Island Region (NIR)","Negros Oriental","Basay","Negros Island Region (NIR)","Negros Oriental","Basay",6716,74605000,28531,"074605000","domestic",6244
2019,1804606000,"Negros Island Region (NIR)","Negros Oriental","Bayawan City","Negros Island Region (NIR)","Negros Oriental","Bayawan",13657,74606000,122747,"074606000","foreign",696
2019,1804606000,"Negros Island Region (NIR)","Negros Oriental","Bayawan City","Negros Island Region (NIR)","Negros Oriental","Bayawan",13657,74606000,122747,"074606000","overseas",NA
2019,1804606000,"Negros Island Region (NIR)","Negros Oriental","Bayawan City","Negros Island Region (NIR)","Negros Oriental","Bayawan",13657,74606000,122747,"074606000","domestic",12961
2019,1804608000,"Negros Island Region (NIR)","Negros Oriental","Canlaon City","Negros Island Region (NIR)","Negros Oriental","Canlaon",14573,74608000,58822,"074608000","foreign",164
2019,1804608000,"Negros Island Region (NIR)","Negros Oriental","Canlaon City","Negros Island Region (NIR)","Negros Oriental","Canlaon",14573,74608000,58822,"074608000","overseas",NA
2019,1804608000,"Negros Island Region (NIR)","Negros Oriental","Canlaon City","Negros Island Region (NIR)","Negros Oriental","Canlaon",14573,74608000,58822,"074608000","domestic",14409
2019,1804609000,"Negros Island Region (NIR)","Negros Oriental","Dauin","Negros Island Region (NIR)","Negros Oriental","Dauin",15361,74609000,30018,"074609000","foreign",10736
2019,1804609000,"Negros Island Region (NIR)","Negros Oriental","Dauin","Negros Island Region (NIR)","Negros Oriental","Dauin",15361,74609000,30018,"074609000","overseas",NA
2019,1804609000,"Negros Island Region (NIR)","Negros Oriental","Dauin","Negros Island Region (NIR)","Negros Oriental","Dauin",15361,74609000,30018,"074609000","domestic",4625
2019,1804610000,"Negros Island Region (NIR)","Negros Oriental","Dumaguete City","Negros Island Region (NIR)","Negros Oriental","Dumaguete",854661,74610000,134103,"074610000","foreign",55847
2019,1804610000,"Negros Island Region (NIR)","Negros Oriental","Dumaguete City","Negros Island Region (NIR)","Negros Oriental","Dumaguete",854661,74610000,134103,"074610000","overseas",395
2019,1804610000,"Negros Island Region (NIR)","Negros Oriental","Dumaguete City","Negros Island Region (NIR)","Negros Oriental","Dumaguete",854661,74610000,134103,"074610000","domestic",798419
2019,1804611000,"Negros Island Region (NIR)","Negros Oriental","Guihulngan City","Negros Island Region (NIR)","Negros Oriental","Guijulngan",10503,74611000,102656,"074611000","foreign",19
2019,1804611000,"Negros Island Region (NIR)","Negros Oriental","Guihulngan City","Negros Island Region (NIR)","Negros Oriental","Guijulngan",10503,74611000,102656,"074611000","overseas",NA
2019,1804611000,"Negros Island Region (NIR)","Negros Oriental","Guihulngan City","Negros Island Region (NIR)","Negros Oriental","Guijulngan",10503,74611000,102656,"074611000","domestic",10484
2019,1804612000,"Negros Island Region (NIR)","Negros Oriental","Jimalalud","Negros Island Region (NIR)","Negros Oriental","Jimalaud",173,74612000,32256,"074612000","foreign",22
2019,1804612000,"Negros Island Region (NIR)","Negros Oriental","Jimalalud","Negros Island Region (NIR)","Negros Oriental","Jimalaud",173,74612000,32256,"074612000","overseas",NA
2019,1804612000,"Negros Island Region (NIR)","Negros Oriental","Jimalalud","Negros Island Region (NIR)","Negros Oriental","Jimalaud",173,74612000,32256,"074612000","domestic",151
2019,1804613000,"Negros Island Region (NIR)","Negros Oriental","La Libertad","Negros Island Region (NIR)","Negros Oriental","La Libertad",4843,74613000,41089,"074613000","foreign",144
2019,1804613000,"Negros Island Region (NIR)","Negros Oriental","La Libertad","Negros Island Region (NIR)","Negros Oriental","La Libertad",4843,74613000,41089,"074613000","overseas",NA
2019,1804613000,"Negros Island Region (NIR)","Negros Oriental","La Libertad","Negros Island Region (NIR)","Negros Oriental","La Libertad",4843,74613000,41089,"074613000","domestic",4699
2019,1804614000,"Negros Island Region (NIR)","Negros Oriental","Mabinay","Negros Island Region (NIR)","Negros Oriental","Mabinay",30072,74614000,82953,"074614000","foreign",652
2019,1804614000,"Negros Island Region (NIR)","Negros Oriental","Mabinay","Negros Island Region (NIR)","Negros Oriental","Mabinay",30072,74614000,82953,"074614000","overseas",NA
2019,1804614000,"Negros Island Region (NIR)","Negros Oriental","Mabinay","Negros Island Region (NIR)","Negros Oriental","Mabinay",30072,74614000,82953,"074614000","domestic",29420
2019,1804615000,"Negros Island Region (NIR)","Negros Oriental","Manjuyod","Negros Island Region (NIR)","Negros Oriental","Manjuyod",11067,74615000,44799,"074615000","foreign",340
2019,1804615000,"Negros Island Region (NIR)","Negros Oriental","Manjuyod","Negros Island Region (NIR)","Negros Oriental","Manjuyod",11067,74615000,44799,"074615000","overseas",18
2019,1804615000,"Negros Island Region (NIR)","Negros Oriental","Manjuyod","Negros Island Region (NIR)","Negros Oriental","Manjuyod",11067,74615000,44799,"074615000","domestic",10709
2019,1804617000,"Negros Island Region (NIR)","Negros Oriental","San Jose","Negros Island Region (NIR)","Negros Oriental","San Jose",2726,74617000,21956,"074617000","foreign",926
2019,1804617000,"Negros Island Region (NIR)","Negros Oriental","San Jose","Negros Island Region (NIR)","Negros Oriental","San Jose",2726,74617000,21956,"074617000","overseas",NA
2019,1804617000,"Negros Island Region (NIR)","Negros Oriental","San Jose","Negros Island Region (NIR)","Negros Oriental","San Jose",2726,74617000,21956,"074617000","domestic",1800
2019,1804619000,"Negros Island Region (NIR)","Negros Oriental","Siaton","Negros Island Region (NIR)","Negros Oriental","Siaton",10491,74619000,83082,"074619000","foreign",1707
2019,1804619000,"Negros Island Region (NIR)","Negros Oriental","Siaton","Negros Island Region (NIR)","Negros Oriental","Siaton",10491,74619000,83082,"074619000","overseas",NA
2019,1804619000,"Negros Island Region (NIR)","Negros Oriental","Siaton","Negros Island Region (NIR)","Negros Oriental","Siaton",10491,74619000,83082,"074619000","domestic",8784
2019,1804620000,"Negros Island Region (NIR)","Negros Oriental","Sibulan","Negros Island Region (NIR)","Negros Oriental","Sibulan",2625,74620000,64343,"074620000","foreign",1282
2019,1804620000,"Negros Island Region (NIR)","Negros Oriental","Sibulan","Negros Island Region (NIR)","Negros Oriental","Sibulan",2625,74620000,64343,"074620000","overseas",NA
2019,1804620000,"Negros Island Region (NIR)","Negros Oriental","Sibulan","Negros Island Region (NIR)","Negros Oriental","Sibulan",2625,74620000,64343,"074620000","domestic",1343
2019,1804621000,"Negros Island Region (NIR)","Negros Oriental","Tanjay City","Negros Island Region (NIR)","Negros Oriental","Tanjay",11376,74621000,82642,"074621000","foreign",7
2019,1804621000,"Negros Island Region (NIR)","Negros Oriental","Tanjay City","Negros Island Region (NIR)","Negros Oriental","Tanjay",11376,74621000,82642,"074621000","overseas",NA
2019,1804621000,"Negros Island Region (NIR)","Negros Oriental","Tanjay City","Negros Island Region (NIR)","Negros Oriental","Tanjay",11376,74621000,82642,"074621000","domestic",11369
2019,1804623000,"Negros Island Region (NIR)","Negros Oriental","Valencia","Negros Island Region (NIR)","Negros Oriental","Valencia",21460,74623000,38733,"074623000","foreign",8488
2019,1804623000,"Negros Island Region (NIR)","Negros Oriental","Valencia","Negros Island Region (NIR)","Negros Oriental","Valencia",21460,74623000,38733,"074623000","overseas",NA
2019,1804623000,"Negros Island Region (NIR)","Negros Oriental","Valencia","Negros Island Region (NIR)","Negros Oriental","Valencia",21460,74623000,38733,"074623000","domestic",12972
2019,1804625000,"Negros Island Region (NIR)","Negros Oriental","Zamboanguita","Negros Island Region (NIR)","Negros Oriental","Zamboanguita",2661,74625000,29569,"074625000","foreign",1824
2019,1804625000,"Negros Island Region (NIR)","Negros Oriental","Zamboanguita","Negros Island Region (NIR)","Negros Oriental","Zamboanguita",2661,74625000,29569,"074625000","overseas",121
2019,1804625000,"Negros Island Region (NIR)","Negros Oriental","Zamboanguita","Negros Island Region (NIR)","Negros Oriental","Zamboanguita",2661,74625000,29569,"074625000","domestic",716
2019,1806101000,"Negros Island Region (NIR)","Siquijor","Enrique Villanueva","Negros Island Region (NIR)","Siquijor","Enrique Villanueva",1284,76101000,6790,"076101000","foreign",757
2019,1806101000,"Negros Island Region (NIR)","Siquijor","Enrique Villanueva","Negros Island Region (NIR)","Siquijor","Enrique Villanueva",1284,76101000,6790,"076101000","overseas",NA
2019,1806101000,"Negros Island Region (NIR)","Siquijor","Enrique Villanueva","Negros Island Region (NIR)","Siquijor","Enrique Villanueva",1284,76101000,6790,"076101000","domestic",527
2019,1806102000,"Negros Island Region (NIR)","Siquijor","Larena","Negros Island Region (NIR)","Siquijor","Larena",11674,76102000,14454,"076102000","foreign",2652
2019,1806102000,"Negros Island Region (NIR)","Siquijor","Larena","Negros Island Region (NIR)","Siquijor","Larena",11674,76102000,14454,"076102000","overseas",NA
2019,1806102000,"Negros Island Region (NIR)","Siquijor","Larena","Negros Island Region (NIR)","Siquijor","Larena",11674,76102000,14454,"076102000","domestic",9022
2019,1806103000,"Negros Island Region (NIR)","Siquijor","Lazi","Negros Island Region (NIR)","Siquijor","Lazi",6124,76103000,22488,"076103000","foreign",2621
2019,1806103000,"Negros Island Region (NIR)","Siquijor","Lazi","Negros Island Region (NIR)","Siquijor","Lazi",6124,76103000,22488,"076103000","overseas",NA
2019,1806103000,"Negros Island Region (NIR)","Siquijor","Lazi","Negros Island Region (NIR)","Siquijor","Lazi",6124,76103000,22488,"076103000","domestic",3503
2019,1806104000,"Negros Island Region (NIR)","Siquijor","Maria","Negros Island Region (NIR)","Siquijor","Maria",9770,76104000,14385,"076104000","foreign",2004
2019,1806104000,"Negros Island Region (NIR)","Siquijor","Maria","Negros Island Region (NIR)","Siquijor","Maria",9770,76104000,14385,"076104000","overseas",NA
2019,1806104000,"Negros Island Region (NIR)","Siquijor","Maria","Negros Island Region (NIR)","Siquijor","Maria",9770,76104000,14385,"076104000","domestic",7766
2019,1806105000,"Negros Island Region (NIR)","Siquijor","San Juan","Negros Island Region (NIR)","Siquijor","San Juan",97775,76105000,16363,"076105000","foreign",64951
2019,1806105000,"Negros Island Region (NIR)","Siquijor","San Juan","Negros Island Region (NIR)","Siquijor","San Juan",97775,76105000,16363,"076105000","overseas",NA
2019,1806105000,"Negros Island Region (NIR)","Siquijor","San Juan","Negros Island Region (NIR)","Siquijor","San Juan",97775,76105000,16363,"076105000","domestic",32824
2019,1806106000,"Negros Island Region (NIR)","Siquijor","Siquijor","Negros Island Region (NIR)","Siquijor","Siquijor",41739,76106000,28915,"076106000","foreign",12728
2019,1806106000,"Negros Island Region (NIR)","Siquijor","Siquijor","Negros Island Region (NIR)","Siquijor","Siquijor",41739,76106000,28915,"076106000","overseas",NA
2019,1806106000,"Negros Island Region (NIR)","Siquijor","Siquijor","Negros Island Region (NIR)","Siquijor","Siquijor",41739,76106000,28915,"076106000","domestic",29011
2019,1830200000,"Negros Island Region (NIR)","Negros Occidental","Bacolod City","Negros Island Region (NIR)","Negros Occidental","Bacolod City",803911,64501000,600783,"064501000","foreign",72870
2019,1830200000,"Negros Island Region (NIR)","Negros Occidental","Bacolod City","Negros Island Region (NIR)","Negros Occidental","Bacolod City",803911,64501000,600783,"064501000","overseas",NA
2019,1830200000,"Negros Island Region (NIR)","Negros Occidental","Bacolod City","Negros Island Region (NIR)","Negros Occidental","Bacolod City",803911,64501000,600783,"064501000","domestic",731041
2021,102934000,"Region I (Ilocos Region)","Ilocos Sur","Vigan City","Region I  (ILOCOS REGION)","Ilocos Sur","Vigan City",4483,12934000,53935,"012934000","foreign",69
2021,102934000,"Region I (Ilocos Region)","Ilocos Sur","Vigan City","Region I  (ILOCOS REGION)","Ilocos Sur","Vigan City",4483,12934000,53935,"012934000","overseas",NA
2021,102934000,"Region I (Ilocos Region)","Ilocos Sur","Vigan City","Region I  (ILOCOS REGION)","Ilocos Sur","Vigan City",4483,12934000,53935,"012934000","domestic",4414
2021,103307000,"Region I (Ilocos Region)","La Union","Bauang","Region I  (ILOCOS REGION)","La Union","Bauang",25756,13307000,78449,"013307000","foreign",12
2021,103307000,"Region I (Ilocos Region)","La Union","Bauang","Region I  (ILOCOS REGION)","La Union","Bauang",25756,13307000,78449,"013307000","overseas",NA
2021,103307000,"Region I (Ilocos Region)","La Union","Bauang","Region I  (ILOCOS REGION)","La Union","Bauang",25756,13307000,78449,"013307000","domestic",25744
2021,103314000,"Region I (Ilocos Region)","La Union","San Fernando City","Region I  (ILOCOS REGION)","La Union","San Fernando City",25340,13314000,125640,"013314000","foreign",322
2021,103314000,"Region I (Ilocos Region)","La Union","San Fernando City","Region I  (ILOCOS REGION)","La Union","San Fernando City",25340,13314000,125640,"013314000","overseas",NA
2021,103314000,"Region I (Ilocos Region)","La Union","San Fernando City","Region I  (ILOCOS REGION)","La Union","San Fernando City",25340,13314000,125640,"013314000","domestic",25018
2021,103316000,"Region I (Ilocos Region)","La Union","San Juan","Region I  (ILOCOS REGION)","La Union","San Juan",31316,13316000,40507,"013316000","foreign",44
2021,103316000,"Region I (Ilocos Region)","La Union","San Juan","Region I  (ILOCOS REGION)","La Union","San Juan",31316,13316000,40507,"013316000","overseas",NA
2021,103316000,"Region I (Ilocos Region)","La Union","San Juan","Region I  (ILOCOS REGION)","La Union","San Juan",31316,13316000,40507,"013316000","domestic",31272
2021,105505000,"Region I (Ilocos Region)","Pangasinan","Anda","Region I  (ILOCOS REGION)","Pangasinan","Anda",14840,15505000,41548,"015505000","foreign",4
2021,105505000,"Region I (Ilocos Region)","Pangasinan","Anda","Region I  (ILOCOS REGION)","Pangasinan","Anda",14840,15505000,41548,"015505000","overseas",NA
2021,105505000,"Region I (Ilocos Region)","Pangasinan","Anda","Region I  (ILOCOS REGION)","Pangasinan","Anda",14840,15505000,41548,"015505000","domestic",14836
2021,105510000,"Region I (Ilocos Region)","Pangasinan","Bautista","Region I  (ILOCOS REGION)","Pangasinan","Bautista",298,15510000,35398,"015510000","foreign",19
2021,105510000,"Region I (Ilocos Region)","Pangasinan","Bautista","Region I  (ILOCOS REGION)","Pangasinan","Bautista",298,15510000,35398,"015510000","overseas",NA
2021,105510000,"Region I (Ilocos Region)","Pangasinan","Bautista","Region I  (ILOCOS REGION)","Pangasinan","Bautista",298,15510000,35398,"015510000","domestic",279
2021,105513000,"Region I (Ilocos Region)","Pangasinan","Binmaley","Region I  (ILOCOS REGION)","Pangasinan","Binmaley",3651,15513000,86881,"015513000","foreign",8
2021,105513000,"Region I (Ilocos Region)","Pangasinan","Binmaley","Region I  (ILOCOS REGION)","Pangasinan","Binmaley",3651,15513000,86881,"015513000","overseas",NA
2021,105513000,"Region I (Ilocos Region)","Pangasinan","Binmaley","Region I  (ILOCOS REGION)","Pangasinan","Binmaley",3651,15513000,86881,"015513000","domestic",3643
2021,105514000,"Region I (Ilocos Region)","Pangasinan","Bolinao","Region I  (ILOCOS REGION)","Pangasinan","Bolinao",59545,15514000,83979,"015514000","foreign",24
2021,105514000,"Region I (Ilocos Region)","Pangasinan","Bolinao","Region I  (ILOCOS REGION)","Pangasinan","Bolinao",59545,15514000,83979,"015514000","overseas",NA
2021,105514000,"Region I (Ilocos Region)","Pangasinan","Bolinao","Region I  (ILOCOS REGION)","Pangasinan","Bolinao",59545,15514000,83979,"015514000","domestic",59521
2021,105516000,"Region I (Ilocos Region)","Pangasinan","Burgos","Region I  (ILOCOS REGION)","Pangasinan","Burgos",6305,15516000,23749,"015516000","foreign",6
2021,105516000,"Region I (Ilocos Region)","Pangasinan","Burgos","Region I  (ILOCOS REGION)","Pangasinan","Burgos",6305,15516000,23749,"015516000","overseas",NA
2021,105516000,"Region I (Ilocos Region)","Pangasinan","Burgos","Region I  (ILOCOS REGION)","Pangasinan","Burgos",6305,15516000,23749,"015516000","domestic",6299
2021,105522000,"Region I (Ilocos Region)","Pangasinan","Lingayen","Region I  (ILOCOS REGION)","Pangasinan","Lingayen",9594,15522000,107728,"015522000","foreign",15
2021,105522000,"Region I (Ilocos Region)","Pangasinan","Lingayen","Region I  (ILOCOS REGION)","Pangasinan","Lingayen",9594,15522000,107728,"015522000","overseas",NA
2021,105522000,"Region I (Ilocos Region)","Pangasinan","Lingayen","Region I  (ILOCOS REGION)","Pangasinan","Lingayen",9594,15522000,107728,"015522000","domestic",9579
2021,203108000,"Region II (Cagayan Valley)","Isabela","Cauayan City","Region II  (CAGAYAN VALLEY)","Isabela","Cauayan City",55650,23108000,143403,"023108000","foreign",502
2021,203108000,"Region II (Cagayan Valley)","Isabela","Cauayan City","Region II  (CAGAYAN VALLEY)","Isabela","Cauayan City",55650,23108000,143403,"023108000","overseas",NA
2021,203108000,"Region II (Cagayan Valley)","Isabela","Cauayan City","Region II  (CAGAYAN VALLEY)","Isabela","Cauayan City",55650,23108000,143403,"023108000","domestic",55148
2021,205013000,"Region II (Cagayan Valley)","Nueva Vizcaya","Solano","Region II  (CAGAYAN VALLEY)","Nueva Vizcaya","Solano",34952,25013000,65287,"025013000","foreign",70
2021,205013000,"Region II (Cagayan Valley)","Nueva Vizcaya","Solano","Region II  (CAGAYAN VALLEY)","Nueva Vizcaya","Solano",34952,25013000,65287,"025013000","overseas",NA
2021,205013000,"Region II (Cagayan Valley)","Nueva Vizcaya","Solano","Region II  (CAGAYAN VALLEY)","Nueva Vizcaya","Solano",34952,25013000,65287,"025013000","domestic",34882
2021,300800000,"Region III (Central Luzon)","Bataan","Bataan","Region III  (CENTRAL LUZON)","Bataan","",101754,30800000,853373,"030800000","foreign",3820
2021,300800000,"Region III (Central Luzon)","Bataan","Bataan","Region III  (CENTRAL LUZON)","Bataan","",101754,30800000,853373,"030800000","overseas",NA
2021,300800000,"Region III (Central Luzon)","Bataan","Bataan","Region III  (CENTRAL LUZON)","Bataan","",101754,30800000,853373,"030800000","domestic",97934
2021,304900000,"Region III (Central Luzon)","Nueva Ecija","Nueva Ecija","Region III  (CENTRAL LUZON)","Nueva Ecija","",98003,34900000,2310134,"034900000","foreign",2504
2021,304900000,"Region III (Central Luzon)","Nueva Ecija","Nueva Ecija","Region III  (CENTRAL LUZON)","Nueva Ecija","",98003,34900000,2310134,"034900000","overseas",NA
2021,304900000,"Region III (Central Luzon)","Nueva Ecija","Nueva Ecija","Region III  (CENTRAL LUZON)","Nueva Ecija","",98003,34900000,2310134,"034900000","domestic",95499
2021,305400000,"Region III (Central Luzon)","Pampanga","Pampanga","Region III  (CENTRAL LUZON)","Pampanga","",829254,35400000,2437709,"035400000","foreign",119420
2021,305400000,"Region III (Central Luzon)","Pampanga","Pampanga","Region III  (CENTRAL LUZON)","Pampanga","",829254,35400000,2437709,"035400000","overseas",NA
2021,305400000,"Region III (Central Luzon)","Pampanga","Pampanga","Region III  (CENTRAL LUZON)","Pampanga","",829254,35400000,2437709,"035400000","domestic",709834
2021,306900000,"Region III (Central Luzon)","Tarlac","Tarlac","Region III  (CENTRAL LUZON)","Tarlac","",38142,36900000,1503456,"036900000","foreign",159
2021,306900000,"Region III (Central Luzon)","Tarlac","Tarlac","Region III  (CENTRAL LUZON)","Tarlac","",38142,36900000,1503456,"036900000","overseas",10900
2021,306900000,"Region III (Central Luzon)","Tarlac","Tarlac","Region III  (CENTRAL LUZON)","Tarlac","",38142,36900000,1503456,"036900000","domestic",27083
2021,307100000,"Region III (Central Luzon)","Zambales","Zambales","Region III  (CENTRAL LUZON)","Zambales","",112369,37100000,649615,"037100000","foreign",3340
2021,307100000,"Region III (Central Luzon)","Zambales","Zambales","Region III  (CENTRAL LUZON)","Zambales","",112369,37100000,649615,"037100000","overseas",NA
2021,307100000,"Region III (Central Luzon)","Zambales","Zambales","Region III  (CENTRAL LUZON)","Zambales","",112369,37100000,649615,"037100000","domestic",109029
2021,307114000,"Region III (Central Luzon)","Zambales","Subic","Region III  (CENTRAL LUZON)","Zambales","Subic",704871,37114000,111912,"037114000","foreign",2572
2021,307114000,"Region III (Central Luzon)","Zambales","Subic","Region III  (CENTRAL LUZON)","Zambales","Subic",704871,37114000,111912,"037114000","overseas",12491
2021,307114000,"Region III (Central Luzon)","Zambales","Subic","Region III  (CENTRAL LUZON)","Zambales","Subic",704871,37114000,111912,"037114000","domestic",689808
2021,330100000,"Region III (Central Luzon)","Pampanga","Angeles City","Region III  (CENTRAL LUZON)","Pampanga","Angeles City",640353,35401000,462928,"035401000","foreign",119402
2021,330100000,"Region III (Central Luzon)","Pampanga","Angeles City","Region III  (CENTRAL LUZON)","Pampanga","Angeles City",640353,35401000,462928,"035401000","overseas",0
2021,330100000,"Region III (Central Luzon)","Pampanga","Angeles City","Region III  (CENTRAL LUZON)","Pampanga","Angeles City",640353,35401000,462928,"035401000","domestic",520951
2021,401005000,"Region IV-A (CALABARZON)","Batangas","Batangas City","Region IV-A (CALABARZON)","Batangas","Batangas City",57979,41005000,351437,"041005000","foreign",153
2021,401005000,"Region IV-A (CALABARZON)","Batangas","Batangas City","Region IV-A (CALABARZON)","Batangas","Batangas City",57979,41005000,351437,"041005000","overseas",NA
2021,401005000,"Region IV-A (CALABARZON)","Batangas","Batangas City","Region IV-A (CALABARZON)","Batangas","Batangas City",57979,41005000,351437,"041005000","domestic",57826
2021,401011000,"Region IV-A (CALABARZON)","Batangas","Laurel","Region IV-A (CALABARZON)","Batangas","Laurel",8269,41011000,43210,"041011000","foreign",57
2021,401011000,"Region IV-A (CALABARZON)","Batangas","Laurel","Region IV-A (CALABARZON)","Batangas","Laurel",8269,41011000,43210,"041011000","overseas",NA
2021,401011000,"Region IV-A (CALABARZON)","Batangas","Laurel","Region IV-A (CALABARZON)","Batangas","Laurel",8269,41011000,43210,"041011000","domestic",8212
2021,401014000,"Region IV-A (CALABARZON)","Batangas","Lipa City","Region IV-A (CALABARZON)","Batangas","Lipa City",71824,41014000,372931,"041014000","foreign",3286
2021,401014000,"Region IV-A (CALABARZON)","Batangas","Lipa City","Region IV-A (CALABARZON)","Batangas","Lipa City",71824,41014000,372931,"041014000","overseas",NA
2021,401014000,"Region IV-A (CALABARZON)","Batangas","Lipa City","Region IV-A (CALABARZON)","Batangas","Lipa City",71824,41014000,372931,"041014000","domestic",68538
2021,401017000,"Region IV-A (CALABARZON)","Batangas","Malvar","Region IV-A (CALABARZON)","Batangas","Malvar",16059,41017000,64379,"041017000","foreign",1986
2021,401017000,"Region IV-A (CALABARZON)","Batangas","Malvar","Region IV-A (CALABARZON)","Batangas","Malvar",16059,41017000,64379,"041017000","overseas",NA
2021,401017000,"Region IV-A (CALABARZON)","Batangas","Malvar","Region IV-A (CALABARZON)","Batangas","Malvar",16059,41017000,64379,"041017000","domestic",14073
2021,401019000,"Region IV-A (CALABARZON)","Batangas","Nasugbu","Region IV-A (CALABARZON)","Batangas","Nasugbu",65395,41019000,136524,"041019000","foreign",307
2021,401019000,"Region IV-A (CALABARZON)","Batangas","Nasugbu","Region IV-A (CALABARZON)","Batangas","Nasugbu",65395,41019000,136524,"041019000","overseas",NA
2021,401019000,"Region IV-A (CALABARZON)","Batangas","Nasugbu","Region IV-A (CALABARZON)","Batangas","Nasugbu",65395,41019000,136524,"041019000","domestic",65088
2021,401023000,"Region IV-A (CALABARZON)","Batangas","San Juan","Region IV-A (CALABARZON)","Batangas","San Juan",233098,41023000,114068,"041023000","foreign",25
2021,401023000,"Region IV-A (CALABARZON)","Batangas","San Juan","Region IV-A (CALABARZON)","Batangas","San Juan",233098,41023000,114068,"041023000","overseas",NA
2021,401023000,"Region IV-A (CALABARZON)","Batangas","San Juan","Region IV-A (CALABARZON)","Batangas","San Juan",233098,41023000,114068,"041023000","domestic",233073
2021,401028000,"Region IV-A (CALABARZON)","Batangas","Sto. Tomas City","Region IV-A (CALABARZON)","Batangas","Sto. Tomas City",19252,41028000,218500,"041028000","foreign",5590
2021,401028000,"Region IV-A (CALABARZON)","Batangas","Sto. Tomas City","Region IV-A (CALABARZON)","Batangas","Sto. Tomas City",19252,41028000,218500,"041028000","overseas",NA
2021,401028000,"Region IV-A (CALABARZON)","Batangas","Sto. Tomas City","Region IV-A (CALABARZON)","Batangas","Sto. Tomas City",19252,41028000,218500,"041028000","domestic",13662
2021,401031000,"Region IV-A (CALABARZON)","Batangas","Tanauan City","Region IV-A (CALABARZON)","Batangas","Tanauan",3415,41031000,193936,"041031000","foreign",216
2021,401031000,"Region IV-A (CALABARZON)","Batangas","Tanauan City","Region IV-A (CALABARZON)","Batangas","Tanauan",3415,41031000,193936,"041031000","overseas",NA
2021,401031000,"Region IV-A (CALABARZON)","Batangas","Tanauan City","Region IV-A (CALABARZON)","Batangas","Tanauan",3415,41031000,193936,"041031000","domestic",3199
2021,402122000,"Region IV-A (CALABARZON)","Cavite","Trece Martires City","Region IV-A (CALABARZON)","Cavite","Trece Martires",2825,42122000,210503,"042122000","foreign",4
2021,402122000,"Region IV-A (CALABARZON)","Cavite","Trece Martires City","Region IV-A (CALABARZON)","Cavite","Trece Martires",2825,42122000,210503,"042122000","overseas",NA
2021,402122000,"Region IV-A (CALABARZON)","Cavite","Trece Martires City","Region IV-A (CALABARZON)","Cavite","Trece Martires",2825,42122000,210503,"042122000","domestic",2821
2021,403405000,"Region IV-A (CALABARZON)","Laguna","Calamba City","Region IV-A (CALABARZON)","Laguna","Calamba City",31705,43405000,539671,"043405000","foreign",59
2021,403405000,"Region IV-A (CALABARZON)","Laguna","Calamba City","Region IV-A (CALABARZON)","Laguna","Calamba City",31705,43405000,539671,"043405000","overseas",NA
2021,403405000,"Region IV-A (CALABARZON)","Laguna","Calamba City","Region IV-A (CALABARZON)","Laguna","Calamba City",31705,43405000,539671,"043405000","domestic",31646
2021,403407000,"Region IV-A (CALABARZON)","Laguna","Cavinti","Region IV-A (CALABARZON)","Laguna","Cavinti",19008,43407000,23980,"043407000","foreign",271
2021,403407000,"Region IV-A (CALABARZON)","Laguna","Cavinti","Region IV-A (CALABARZON)","Laguna","Cavinti",19008,43407000,23980,"043407000","overseas",NA
2021,403407000,"Region IV-A (CALABARZON)","Laguna","Cavinti","Region IV-A (CALABARZON)","Laguna","Cavinti",19008,43407000,23980,"043407000","domestic",18737
2021,403428000,"Region IV-A (CALABARZON)","Laguna","Santa Rosa City","Region IV-A (CALABARZON)","Laguna","Sta. Rosa City",30059,43428000,414812,"043428000","foreign",4450
2021,403428000,"Region IV-A (CALABARZON)","Laguna","Santa Rosa City","Region IV-A (CALABARZON)","Laguna","Sta. Rosa City",30059,43428000,414812,"043428000","overseas",5795
2021,403428000,"Region IV-A (CALABARZON)","Laguna","Santa Rosa City","Region IV-A (CALABARZON)","Laguna","Sta. Rosa City",30059,43428000,414812,"043428000","domestic",19814
2021,405808000,"Region IV-A (CALABARZON)","Rizal","Rodriguez","Region IV-A (CALABARZON)","Rizal","Rodriguez",86461,45808000,443954,"045808000","foreign",2
2021,405808000,"Region IV-A (CALABARZON)","Rizal","Rodriguez","Region IV-A (CALABARZON)","Rizal","Rodriguez",86461,45808000,443954,"045808000","overseas",NA
2021,405808000,"Region IV-A (CALABARZON)","Rizal","Rodriguez","Region IV-A (CALABARZON)","Rizal","Rodriguez",86461,45808000,443954,"045808000","domestic",86459
2021,405813000,"Region IV-A (CALABARZON)","Rizal","Taytay","Region IV-A (CALABARZON)","Rizal","Taytay",18914,45813000,386451,"045813000","foreign",256
2021,405813000,"Region IV-A (CALABARZON)","Rizal","Taytay","Region IV-A (CALABARZON)","Rizal","Taytay",18914,45813000,386451,"045813000","overseas",NA
2021,405813000,"Region IV-A (CALABARZON)","Rizal","Taytay","Region IV-A (CALABARZON)","Rizal","Taytay",18914,45813000,386451,"045813000","domestic",18658
2021,500501000,"Region V (Bicol Region)","Albay","Bacacay","Region V  (BICOL REGION)","Albay","Bacacay",13333,50501000,72485,"050501000","foreign",37
2021,500501000,"Region V (Bicol Region)","Albay","Bacacay","Region V  (BICOL REGION)","Albay","Bacacay",13333,50501000,72485,"050501000","overseas",NA
2021,500501000,"Region V (Bicol Region)","Albay","Bacacay","Region V  (BICOL REGION)","Albay","Bacacay",13333,50501000,72485,"050501000","domestic",13296
2021,500503000,"Region V (Bicol Region)","Albay","Daraga","Region V  (BICOL REGION)","Albay","Daraga",11006,50503000,133893,"050503000","foreign",1
2021,500503000,"Region V (Bicol Region)","Albay","Daraga","Region V  (BICOL REGION)","Albay","Daraga",11006,50503000,133893,"050503000","overseas",NA
2021,500503000,"Region V (Bicol Region)","Albay","Daraga","Region V  (BICOL REGION)","Albay","Daraga",11006,50503000,133893,"050503000","domestic",11005
2021,500504000,"Region V (Bicol Region)","Albay","Guinobatan","Region V  (BICOL REGION)","Albay","Guinobatan",8317,50504000,85786,"050504000","foreign",5
2021,500504000,"Region V (Bicol Region)","Albay","Guinobatan","Region V  (BICOL REGION)","Albay","Guinobatan",8317,50504000,85786,"050504000","overseas",NA
2021,500504000,"Region V (Bicol Region)","Albay","Guinobatan","Region V  (BICOL REGION)","Albay","Guinobatan",8317,50504000,85786,"050504000","domestic",8312
2021,500506000,"Region V (Bicol Region)","Albay","Legazpi City","Region V  (BICOL REGION)","Albay","Legazpi City",97580,50506000,209533,"050506000","foreign",288
2021,500506000,"Region V (Bicol Region)","Albay","Legazpi City","Region V  (BICOL REGION)","Albay","Legazpi City",97580,50506000,209533,"050506000","overseas",NA
2021,500506000,"Region V (Bicol Region)","Albay","Legazpi City","Region V  (BICOL REGION)","Albay","Legazpi City",97580,50506000,209533,"050506000","domestic",97292
2021,500508000,"Region V (Bicol Region)","Albay","Ligao City","Region V  (BICOL REGION)","Albay","Ligao City",69341,50508000,118096,"050508000","foreign",832
2021,500508000,"Region V (Bicol Region)","Albay","Ligao City","Region V  (BICOL REGION)","Albay","Ligao City",69341,50508000,118096,"050508000","overseas",NA
2021,500508000,"Region V (Bicol Region)","Albay","Ligao City","Region V  (BICOL REGION)","Albay","Ligao City",69341,50508000,118096,"050508000","domestic",68509
2021,500512000,"Region V (Bicol Region)","Albay","Oas","Region V  (BICOL REGION)","Albay","Oas",53390,50512000,66084,"050512000","foreign",46
2021,500512000,"Region V (Bicol Region)","Albay","Oas","Region V  (BICOL REGION)","Albay","Oas",53390,50512000,66084,"050512000","overseas",NA
2021,500512000,"Region V (Bicol Region)","Albay","Oas","Region V  (BICOL REGION)","Albay","Oas",53390,50512000,66084,"050512000","domestic",53344
2021,500513000,"Region V (Bicol Region)","Albay","Pio Duran","Region V  (BICOL REGION)","Albay","Pio Duran",50853,50513000,49070,"050513000","foreign",5
2021,500513000,"Region V (Bicol Region)","Albay","Pio Duran","Region V  (BICOL REGION)","Albay","Pio Duran",50853,50513000,49070,"050513000","overseas",NA
2021,500513000,"Region V (Bicol Region)","Albay","Pio Duran","Region V  (BICOL REGION)","Albay","Pio Duran",50853,50513000,49070,"050513000","domestic",50848
2021,500516000,"Region V (Bicol Region)","Albay","Santo Domingo","Region V  (BICOL REGION)","Albay","Sto. Domingo",23293,50516000,37765,"050516000","foreign",12
2021,500516000,"Region V (Bicol Region)","Albay","Santo Domingo","Region V  (BICOL REGION)","Albay","Sto. Domingo",23293,50516000,37765,"050516000","overseas",NA
2021,500516000,"Region V (Bicol Region)","Albay","Santo Domingo","Region V  (BICOL REGION)","Albay","Sto. Domingo",23293,50516000,37765,"050516000","domestic",23281
2021,500518000,"Region V (Bicol Region)","Albay","Tiwi","Region V  (BICOL REGION)","Albay","Tiwi",4764,50518000,56444,"050518000","foreign",5
2021,500518000,"Region V (Bicol Region)","Albay","Tiwi","Region V  (BICOL REGION)","Albay","Tiwi",4764,50518000,56444,"050518000","overseas",NA
2021,500518000,"Region V (Bicol Region)","Albay","Tiwi","Region V  (BICOL REGION)","Albay","Tiwi",4764,50518000,56444,"050518000","domestic",4759
2021,501606000,"Region V (Bicol Region)","Camarines Norte","Labo","Region V  (BICOL REGION)","Camarines Norte","Labo",7302,51606000,109245,"051606000","foreign",60
2021,501606000,"Region V (Bicol Region)","Camarines Norte","Labo","Region V  (BICOL REGION)","Camarines Norte","Labo",7302,51606000,109245,"051606000","overseas",NA
2021,501606000,"Region V (Bicol Region)","Camarines Norte","Labo","Region V  (BICOL REGION)","Camarines Norte","Labo",7302,51606000,109245,"051606000","domestic",7242
2021,501612000,"Region V (Bicol Region)","Camarines Norte","Vinzons","Region V  (BICOL REGION)","Camarines Norte","Vinzons",31763,51612000,49042,"051612000","foreign",84
2021,501612000,"Region V (Bicol Region)","Camarines Norte","Vinzons","Region V  (BICOL REGION)","Camarines Norte","Vinzons",31763,51612000,49042,"051612000","overseas",948
2021,501612000,"Region V (Bicol Region)","Camarines Norte","Vinzons","Region V  (BICOL REGION)","Camarines Norte","Vinzons",31763,51612000,49042,"051612000","domestic",30731
2021,501711000,"Region V (Bicol Region)","Camarines Sur","Caramoan","Region V  (BICOL REGION)","Camarines Sur","Caramoan",2704,51711000,51728,"051711000","foreign",9
2021,501711000,"Region V (Bicol Region)","Camarines Sur","Caramoan","Region V  (BICOL REGION)","Camarines Sur","Caramoan",2704,51711000,51728,"051711000","overseas",NA
2021,501711000,"Region V (Bicol Region)","Camarines Sur","Caramoan","Region V  (BICOL REGION)","Camarines Sur","Caramoan",2704,51711000,51728,"051711000","domestic",2695
2021,506216000,"Region V (Bicol Region)","Sorsogon","Sorsogon City","Region V  (BICOL REGION)","Sorsogon Province","Sorsogon City",48543,56216000,182237,"056216000","foreign",25
2021,506216000,"Region V (Bicol Region)","Sorsogon","Sorsogon City","Region V  (BICOL REGION)","Sorsogon Province","Sorsogon City",48543,56216000,182237,"056216000","overseas",NA
2021,506216000,"Region V (Bicol Region)","Sorsogon","Sorsogon City","Region V  (BICOL REGION)","Sorsogon Province","Sorsogon City",48543,56216000,182237,"056216000","domestic",48518
2021,600601000,"Region VI (Western Visayas)","Antique","Anini-Y","Region VI  (WESTERN VISAYAS)","Antique","Anini-y",458,60601000,22018,"060601000","foreign",1
2021,600601000,"Region VI (Western Visayas)","Antique","Anini-Y","Region VI  (WESTERN VISAYAS)","Antique","Anini-y",458,60601000,22018,"060601000","overseas",NA
2021,600601000,"Region VI (Western Visayas)","Antique","Anini-Y","Region VI  (WESTERN VISAYAS)","Antique","Anini-y",458,60601000,22018,"060601000","domestic",457
2021,601914000,"Region VI (Western Visayas)","Capiz","Roxas City","Region VI  (WESTERN VISAYAS)","Capiz","Roxas City",50024,61914000,179292,"061914000","foreign",23
2021,601914000,"Region VI (Western Visayas)","Capiz","Roxas City","Region VI  (WESTERN VISAYAS)","Capiz","Roxas City",50024,61914000,179292,"061914000","overseas",9
2021,601914000,"Region VI (Western Visayas)","Capiz","Roxas City","Region VI  (WESTERN VISAYAS)","Capiz","Roxas City",50024,61914000,179292,"061914000","domestic",49992
2021,603026000,"Region VI (Western Visayas)","Iloilo","Leganes","Region VI  (WESTERN VISAYAS)","Iloilo","Leganes",4868,63026000,34725,"063026000","foreign",30
2021,603026000,"Region VI (Western Visayas)","Iloilo","Leganes","Region VI  (WESTERN VISAYAS)","Iloilo","Leganes",4868,63026000,34725,"063026000","overseas",6
2021,603026000,"Region VI (Western Visayas)","Iloilo","Leganes","Region VI  (WESTERN VISAYAS)","Iloilo","Leganes",4868,63026000,34725,"063026000","domestic",4832
2021,603036000,"Region VI (Western Visayas)","Iloilo","Pavia","Region VI  (WESTERN VISAYAS)","Iloilo","Pavia",371,63036000,70388,"063036000","foreign",2
2021,603036000,"Region VI (Western Visayas)","Iloilo","Pavia","Region VI  (WESTERN VISAYAS)","Iloilo","Pavia",371,63036000,70388,"063036000","overseas",3
2021,603036000,"Region VI (Western Visayas)","Iloilo","Pavia","Region VI  (WESTERN VISAYAS)","Iloilo","Pavia",371,63036000,70388,"063036000","domestic",366
2021,603040000,"Region VI (Western Visayas)","Iloilo","San Joaquin","Region VI  (WESTERN VISAYAS)","Iloilo","San Joaquin",14128,63040000,52617,"063040000","foreign",7
2021,603040000,"Region VI (Western Visayas)","Iloilo","San Joaquin","Region VI  (WESTERN VISAYAS)","Iloilo","San Joaquin",14128,63040000,52617,"063040000","overseas",NA
2021,603040000,"Region VI (Western Visayas)","Iloilo","San Joaquin","Region VI  (WESTERN VISAYAS)","Iloilo","San Joaquin",14128,63040000,52617,"063040000","domestic",14121
2021,607904000,"Region VI (Western Visayas)","Guimaras","San Lorenzo","Region VI  (WESTERN VISAYAS)","Guimaras","San Lorenzo",1824,67904000,29444,"067904000","foreign",3
2021,607904000,"Region VI (Western Visayas)","Guimaras","San Lorenzo","Region VI  (WESTERN VISAYAS)","Guimaras","San Lorenzo",1824,67904000,29444,"067904000","overseas",NA
2021,607904000,"Region VI (Western Visayas)","Guimaras","San Lorenzo","Region VI  (WESTERN VISAYAS)","Guimaras","San Lorenzo",1824,67904000,29444,"067904000","domestic",1821
2021,631000000,"Region VI (Western Visayas)","Iloilo","Iloilo City","Region VI  (WESTERN VISAYAS)","Iloilo","Iloilo City",211914,63022000,457626,"063022000","foreign",15973
2021,631000000,"Region VI (Western Visayas)","Iloilo","Iloilo City","Region VI  (WESTERN VISAYAS)","Iloilo","Iloilo City",211914,63022000,457626,"063022000","overseas",NA
2021,631000000,"Region VI (Western Visayas)","Iloilo","Iloilo City","Region VI  (WESTERN VISAYAS)","Iloilo","Iloilo City",211914,63022000,457626,"063022000","domestic",195941
2021,701219000,"Region VII (Central Visayas)","Bohol","Dauis","Region VII (CENTRAL VISAYAS)","Bohol","Dauis",6240,71219000,52492,"071219000","foreign",14
2021,701219000,"Region VII (Central Visayas)","Bohol","Dauis","Region VII (CENTRAL VISAYAS)","Bohol","Dauis",6240,71219000,52492,"071219000","overseas",NA
2021,701219000,"Region VII (Central Visayas)","Bohol","Dauis","Region VII (CENTRAL VISAYAS)","Bohol","Dauis",6240,71219000,52492,"071219000","domestic",6226
2021,701225000,"Region VII (Central Visayas)","Bohol","Jagna","Region VII (CENTRAL VISAYAS)","Bohol","Jagna",1836,71225000,35832,"071225000","foreign",25
2021,701225000,"Region VII (Central Visayas)","Bohol","Jagna","Region VII (CENTRAL VISAYAS)","Bohol","Jagna",1836,71225000,35832,"071225000","overseas",NA
2021,701225000,"Region VII (Central Visayas)","Bohol","Jagna","Region VII (CENTRAL VISAYAS)","Bohol","Jagna",1836,71225000,35832,"071225000","domestic",1811
2021,701233000,"Region VII (Central Visayas)","Bohol","Panglao","Region VII (CENTRAL VISAYAS)","Bohol","Panglao",91514,71233000,39839,"071233000","foreign",813
2021,701233000,"Region VII (Central Visayas)","Bohol","Panglao","Region VII (CENTRAL VISAYAS)","Bohol","Panglao",91514,71233000,39839,"071233000","overseas",NA
2021,701233000,"Region VII (Central Visayas)","Bohol","Panglao","Region VII (CENTRAL VISAYAS)","Bohol","Panglao",91514,71233000,39839,"071233000","domestic",90701
2021,701242000,"Region VII (Central Visayas)","Bohol","Tagbilaran City","Region VII (CENTRAL VISAYAS)","Bohol","Tagbilaran",50448,71242000,104976,"071242000","foreign",247
2021,701242000,"Region VII (Central Visayas)","Bohol","Tagbilaran City","Region VII (CENTRAL VISAYAS)","Bohol","Tagbilaran",50448,71242000,104976,"071242000","overseas",18
2021,701242000,"Region VII (Central Visayas)","Bohol","Tagbilaran City","Region VII (CENTRAL VISAYAS)","Bohol","Tagbilaran",50448,71242000,104976,"071242000","domestic",50183
2021,702208000,"Region VII (Central Visayas)","Cebu","Balamban","Region VII (CENTRAL VISAYAS)","Cebu","Balamban",10277,72208000,95136,"072208000","foreign",38
2021,702208000,"Region VII (Central Visayas)","Cebu","Balamban","Region VII (CENTRAL VISAYAS)","Cebu","Balamban",10277,72208000,95136,"072208000","overseas",NA
2021,702208000,"Region VII (Central Visayas)","Cebu","Balamban","Region VII (CENTRAL VISAYAS)","Cebu","Balamban",10277,72208000,95136,"072208000","domestic",10239
2021,702220000,"Region VII (Central Visayas)","Cebu","Cordova","Region VII (CENTRAL VISAYAS)","Cebu","Cordova",44392,72220000,70595,"072220000","foreign",59
2021,702220000,"Region VII (Central Visayas)","Cebu","Cordova","Region VII (CENTRAL VISAYAS)","Cebu","Cordova",44392,72220000,70595,"072220000","overseas",NA
2021,702220000,"Region VII (Central Visayas)","Cebu","Cordova","Region VII (CENTRAL VISAYAS)","Cebu","Cordova",44392,72220000,70595,"072220000","domestic",44333
2021,702221000,"Region VII (Central Visayas)","Cebu","Daanbantayan","Region VII (CENTRAL VISAYAS)","Cebu","Daanbantayan",31580,72221000,93502,"072221000","foreign",7
2021,702221000,"Region VII (Central Visayas)","Cebu","Daanbantayan","Region VII (CENTRAL VISAYAS)","Cebu","Daanbantayan",31580,72221000,93502,"072221000","overseas",NA
2021,702221000,"Region VII (Central Visayas)","Cebu","Daanbantayan","Region VII (CENTRAL VISAYAS)","Cebu","Daanbantayan",31580,72221000,93502,"072221000","domestic",31573
2021,702222000,"Region VII (Central Visayas)","Cebu","Dalaguete","Region VII (CENTRAL VISAYAS)","Cebu","Dalaguete",21219,72222000,74596,"072222000","foreign",52
2021,702222000,"Region VII (Central Visayas)","Cebu","Dalaguete","Region VII (CENTRAL VISAYAS)","Cebu","Dalaguete",21219,72222000,74596,"072222000","overseas",NA
2021,702222000,"Region VII (Central Visayas)","Cebu","Dalaguete","Region VII (CENTRAL VISAYAS)","Cebu","Dalaguete",21219,72222000,74596,"072222000","domestic",21167
2021,702223000,"Region VII (Central Visayas)","Cebu","Danao City","Region VII (CENTRAL VISAYAS)","Cebu","Danao City",36646,72223000,156321,"072223000","foreign",2602
2021,702223000,"Region VII (Central Visayas)","Cebu","Danao City","Region VII (CENTRAL VISAYAS)","Cebu","Danao City",36646,72223000,156321,"072223000","overseas",NA
2021,702223000,"Region VII (Central Visayas)","Cebu","Danao City","Region VII (CENTRAL VISAYAS)","Cebu","Danao City",36646,72223000,156321,"072223000","domestic",34044
2021,702233000,"Region VII (Central Visayas)","Cebu","Moalboal","Region VII (CENTRAL VISAYAS)","Cebu","Moalboal",41056,72233000,36930,"072233000","foreign",135
2021,702233000,"Region VII (Central Visayas)","Cebu","Moalboal","Region VII (CENTRAL VISAYAS)","Cebu","Moalboal",41056,72233000,36930,"072233000","overseas",NA
2021,702233000,"Region VII (Central Visayas)","Cebu","Moalboal","Region VII (CENTRAL VISAYAS)","Cebu","Moalboal",41056,72233000,36930,"072233000","domestic",40921
2021,702235000,"Region VII (Central Visayas)","Cebu","Oslob","Region VII (CENTRAL VISAYAS)","Cebu","Oslob",36015,72235000,29264,"072235000","foreign",401
2021,702235000,"Region VII (Central Visayas)","Cebu","Oslob","Region VII (CENTRAL VISAYAS)","Cebu","Oslob",36015,72235000,29264,"072235000","overseas",NA
2021,702235000,"Region VII (Central Visayas)","Cebu","Oslob","Region VII (CENTRAL VISAYAS)","Cebu","Oslob",36015,72235000,29264,"072235000","domestic",35614
2021,702237000,"Region VII (Central Visayas)","Cebu","Pinamungajan","Region VII (CENTRAL VISAYAS)","Cebu","Pinamungahan",17034,72237000,75131,"072237000","foreign",1
2021,702237000,"Region VII (Central Visayas)","Cebu","Pinamungajan","Region VII (CENTRAL VISAYAS)","Cebu","Pinamungahan",17034,72237000,75131,"072237000","overseas",NA
2021,702237000,"Region VII (Central Visayas)","Cebu","Pinamungajan","Region VII (CENTRAL VISAYAS)","Cebu","Pinamungahan",17034,72237000,75131,"072237000","domestic",17033
2021,702238000,"Region VII (Central Visayas)","Cebu","Poro","Region VII (CENTRAL VISAYAS)","Cebu","Poro",921,72238000,26232,"072238000","foreign",1
2021,702238000,"Region VII (Central Visayas)","Cebu","Poro","Region VII (CENTRAL VISAYAS)","Cebu","Poro",921,72238000,26232,"072238000","overseas",NA
2021,702238000,"Region VII (Central Visayas)","Cebu","Poro","Region VII (CENTRAL VISAYAS)","Cebu","Poro",921,72238000,26232,"072238000","domestic",920
2021,702244000,"Region VII (Central Visayas)","Cebu","Santa Fe","Region VII (CENTRAL VISAYAS)","Cebu","Santa Fe",70643,72244000,34471,"072244000","foreign",236
2021,702244000,"Region VII (Central Visayas)","Cebu","Santa Fe","Region VII (CENTRAL VISAYAS)","Cebu","Santa Fe",70643,72244000,34471,"072244000","overseas",NA
2021,702244000,"Region VII (Central Visayas)","Cebu","Santa Fe","Region VII (CENTRAL VISAYAS)","Cebu","Santa Fe",70643,72244000,34471,"072244000","domestic",70407
2021,702251000,"Region VII (Central Visayas)","Cebu","Toledo City","Region VII (CENTRAL VISAYAS)","Cebu","Toledo City",14646,72251000,207314,"072251000","foreign",225
2021,702251000,"Region VII (Central Visayas)","Cebu","Toledo City","Region VII (CENTRAL VISAYAS)","Cebu","Toledo City",14646,72251000,207314,"072251000","overseas",NA
2021,702251000,"Region VII (Central Visayas)","Cebu","Toledo City","Region VII (CENTRAL VISAYAS)","Cebu","Toledo City",14646,72251000,207314,"072251000","domestic",14421
2021,730600000,"Region VII (Central Visayas)","Cebu","Cebu City","Region VII (CENTRAL VISAYAS)","Cebu","Cebu City",219169,72217000,964169,"072217000","foreign",10672
2021,730600000,"Region VII (Central Visayas)","Cebu","Cebu City","Region VII (CENTRAL VISAYAS)","Cebu","Cebu City",219169,72217000,964169,"072217000","overseas",NA
2021,730600000,"Region VII (Central Visayas)","Cebu","Cebu City","Region VII (CENTRAL VISAYAS)","Cebu","Cebu City",219169,72217000,964169,"072217000","domestic",208497
2021,731100000,"Region VII (Central Visayas)","Cebu","Lapu-Lapu City","Region VII (CENTRAL VISAYAS)","Cebu","Lapu-lapu City",182877,72226000,497604,"072226000","foreign",5727
2021,731100000,"Region VII (Central Visayas)","Cebu","Lapu-Lapu City","Region VII (CENTRAL VISAYAS)","Cebu","Lapu-lapu City",182877,72226000,497604,"072226000","overseas",270
2021,731100000,"Region VII (Central Visayas)","Cebu","Lapu-Lapu City","Region VII (CENTRAL VISAYAS)","Cebu","Lapu-lapu City",182877,72226000,497604,"072226000","domestic",176880
2021,731300000,"Region VII (Central Visayas)","Cebu","Mandaue City","Region VII (CENTRAL VISAYAS)","Cebu","Mandaue City",113043,72230000,364116,"072230000","foreign",30212
2021,731300000,"Region VII (Central Visayas)","Cebu","Mandaue City","Region VII (CENTRAL VISAYAS)","Cebu","Mandaue City",113043,72230000,364116,"072230000","overseas",1
2021,731300000,"Region VII (Central Visayas)","Cebu","Mandaue City","Region VII (CENTRAL VISAYAS)","Cebu","Mandaue City",113043,72230000,364116,"072230000","domestic",82830
2021,831600000,"Region VIII (Eastern Visayas)","Leyte","Tacloban City","Region VIII (EASTERN VISAYAS)","Leyte","Tacloban City",203843,83747000,251881,"083747000","foreign",18836
2021,831600000,"Region VIII (Eastern Visayas)","Leyte","Tacloban City","Region VIII (EASTERN VISAYAS)","Leyte","Tacloban City",203843,83747000,251881,"083747000","overseas",2
2021,831600000,"Region VIII (Eastern Visayas)","Leyte","Tacloban City","Region VIII (EASTERN VISAYAS)","Leyte","Tacloban City",203843,83747000,251881,"083747000","domestic",185005
2021,907200000,"Region IX (Zamboanga Peninsula)","Zamboanga del Norte","Zamboanga del Norte","Region IX (ZAMBOANGA PENINSULA)","Zamboanga del Norte","",228856,97200000,1047455,"097200000","foreign",729
2021,907200000,"Region IX (Zamboanga Peninsula)","Zamboanga del Norte","Zamboanga del Norte","Region IX (ZAMBOANGA PENINSULA)","Zamboanga del Norte","",228856,97200000,1047455,"097200000","overseas",NA
2021,907200000,"Region IX (Zamboanga Peninsula)","Zamboanga del Norte","Zamboanga del Norte","Region IX (ZAMBOANGA PENINSULA)","Zamboanga del Norte","",228856,97200000,1047455,"097200000","domestic",228127
2021,907201000,"Region IX (Zamboanga Peninsula)","Zamboanga del Norte","Dapitan City","Region IX (ZAMBOANGA PENINSULA)","Zamboanga del Norte","Dapitan City",19246,97201000,85202,"097201000","foreign",5
2021,907201000,"Region IX (Zamboanga Peninsula)","Zamboanga del Norte","Dapitan City","Region IX (ZAMBOANGA PENINSULA)","Zamboanga del Norte","Dapitan City",19246,97201000,85202,"097201000","overseas",NA
2021,907201000,"Region IX (Zamboanga Peninsula)","Zamboanga del Norte","Dapitan City","Region IX (ZAMBOANGA PENINSULA)","Zamboanga del Norte","Dapitan City",19246,97201000,85202,"097201000","domestic",19241
2021,907202000,"Region IX (Zamboanga Peninsula)","Zamboanga del Norte","Dipolog City","Region IX (ZAMBOANGA PENINSULA)","Zamboanga del Norte","Dipolog City",92318,97202000,138141,"097202000","foreign",92
2021,907202000,"Region IX (Zamboanga Peninsula)","Zamboanga del Norte","Dipolog City","Region IX (ZAMBOANGA PENINSULA)","Zamboanga del Norte","Dipolog City",92318,97202000,138141,"097202000","overseas",NA
2021,907202000,"Region IX (Zamboanga Peninsula)","Zamboanga del Norte","Dipolog City","Region IX (ZAMBOANGA PENINSULA)","Zamboanga del Norte","Dipolog City",92318,97202000,138141,"097202000","domestic",92226
2021,908300000,"Region IX (Zamboanga Peninsula)","Zamboanga Sibugay","Zamboanga Sibugay","Region IX (ZAMBOANGA PENINSULA)","Zamboanga Sibugay","",60484,98300000,669840,"098300000","foreign",22
2021,908300000,"Region IX (Zamboanga Peninsula)","Zamboanga Sibugay","Zamboanga Sibugay","Region IX (ZAMBOANGA PENINSULA)","Zamboanga Sibugay","",60484,98300000,669840,"098300000","overseas",NA
2021,908300000,"Region IX (Zamboanga Peninsula)","Zamboanga Sibugay","Zamboanga Sibugay","Region IX (ZAMBOANGA PENINSULA)","Zamboanga Sibugay","",60484,98300000,669840,"098300000","domestic",60462
2021,931700000,"Region IX (Zamboanga Peninsula)","Zamboanga del Sur","Zamboanga City","Region IX (ZAMBOANGA PENINSULA)","Zamboanga del Sur","Zamboanga City",171211,97332000,977234,"097332000","foreign",122
2021,931700000,"Region IX (Zamboanga Peninsula)","Zamboanga del Sur","Zamboanga City","Region IX (ZAMBOANGA PENINSULA)","Zamboanga del Sur","Zamboanga City",171211,97332000,977234,"097332000","overseas",NA
2021,931700000,"Region IX (Zamboanga Peninsula)","Zamboanga del Sur","Zamboanga City","Region IX (ZAMBOANGA PENINSULA)","Zamboanga del Sur","Zamboanga City",171211,97332000,977234,"097332000","domestic",171089
2021,1001300000,"Region X (Northern Mindanao)","Bukidnon","Bukidnon","Region X (NORTHERN MINDANAO)","Bukidnon","",47681,101300000,1541308,"101300000","foreign",59
2021,1001300000,"Region X (Northern Mindanao)","Bukidnon","Bukidnon","Region X (NORTHERN MINDANAO)","Bukidnon","",47681,101300000,1541308,"101300000","overseas",NA
2021,1001300000,"Region X (Northern Mindanao)","Bukidnon","Bukidnon","Region X (NORTHERN MINDANAO)","Bukidnon","",47681,101300000,1541308,"101300000","domestic",47622
2021,1001321000,"Region X (Northern Mindanao)","Bukidnon","Valencia City","Region X (NORTHERN MINDANAO)","Bukidnon","Valencia City",47681,101321000,216546,"101321000","foreign",59
2021,1001321000,"Region X (Northern Mindanao)","Bukidnon","Valencia City","Region X (NORTHERN MINDANAO)","Bukidnon","Valencia City",47681,101321000,216546,"101321000","overseas",NA
2021,1001321000,"Region X (Northern Mindanao)","Bukidnon","Valencia City","Region X (NORTHERN MINDANAO)","Bukidnon","Valencia City",47681,101321000,216546,"101321000","domestic",47622
2021,1004200000,"Region X (Northern Mindanao)","Misamis Occidental","Misamis Occidental","Region X (NORTHERN MINDANAO)","Misamis Occidental","",4156,104200000,617333,"104200000","foreign",1
2021,1004200000,"Region X (Northern Mindanao)","Misamis Occidental","Misamis Occidental","Region X (NORTHERN MINDANAO)","Misamis Occidental","",4156,104200000,617333,"104200000","overseas",NA
2021,1004200000,"Region X (Northern Mindanao)","Misamis Occidental","Misamis Occidental","Region X (NORTHERN MINDANAO)","Misamis Occidental","",4156,104200000,617333,"104200000","domestic",4155
2021,1004200000,"Region X (Northern Mindanao)","Misamis Occidental","Misamis Occidental","Region X (NORTHERN MINDANAO)","Misamis Oriental","",19062,104200000,617333,"104200000","foreign",120
2021,1004200000,"Region X (Northern Mindanao)","Misamis Occidental","Misamis Occidental","Region X (NORTHERN MINDANAO)","Misamis Oriental","",19062,104200000,617333,"104200000","overseas",NA
2021,1004200000,"Region X (Northern Mindanao)","Misamis Occidental","Misamis Occidental","Region X (NORTHERN MINDANAO)","Misamis Oriental","",19062,104200000,617333,"104200000","domestic",18942
2021,1004215000,"Region X (Northern Mindanao)","Misamis Occidental","Tangub City","Region X (NORTHERN MINDANAO)","Misamis Occidental","Tangub City",4156,104215000,68389,"104215000","foreign",1
2021,1004215000,"Region X (Northern Mindanao)","Misamis Occidental","Tangub City","Region X (NORTHERN MINDANAO)","Misamis Occidental","Tangub City",4156,104215000,68389,"104215000","overseas",NA
2021,1004215000,"Region X (Northern Mindanao)","Misamis Occidental","Tangub City","Region X (NORTHERN MINDANAO)","Misamis Occidental","Tangub City",4156,104215000,68389,"104215000","domestic",4155
2021,1030500000,"Region X (Northern Mindanao)","Misamis Oriental","Cagayan De Oro City","Region X (NORTHERN MINDANAO)","Misamis Oriental","Cagayan de Oro City",126179,104305000,728402,"104305000","foreign",886
2021,1030500000,"Region X (Northern Mindanao)","Misamis Oriental","Cagayan De Oro City","Region X (NORTHERN MINDANAO)","Misamis Oriental","Cagayan de Oro City",126179,104305000,728402,"104305000","overseas",NA
2021,1030500000,"Region X (Northern Mindanao)","Misamis Oriental","Cagayan De Oro City","Region X (NORTHERN MINDANAO)","Misamis Oriental","Cagayan de Oro City",126179,104305000,728402,"104305000","domestic",125293
2021,1102300000,"Region XI (Davao Region)","Davao del Norte","Davao del Norte","Region XI (DAVAO REGION)","Davao Del Norte","",354489,112300000,1125057,"112300000","foreign",159
2021,1102300000,"Region XI (Davao Region)","Davao del Norte","Davao del Norte","Region XI (DAVAO REGION)","Davao Del Norte","",354489,112300000,1125057,"112300000","overseas",NA
2021,1102300000,"Region XI (Davao Region)","Davao del Norte","Davao del Norte","Region XI (DAVAO REGION)","Davao Del Norte","",354489,112300000,1125057,"112300000","domestic",354330
2021,1102300000,"Region XI (Davao Region)","Davao del Norte","Davao del Norte","Region XI (DAVAO REGION)","Davao del Sur","",97926,112300000,1125057,"112300000","foreign",195
2021,1102300000,"Region XI (Davao Region)","Davao del Norte","Davao del Norte","Region XI (DAVAO REGION)","Davao del Sur","",97926,112300000,1125057,"112300000","overseas",NA
2021,1102300000,"Region XI (Davao Region)","Davao del Norte","Davao del Norte","Region XI (DAVAO REGION)","Davao del Sur","",97926,112300000,1125057,"112300000","domestic",97731
2021,1102500000,"Region XI (Davao Region)","Davao Oriental","Davao Oriental","Region XI (DAVAO REGION)","Davao Oriental","",326630,112500000,576343,"112500000","foreign",205
2021,1102500000,"Region XI (Davao Region)","Davao Oriental","Davao Oriental","Region XI (DAVAO REGION)","Davao Oriental","",326630,112500000,576343,"112500000","overseas",NA
2021,1102500000,"Region XI (Davao Region)","Davao Oriental","Davao Oriental","Region XI (DAVAO REGION)","Davao Oriental","",326630,112500000,576343,"112500000","domestic",326425
2021,1130700000,"Region XI (Davao Region)","Davao del Sur","Davao City","Region XI (DAVAO REGION)","Davao del Sur","Davao City",304342,112402000,1776949,"112402000","foreign",8169
2021,1130700000,"Region XI (Davao Region)","Davao del Sur","Davao City","Region XI (DAVAO REGION)","Davao del Sur","Davao City",304342,112402000,1776949,"112402000","overseas",1091
2021,1130700000,"Region XI (Davao Region)","Davao del Sur","Davao City","Region XI (DAVAO REGION)","Davao del Sur","Davao City",304342,112402000,1776949,"112402000","domestic",295082
2021,1206300000,"Region XII (SOCCSKSARGEN)","South Cotabato","South Cotabato","Region XII  (SOCCSSARGEN)","South Cotabato","",189408,126300000,975476,"126300000","foreign",6
2021,1206300000,"Region XII (SOCCSKSARGEN)","South Cotabato","South Cotabato","Region XII  (SOCCSSARGEN)","South Cotabato","",189408,126300000,975476,"126300000","overseas",NA
2021,1206300000,"Region XII (SOCCSKSARGEN)","South Cotabato","South Cotabato","Region XII  (SOCCSSARGEN)","South Cotabato","",189408,126300000,975476,"126300000","domestic",189402
2021,1206306000,"Region XII (SOCCSKSARGEN)","South Cotabato","Koronadal City","Region XII  (SOCCSSARGEN)","South Cotabato","Koronadal City",113740,126306000,195398,"126306000","foreign",4
2021,1206306000,"Region XII (SOCCSKSARGEN)","South Cotabato","Koronadal City","Region XII  (SOCCSSARGEN)","South Cotabato","Koronadal City",113740,126306000,195398,"126306000","overseas",NA
2021,1206306000,"Region XII (SOCCSKSARGEN)","South Cotabato","Koronadal City","Region XII  (SOCCSSARGEN)","South Cotabato","Koronadal City",113740,126306000,195398,"126306000","domestic",113736
2021,1208000000,"Region XII (SOCCSKSARGEN)","Sarangani","Sarangani","Region XII  (SOCCSSARGEN)","Sarangani","",169772,128000000,558946,"128000000","foreign",1
2021,1208000000,"Region XII (SOCCSKSARGEN)","Sarangani","Sarangani","Region XII  (SOCCSSARGEN)","Sarangani","",169772,128000000,558946,"128000000","overseas",1
2021,1208000000,"Region XII (SOCCSKSARGEN)","Sarangani","Sarangani","Region XII  (SOCCSSARGEN)","Sarangani","",169772,128000000,558946,"128000000","domestic",169770
2021,1230800000,"Region XII (SOCCSKSARGEN)","South Cotabato","General Santos City","Region XII  (SOCCSSARGEN)","South Cotabato","General Santos City",172961,126303000,697315,"126303000","foreign",440
2021,1230800000,"Region XII (SOCCSKSARGEN)","South Cotabato","General Santos City","Region XII  (SOCCSSARGEN)","South Cotabato","General Santos City",172961,126303000,697315,"126303000","overseas",NA
2021,1230800000,"Region XII (SOCCSKSARGEN)","South Cotabato","General Santos City","Region XII  (SOCCSSARGEN)","South Cotabato","General Santos City",172961,126303000,697315,"126303000","domestic",172521
2021,1380300000,"National Capital Region (NCR)","Makati City","Makati City","National Capital Region (NCR)","Makati City","Makati City",606654,137602000,629616,"137602000","foreign",70300
2021,1380300000,"National Capital Region (NCR)","Makati City","Makati City","National Capital Region (NCR)","Makati City","Makati City",606654,137602000,629616,"137602000","overseas",40287
2021,1380300000,"National Capital Region (NCR)","Makati City","Makati City","National Capital Region (NCR)","Makati City","Makati City",606654,137602000,629616,"137602000","domestic",496067
2021,1380500000,"National Capital Region (NCR)","Mandaluyong City","Mandaluyong City","National Capital Region (NCR)","Mandaluyong City","Mandaluyong City",112255,137401000,425758,"137401000","foreign",6136
2021,1380500000,"National Capital Region (NCR)","Mandaluyong City","Mandaluyong City","National Capital Region (NCR)","Mandaluyong City","Mandaluyong City",112255,137401000,425758,"137401000","overseas",40400
2021,1380500000,"National Capital Region (NCR)","Mandaluyong City","Mandaluyong City","National Capital Region (NCR)","Mandaluyong City","Mandaluyong City",112255,137401000,425758,"137401000","domestic",65719
2021,1380600000,"National Capital Region (NCR)","Manila City","Manila City","National Capital Region (NCR)","Manila","Manila",287078,133900000,1846513,"133900000","foreign",25039
2021,1380600000,"National Capital Region (NCR)","Manila City","Manila City","National Capital Region (NCR)","Manila","Manila",287078,133900000,1846513,"133900000","overseas",NA
2021,1380600000,"National Capital Region (NCR)","Manila City","Manila City","National Capital Region (NCR)","Manila","Manila",287078,133900000,1846513,"133900000","domestic",262039
2021,1380800000,"National Capital Region (NCR)","Muntinlupa City","Muntinlupa City","National Capital Region (NCR)","Muntinlupa City","Muntinlupa City",275241,137603000,543445,"137603000","foreign",21962
2021,1380800000,"National Capital Region (NCR)","Muntinlupa City","Muntinlupa City","National Capital Region (NCR)","Muntinlupa City","Muntinlupa City",275241,137603000,543445,"137603000","overseas",18364
2021,1380800000,"National Capital Region (NCR)","Muntinlupa City","Muntinlupa City","National Capital Region (NCR)","Muntinlupa City","Muntinlupa City",275241,137603000,543445,"137603000","domestic",234915
2021,1381000000,"National Capital Region (NCR)","Parañaque City","Parañaque City","National Capital Region (NCR)","Parañaque City","Parañaque City",345952,137604000,689992,"137604000","foreign",31370
2021,1381000000,"National Capital Region (NCR)","Parañaque City","Parañaque City","National Capital Region (NCR)","Parañaque City","Parañaque City",345952,137604000,689992,"137604000","overseas",631
2021,1381000000,"National Capital Region (NCR)","Parañaque City","Parañaque City","National Capital Region (NCR)","Parañaque City","Parañaque City",345952,137604000,689992,"137604000","domestic",313951
2021,1381100000,"National Capital Region (NCR)","Pasay City","Pasay City","National Capital Region (NCR)","Pasay City","Pasay City",257356,137605000,440656,"137605000","foreign",15275
2021,1381100000,"National Capital Region (NCR)","Pasay City","Pasay City","National Capital Region (NCR)","Pasay City","Pasay City",257356,137605000,440656,"137605000","overseas",44
2021,1381100000,"National Capital Region (NCR)","Pasay City","Pasay City","National Capital Region (NCR)","Pasay City","Pasay City",257356,137605000,440656,"137605000","domestic",242037
2021,1381200000,"National Capital Region (NCR)","Pasig City","Pasig City","National Capital Region (NCR)","Pasig City","Pasig City",125411,137403000,803159,"137403000","foreign",10977
2021,1381200000,"National Capital Region (NCR)","Pasig City","Pasig City","National Capital Region (NCR)","Pasig City","Pasig City",125411,137403000,803159,"137403000","overseas",3525
2021,1381200000,"National Capital Region (NCR)","Pasig City","Pasig City","National Capital Region (NCR)","Pasig City","Pasig City",125411,137403000,803159,"137403000","domestic",110909
2021,1381300000,"National Capital Region (NCR)","Quezon City","Quezon City","National Capital Region (NCR)","Quezon City","Quezon City",249034,137404000,2960048,"137404000","foreign",31468
2021,1381300000,"National Capital Region (NCR)","Quezon City","Quezon City","National Capital Region (NCR)","Quezon City","Quezon City",249034,137404000,2960048,"137404000","overseas",16219
2021,1381300000,"National Capital Region (NCR)","Quezon City","Quezon City","National Capital Region (NCR)","Quezon City","Quezon City",249034,137404000,2960048,"137404000","domestic",201347
2021,1381500000,"National Capital Region (NCR)","Taguig City","Taguig City","National Capital Region (NCR)","Taguig City","Taguig City",69792,137607000,886722,"137607000","foreign",6103
2021,1381500000,"National Capital Region (NCR)","Taguig City","Taguig City","National Capital Region (NCR)","Taguig City","Taguig City",69792,137607000,886722,"137607000","overseas",16822
2021,1381500000,"National Capital Region (NCR)","Taguig City","Taguig City","National Capital Region (NCR)","Taguig City","Taguig City",69792,137607000,886722,"137607000","domestic",46867
2021,1403200000,"Cordillera Administrative Region (CAR)","Kalinga","Kalinga","Cordillera Administrative Region (CAR)","Kalinga","",139004,143200000,229570,"143200000","foreign",63
2021,1403200000,"Cordillera Administrative Region (CAR)","Kalinga","Kalinga","Cordillera Administrative Region (CAR)","Kalinga","",139004,143200000,229570,"143200000","overseas",NA
2021,1403200000,"Cordillera Administrative Region (CAR)","Kalinga","Kalinga","Cordillera Administrative Region (CAR)","Kalinga","",139004,143200000,229570,"143200000","domestic",138941
2021,1404400000,"Cordillera Administrative Region (CAR)","Mountain Province","Mountain Province","Cordillera Administrative Region (CAR)","Mountain Province","",2838,144400000,158200,"144400000","foreign",33
2021,1404400000,"Cordillera Administrative Region (CAR)","Mountain Province","Mountain Province","Cordillera Administrative Region (CAR)","Mountain Province","",2838,144400000,158200,"144400000","overseas",NA
2021,1404400000,"Cordillera Administrative Region (CAR)","Mountain Province","Mountain Province","Cordillera Administrative Region (CAR)","Mountain Province","",2838,144400000,158200,"144400000","domestic",2805
2021,1430300000,"Cordillera Administrative Region (CAR)","Benguet","Baguio City","Cordillera Administrative Region (CAR)","Benguet","Baguio City",267480,141102000,366358,"141102000","foreign",276
2021,1430300000,"Cordillera Administrative Region (CAR)","Benguet","Baguio City","Cordillera Administrative Region (CAR)","Benguet","Baguio City",267480,141102000,366358,"141102000","overseas",1
2021,1430300000,"Cordillera Administrative Region (CAR)","Benguet","Baguio City","Cordillera Administrative Region (CAR)","Benguet","Baguio City",267480,141102000,366358,"141102000","domestic",267203
2021,1600200000,"Region XIII (Caraga)","Agusan del Norte","Agusan del Norte","Region XIII (CARAGA)","Agusan del Sur","",42299,160200000,387503,"160200000","foreign",18
2021,1600200000,"Region XIII (Caraga)","Agusan del Norte","Agusan del Norte","Region XIII (CARAGA)","Agusan del Sur","",42299,160200000,387503,"160200000","overseas",NA
2021,1600200000,"Region XIII (Caraga)","Agusan del Norte","Agusan del Norte","Region XIII (CARAGA)","Agusan del Sur","",42299,160200000,387503,"160200000","domestic",42281
2021,1600200000,"Region XIII (Caraga)","Agusan del Norte","Agusan del Norte","Region XIII (CARAGA)","Surigao del Norte","",84862,160200000,387503,"160200000","foreign",1447
2021,1600200000,"Region XIII (Caraga)","Agusan del Norte","Agusan del Norte","Region XIII (CARAGA)","Surigao del Norte","",84862,160200000,387503,"160200000","overseas",NA
2021,1600200000,"Region XIII (Caraga)","Agusan del Norte","Agusan del Norte","Region XIII (CARAGA)","Surigao del Norte","",84862,160200000,387503,"160200000","domestic",83415
2021,1600300000,"Region XIII (Caraga)","Agusan del Sur","Agusan del Sur","Region XIII (CARAGA)","Surigao del Sur","",44641,160300000,739367,"160300000","foreign",2
2021,1600300000,"Region XIII (Caraga)","Agusan del Sur","Agusan del Sur","Region XIII (CARAGA)","Surigao del Sur","",44641,160300000,739367,"160300000","overseas",NA
2021,1600300000,"Region XIII (Caraga)","Agusan del Sur","Agusan del Sur","Region XIII (CARAGA)","Surigao del Sur","",44641,160300000,739367,"160300000","domestic",44639
2021,1606724000,"Region XIII (Caraga)","Surigao del Norte","Surigao City","Region XIII (CARAGA)","Surigao del Norte","Surigao City",56575,166724000,171107,"166724000","foreign",713
2021,1606724000,"Region XIII (Caraga)","Surigao del Norte","Surigao City","Region XIII (CARAGA)","Surigao del Norte","Surigao City",56575,166724000,171107,"166724000","overseas",NA
2021,1606724000,"Region XIII (Caraga)","Surigao del Norte","Surigao City","Region XIII (CARAGA)","Surigao del Norte","Surigao City",56575,166724000,171107,"166724000","domestic",55862
2021,1606819000,"Region XIII (Caraga)","Surigao del Sur","Tandag City","Region XIII (CARAGA)","Surigao del Sur","Tandag City",31076,166819000,62669,"166819000","foreign",2
2021,1606819000,"Region XIII (Caraga)","Surigao del Sur","Tandag City","Region XIII (CARAGA)","Surigao del Sur","Tandag City",31076,166819000,62669,"166819000","overseas",NA
2021,1606819000,"Region XIII (Caraga)","Surigao del Sur","Tandag City","Region XIII (CARAGA)","Surigao del Sur","Tandag City",31076,166819000,62669,"166819000","domestic",31074
2021,1630400000,"Region XIII (Caraga)","Agusan del Norte","Butuan City","Region XIII (CARAGA)","Agusan del Norte","Butuan City",51071,160202000,372910,"160202000","foreign",95
2021,1630400000,"Region XIII (Caraga)","Agusan del Norte","Butuan City","Region XIII (CARAGA)","Agusan del Norte","Butuan City",51071,160202000,372910,"160202000","overseas",NA
2021,1630400000,"Region XIII (Caraga)","Agusan del Norte","Butuan City","Region XIII (CARAGA)","Agusan del Norte","Butuan City",51071,160202000,372910,"160202000","domestic",50976
2021,1704006000,"MIMAROPA Region","Marinduque","Torrijos","MIMAROPA Region","Marinduque","Torrijos",1415,174006000,30476,"174006000","foreign",1
2021,1704006000,"MIMAROPA Region","Marinduque","Torrijos","MIMAROPA Region","Marinduque","Torrijos",1415,174006000,30476,"174006000","overseas",NA
2021,1704006000,"MIMAROPA Region","Marinduque","Torrijos","MIMAROPA Region","Marinduque","Torrijos",1415,174006000,30476,"174006000","domestic",1414
2021,1705102000,"MIMAROPA Region","Occidental Mindoro","Calintaan","MIMAROPA Region","Occidental Mindoro","Calintaan",1787,175102000,30190,"175102000","foreign",6
2021,1705102000,"MIMAROPA Region","Occidental Mindoro","Calintaan","MIMAROPA Region","Occidental Mindoro","Calintaan",1787,175102000,30190,"175102000","overseas",NA
2021,1705102000,"MIMAROPA Region","Occidental Mindoro","Calintaan","MIMAROPA Region","Occidental Mindoro","Calintaan",1787,175102000,30190,"175102000","domestic",1781
2021,1705104000,"MIMAROPA Region","Occidental Mindoro","Lubang","MIMAROPA Region","Occidental Mindoro","Lubang",5444,175104000,17437,"175104000","foreign",50
2021,1705104000,"MIMAROPA Region","Occidental Mindoro","Lubang","MIMAROPA Region","Occidental Mindoro","Lubang",5444,175104000,17437,"175104000","overseas",NA
2021,1705104000,"MIMAROPA Region","Occidental Mindoro","Lubang","MIMAROPA Region","Occidental Mindoro","Lubang",5444,175104000,17437,"175104000","domestic",5394
2021,1705105000,"MIMAROPA Region","Occidental Mindoro","Magsaysay","MIMAROPA Region","Occidental Mindoro","Magsaysay",1875,175105000,39767,"175105000","foreign",18
2021,1705105000,"MIMAROPA Region","Occidental Mindoro","Magsaysay","MIMAROPA Region","Occidental Mindoro","Magsaysay",1875,175105000,39767,"175105000","overseas",NA
2021,1705105000,"MIMAROPA Region","Occidental Mindoro","Magsaysay","MIMAROPA Region","Occidental Mindoro","Magsaysay",1875,175105000,39767,"175105000","domestic",1857
2021,1705106000,"MIMAROPA Region","Occidental Mindoro","Mamburao","MIMAROPA Region","Occidental Mindoro","Mamburao",2332,175106000,47705,"175106000","foreign",24
2021,1705106000,"MIMAROPA Region","Occidental Mindoro","Mamburao","MIMAROPA Region","Occidental Mindoro","Mamburao",2332,175106000,47705,"175106000","overseas",NA
2021,1705106000,"MIMAROPA Region","Occidental Mindoro","Mamburao","MIMAROPA Region","Occidental Mindoro","Mamburao",2332,175106000,47705,"175106000","domestic",2308
2021,1705108000,"MIMAROPA Region","Occidental Mindoro","Rizal","MIMAROPA Region","Occidental Mindoro","Rizal",1047,175108000,40429,"175108000","foreign",6
2021,1705108000,"MIMAROPA Region","Occidental Mindoro","Rizal","MIMAROPA Region","Occidental Mindoro","Rizal",1047,175108000,40429,"175108000","overseas",NA
2021,1705108000,"MIMAROPA Region","Occidental Mindoro","Rizal","MIMAROPA Region","Occidental Mindoro","Rizal",1047,175108000,40429,"175108000","domestic",1041
2021,1705109000,"MIMAROPA Region","Occidental Mindoro","Sablayan","MIMAROPA Region","Occidental Mindoro","Sablayan",13479,175109000,92598,"175109000","foreign",44
2021,1705109000,"MIMAROPA Region","Occidental Mindoro","Sablayan","MIMAROPA Region","Occidental Mindoro","Sablayan",13479,175109000,92598,"175109000","overseas",NA
2021,1705109000,"MIMAROPA Region","Occidental Mindoro","Sablayan","MIMAROPA Region","Occidental Mindoro","Sablayan",13479,175109000,92598,"175109000","domestic",13435
2021,1705110000,"MIMAROPA Region","Occidental Mindoro","San Jose","MIMAROPA Region","Occidental Mindoro","San Jose",25032,175110000,153267,"175110000","foreign",160
2021,1705110000,"MIMAROPA Region","Occidental Mindoro","San Jose","MIMAROPA Region","Occidental Mindoro","San Jose",25032,175110000,153267,"175110000","overseas",NA
2021,1705110000,"MIMAROPA Region","Occidental Mindoro","San Jose","MIMAROPA Region","Occidental Mindoro","San Jose",25032,175110000,153267,"175110000","domestic",24872
2021,1705204000,"MIMAROPA Region","Oriental Mindoro","Bulalacao","MIMAROPA Region","Oriental Mindoro","Bulalacao",16282,175204000,44366,"175204000","foreign",51
2021,1705204000,"MIMAROPA Region","Oriental Mindoro","Bulalacao","MIMAROPA Region","Oriental Mindoro","Bulalacao",16282,175204000,44366,"175204000","overseas",NA
2021,1705204000,"MIMAROPA Region","Oriental Mindoro","Bulalacao","MIMAROPA Region","Oriental Mindoro","Bulalacao",16282,175204000,44366,"175204000","domestic",16231
2021,1705205000,"MIMAROPA Region","Oriental Mindoro","Calapan City","MIMAROPA Region","Oriental Mindoro","Calapan City",9485,175205000,145786,"175205000","foreign",181
2021,1705205000,"MIMAROPA Region","Oriental Mindoro","Calapan City","MIMAROPA Region","Oriental Mindoro","Calapan City",9485,175205000,145786,"175205000","overseas",NA
2021,1705205000,"MIMAROPA Region","Oriental Mindoro","Calapan City","MIMAROPA Region","Oriental Mindoro","Calapan City",9485,175205000,145786,"175205000","domestic",9304
2021,1705206000,"MIMAROPA Region","Oriental Mindoro","Gloria","MIMAROPA Region","Oriental Mindoro","Gloria",333,175206000,50496,"175206000","foreign",2
2021,1705206000,"MIMAROPA Region","Oriental Mindoro","Gloria","MIMAROPA Region","Oriental Mindoro","Gloria",333,175206000,50496,"175206000","overseas",NA
2021,1705206000,"MIMAROPA Region","Oriental Mindoro","Gloria","MIMAROPA Region","Oriental Mindoro","Gloria",333,175206000,50496,"175206000","domestic",331
2021,1705207000,"MIMAROPA Region","Oriental Mindoro","Mansalay","MIMAROPA Region","Oriental Mindoro","Mansalay",184,175207000,59114,"175207000","foreign",9
2021,1705207000,"MIMAROPA Region","Oriental Mindoro","Mansalay","MIMAROPA Region","Oriental Mindoro","Mansalay",184,175207000,59114,"175207000","overseas",NA
2021,1705207000,"MIMAROPA Region","Oriental Mindoro","Mansalay","MIMAROPA Region","Oriental Mindoro","Mansalay",184,175207000,59114,"175207000","domestic",175
2021,1705208000,"MIMAROPA Region","Oriental Mindoro","Naujan","MIMAROPA Region","Oriental Mindoro","Naujan",5521,175208000,109587,"175208000","foreign",47
2021,1705208000,"MIMAROPA Region","Oriental Mindoro","Naujan","MIMAROPA Region","Oriental Mindoro","Naujan",5521,175208000,109587,"175208000","overseas",NA
2021,1705208000,"MIMAROPA Region","Oriental Mindoro","Naujan","MIMAROPA Region","Oriental Mindoro","Naujan",5521,175208000,109587,"175208000","domestic",5474
2021,1705209000,"MIMAROPA Region","Oriental Mindoro","Pinamalayan","MIMAROPA Region","Oriental Mindoro","Pinamalayan",9613,175209000,90383,"175209000","foreign",259
2021,1705209000,"MIMAROPA Region","Oriental Mindoro","Pinamalayan","MIMAROPA Region","Oriental Mindoro","Pinamalayan",9613,175209000,90383,"175209000","overseas",NA
2021,1705209000,"MIMAROPA Region","Oriental Mindoro","Pinamalayan","MIMAROPA Region","Oriental Mindoro","Pinamalayan",9613,175209000,90383,"175209000","domestic",9354
2021,1705211000,"MIMAROPA Region","Oriental Mindoro","Puerto Galera","MIMAROPA Region","Oriental Mindoro","Puerto Galera",21073,175211000,41961,"175211000","foreign",3418
2021,1705211000,"MIMAROPA Region","Oriental Mindoro","Puerto Galera","MIMAROPA Region","Oriental Mindoro","Puerto Galera",21073,175211000,41961,"175211000","overseas",NA
2021,1705211000,"MIMAROPA Region","Oriental Mindoro","Puerto Galera","MIMAROPA Region","Oriental Mindoro","Puerto Galera",21073,175211000,41961,"175211000","domestic",17655
2021,1705212000,"MIMAROPA Region","Oriental Mindoro","Roxas","MIMAROPA Region","Oriental Mindoro","Roxas",3813,175212000,58849,"175212000","foreign",5
2021,1705212000,"MIMAROPA Region","Oriental Mindoro","Roxas","MIMAROPA Region","Oriental Mindoro","Roxas",3813,175212000,58849,"175212000","overseas",NA
2021,1705212000,"MIMAROPA Region","Oriental Mindoro","Roxas","MIMAROPA Region","Oriental Mindoro","Roxas",3813,175212000,58849,"175212000","domestic",3808
2021,1705214000,"MIMAROPA Region","Oriental Mindoro","Socorro","MIMAROPA Region","Oriental Mindoro","Socorro",1326,175214000,41585,"175214000","foreign",2
2021,1705214000,"MIMAROPA Region","Oriental Mindoro","Socorro","MIMAROPA Region","Oriental Mindoro","Socorro",1326,175214000,41585,"175214000","overseas",NA
2021,1705214000,"MIMAROPA Region","Oriental Mindoro","Socorro","MIMAROPA Region","Oriental Mindoro","Socorro",1326,175214000,41585,"175214000","domestic",1324
2021,1705215000,"MIMAROPA Region","Oriental Mindoro","Victoria","MIMAROPA Region","Oriental Mindoro","Victoria",376,175215000,52175,"175215000","foreign",2
2021,1705215000,"MIMAROPA Region","Oriental Mindoro","Victoria","MIMAROPA Region","Oriental Mindoro","Victoria",376,175215000,52175,"175215000","overseas",NA
2021,1705215000,"MIMAROPA Region","Oriental Mindoro","Victoria","MIMAROPA Region","Oriental Mindoro","Victoria",376,175215000,52175,"175215000","domestic",374
2021,1705306000,"MIMAROPA Region","Palawan","Brooke's Point","MIMAROPA Region","Palawan","Brooke's Point",10697,175306000,73994,"175306000","foreign",27
2021,1705306000,"MIMAROPA Region","Palawan","Brooke's Point","MIMAROPA Region","Palawan","Brooke's Point",10697,175306000,73994,"175306000","overseas",NA
2021,1705306000,"MIMAROPA Region","Palawan","Brooke's Point","MIMAROPA Region","Palawan","Brooke's Point",10697,175306000,73994,"175306000","domestic",10670
2021,1705307000,"MIMAROPA Region","Palawan","Busuanga","MIMAROPA Region","Palawan","Busuanga",1882,175307000,25617,"175307000","foreign",1262
2021,1705307000,"MIMAROPA Region","Palawan","Busuanga","MIMAROPA Region","Palawan","Busuanga",1882,175307000,25617,"175307000","overseas",NA
2021,1705307000,"MIMAROPA Region","Palawan","Busuanga","MIMAROPA Region","Palawan","Busuanga",1882,175307000,25617,"175307000","domestic",620
2021,1705309000,"MIMAROPA Region","Palawan","Coron","MIMAROPA Region","Palawan","Coron",4719,175309000,65855,"175309000","foreign",539
2021,1705309000,"MIMAROPA Region","Palawan","Coron","MIMAROPA Region","Palawan","Coron",4719,175309000,65855,"175309000","overseas",NA
2021,1705309000,"MIMAROPA Region","Palawan","Coron","MIMAROPA Region","Palawan","Coron",4719,175309000,65855,"175309000","domestic",4180
2021,1705312000,"MIMAROPA Region","Palawan","El Nido","MIMAROPA Region","Palawan","El Nido",28136,175312000,50494,"175312000","foreign",8405
2021,1705312000,"MIMAROPA Region","Palawan","El Nido","MIMAROPA Region","Palawan","El Nido",28136,175312000,50494,"175312000","overseas",NA
2021,1705312000,"MIMAROPA Region","Palawan","El Nido","MIMAROPA Region","Palawan","El Nido",28136,175312000,50494,"175312000","domestic",19731
2021,1705315000,"MIMAROPA Region","Palawan","Narra","MIMAROPA Region","Palawan","Narra",2454,175315000,77948,"175315000","foreign",13
2021,1705315000,"MIMAROPA Region","Palawan","Narra","MIMAROPA Region","Palawan","Narra",2454,175315000,77948,"175315000","overseas",NA
2021,1705315000,"MIMAROPA Region","Palawan","Narra","MIMAROPA Region","Palawan","Narra",2454,175315000,77948,"175315000","domestic",2441
2021,1705319000,"MIMAROPA Region","Palawan","San Vicente","MIMAROPA Region","Palawan","San Vicente",1286,175319000,33507,"175319000","foreign",9
2021,1705319000,"MIMAROPA Region","Palawan","San Vicente","MIMAROPA Region","Palawan","San Vicente",1286,175319000,33507,"175319000","overseas",NA
2021,1705319000,"MIMAROPA Region","Palawan","San Vicente","MIMAROPA Region","Palawan","San Vicente",1286,175319000,33507,"175319000","domestic",1277
2021,1705320000,"MIMAROPA Region","Palawan","Taytay","MIMAROPA Region","Palawan","Taytay",7558,175320000,83357,"175320000","foreign",382
2021,1705320000,"MIMAROPA Region","Palawan","Taytay","MIMAROPA Region","Palawan","Taytay",7558,175320000,83357,"175320000","overseas",NA
2021,1705320000,"MIMAROPA Region","Palawan","Taytay","MIMAROPA Region","Palawan","Taytay",7558,175320000,83357,"175320000","domestic",7176
2021,1705322000,"MIMAROPA Region","Palawan","Culion","MIMAROPA Region","Palawan","Culion",4126,175322000,23213,"175322000","foreign",303
2021,1705322000,"MIMAROPA Region","Palawan","Culion","MIMAROPA Region","Palawan","Culion",4126,175322000,23213,"175322000","overseas",NA
2021,1705322000,"MIMAROPA Region","Palawan","Culion","MIMAROPA Region","Palawan","Culion",4126,175322000,23213,"175322000","domestic",3823
2021,1705914000,"MIMAROPA Region","Romblon","San Jose","MIMAROPA Region","Romblon","San Jose",1328,175914000,11759,"175914000","foreign",15
2021,1705914000,"MIMAROPA Region","Romblon","San Jose","MIMAROPA Region","Romblon","San Jose",1328,175914000,11759,"175914000","overseas",NA
2021,1705914000,"MIMAROPA Region","Romblon","San Jose","MIMAROPA Region","Romblon","San Jose",1328,175914000,11759,"175914000","domestic",1313
2021,1804504000,"Negros Island Region (NIR)","Negros Occidental","Cadiz City","Negros Island Region (NIR)","Negros Occidental","Cadiz",18062,64504000,158544,"064504000","foreign",117
2021,1804504000,"Negros Island Region (NIR)","Negros Occidental","Cadiz City","Negros Island Region (NIR)","Negros Occidental","Cadiz",18062,64504000,158544,"064504000","overseas",NA
2021,1804504000,"Negros Island Region (NIR)","Negros Occidental","Cadiz City","Negros Island Region (NIR)","Negros Occidental","Cadiz",18062,64504000,158544,"064504000","domestic",17945
2021,1804507000,"Negros Island Region (NIR)","Negros Occidental","Cauayan","Negros Island Region (NIR)","Negros Occidental","Cauayan",11821,64507000,108480,"064507000","foreign",67
2021,1804507000,"Negros Island Region (NIR)","Negros Occidental","Cauayan","Negros Island Region (NIR)","Negros Occidental","Cauayan",11821,64507000,108480,"064507000","overseas",NA
2021,1804507000,"Negros Island Region (NIR)","Negros Occidental","Cauayan","Negros Island Region (NIR)","Negros Occidental","Cauayan",11821,64507000,108480,"064507000","domestic",11754
2021,1804511000,"Negros Island Region (NIR)","Negros Occidental","Hinigaran","Negros Island Region (NIR)","Negros Occidental","Hinigaran",8170,64511000,88909,"064511000","foreign",2
2021,1804511000,"Negros Island Region (NIR)","Negros Occidental","Hinigaran","Negros Island Region (NIR)","Negros Occidental","Hinigaran",8170,64511000,88909,"064511000","overseas",NA
2021,1804511000,"Negros Island Region (NIR)","Negros Occidental","Hinigaran","Negros Island Region (NIR)","Negros Occidental","Hinigaran",8170,64511000,88909,"064511000","domestic",8168
2021,1804515000,"Negros Island Region (NIR)","Negros Occidental","Kabankalan City","Negros Island Region (NIR)","Negros Occidental","Kabankalan",42392,64515000,200198,"064515000","foreign",8
2021,1804515000,"Negros Island Region (NIR)","Negros Occidental","Kabankalan City","Negros Island Region (NIR)","Negros Occidental","Kabankalan",42392,64515000,200198,"064515000","overseas",NA
2021,1804515000,"Negros Island Region (NIR)","Negros Occidental","Kabankalan City","Negros Island Region (NIR)","Negros Occidental","Kabankalan",42392,64515000,200198,"064515000","domestic",42384
2021,1804516000,"Negros Island Region (NIR)","Negros Occidental","La Carlota City","Negros Island Region (NIR)","Negros Occidental","La Carlota",5577,64516000,66664,"064516000","foreign",24
2021,1804516000,"Negros Island Region (NIR)","Negros Occidental","La Carlota City","Negros Island Region (NIR)","Negros Occidental","La Carlota",5577,64516000,66664,"064516000","overseas",NA
2021,1804516000,"Negros Island Region (NIR)","Negros Occidental","La Carlota City","Negros Island Region (NIR)","Negros Occidental","La Carlota",5577,64516000,66664,"064516000","domestic",5553
2021,1804518000,"Negros Island Region (NIR)","Negros Occidental","Manapla","Negros Island Region (NIR)","Negros Occidental","Manapla",4041,64518000,55083,"064518000","foreign",14
2021,1804518000,"Negros Island Region (NIR)","Negros Occidental","Manapla","Negros Island Region (NIR)","Negros Occidental","Manapla",4041,64518000,55083,"064518000","overseas",NA
2021,1804518000,"Negros Island Region (NIR)","Negros Occidental","Manapla","Negros Island Region (NIR)","Negros Occidental","Manapla",4041,64518000,55083,"064518000","domestic",4027
2021,1804524000,"Negros Island Region (NIR)","Negros Occidental","San Carlos City","Negros Island Region (NIR)","Negros Occidental","San Carlos",52006,64524000,132650,"064524000","foreign",155
2021,1804524000,"Negros Island Region (NIR)","Negros Occidental","San Carlos City","Negros Island Region (NIR)","Negros Occidental","San Carlos",52006,64524000,132650,"064524000","overseas",NA
2021,1804524000,"Negros Island Region (NIR)","Negros Occidental","San Carlos City","Negros Island Region (NIR)","Negros Occidental","San Carlos",52006,64524000,132650,"064524000","domestic",51851
2021,1804526000,"Negros Island Region (NIR)","Negros Occidental","Silay City","Negros Island Region (NIR)","Negros Occidental","Silay",15235,64526000,130478,"064526000","foreign",4
2021,1804526000,"Negros Island Region (NIR)","Negros Occidental","Silay City","Negros Island Region (NIR)","Negros Occidental","Silay",15235,64526000,130478,"064526000","overseas",NA
2021,1804526000,"Negros Island Region (NIR)","Negros Occidental","Silay City","Negros Island Region (NIR)","Negros Occidental","Silay",15235,64526000,130478,"064526000","domestic",15231
2021,1804527000,"Negros Island Region (NIR)","Negros Occidental","Sipalay City","Negros Island Region (NIR)","Negros Occidental","Sipalay",102612,64527000,72448,"064527000","foreign",211
2021,1804527000,"Negros Island Region (NIR)","Negros Occidental","Sipalay City","Negros Island Region (NIR)","Negros Occidental","Sipalay",102612,64527000,72448,"064527000","overseas",NA
2021,1804527000,"Negros Island Region (NIR)","Negros Occidental","Sipalay City","Negros Island Region (NIR)","Negros Occidental","Sipalay",102612,64527000,72448,"064527000","domestic",102401
2021,1804528000,"Negros Island Region (NIR)","Negros Occidental","Talisay City","Negros Island Region (NIR)","Negros Occidental","Talisay",16241,64528000,108909,"064528000","foreign",30
2021,1804528000,"Negros Island Region (NIR)","Negros Occidental","Talisay City","Negros Island Region (NIR)","Negros Occidental","Talisay",16241,64528000,108909,"064528000","overseas",NA
2021,1804528000,"Negros Island Region (NIR)","Negros Occidental","Talisay City","Negros Island Region (NIR)","Negros Occidental","Talisay",16241,64528000,108909,"064528000","domestic",16211
2021,1804601000,"Negros Island Region (NIR)","Negros Oriental","Amlan","Negros Island Region (NIR)","Negros Oriental","Amlan",3529,74601000,25513,"074601000","foreign",11
2021,1804601000,"Negros Island Region (NIR)","Negros Oriental","Amlan","Negros Island Region (NIR)","Negros Oriental","Amlan",3529,74601000,25513,"074601000","overseas",NA
2021,1804601000,"Negros Island Region (NIR)","Negros Oriental","Amlan","Negros Island Region (NIR)","Negros Oriental","Amlan",3529,74601000,25513,"074601000","domestic",3518
2021,1804606000,"Negros Island Region (NIR)","Negros Oriental","Bayawan City","Negros Island Region (NIR)","Negros Oriental","Bayawan",7837,74606000,122747,"074606000","foreign",16
2021,1804606000,"Negros Island Region (NIR)","Negros Oriental","Bayawan City","Negros Island Region (NIR)","Negros Oriental","Bayawan",7837,74606000,122747,"074606000","overseas",NA
2021,1804606000,"Negros Island Region (NIR)","Negros Oriental","Bayawan City","Negros Island Region (NIR)","Negros Oriental","Bayawan",7837,74606000,122747,"074606000","domestic",7821
2021,1804608000,"Negros Island Region (NIR)","Negros Oriental","Canlaon City","Negros Island Region (NIR)","Negros Oriental","Canlaon",1550,74608000,58822,"074608000","foreign",2
2021,1804608000,"Negros Island Region (NIR)","Negros Oriental","Canlaon City","Negros Island Region (NIR)","Negros Oriental","Canlaon",1550,74608000,58822,"074608000","overseas",NA
2021,1804608000,"Negros Island Region (NIR)","Negros Oriental","Canlaon City","Negros Island Region (NIR)","Negros Oriental","Canlaon",1550,74608000,58822,"074608000","domestic",1548
2021,1804609000,"Negros Island Region (NIR)","Negros Oriental","Dauin","Negros Island Region (NIR)","Negros Oriental","Dauin",13151,74609000,30018,"074609000","foreign",421
2021,1804609000,"Negros Island Region (NIR)","Negros Oriental","Dauin","Negros Island Region (NIR)","Negros Oriental","Dauin",13151,74609000,30018,"074609000","overseas",NA
2021,1804609000,"Negros Island Region (NIR)","Negros Oriental","Dauin","Negros Island Region (NIR)","Negros Oriental","Dauin",13151,74609000,30018,"074609000","domestic",12730
2021,1804610000,"Negros Island Region (NIR)","Negros Oriental","Dumaguete City","Negros Island Region (NIR)","Negros Oriental","Dumaguete",41851,74610000,134103,"074610000","foreign",153
2021,1804610000,"Negros Island Region (NIR)","Negros Oriental","Dumaguete City","Negros Island Region (NIR)","Negros Oriental","Dumaguete",41851,74610000,134103,"074610000","overseas",473
2021,1804610000,"Negros Island Region (NIR)","Negros Oriental","Dumaguete City","Negros Island Region (NIR)","Negros Oriental","Dumaguete",41851,74610000,134103,"074610000","domestic",41225
2021,1804619000,"Negros Island Region (NIR)","Negros Oriental","Siaton","Negros Island Region (NIR)","Negros Oriental","Siaton",2287,74619000,83082,"074619000","foreign",116
2021,1804619000,"Negros Island Region (NIR)","Negros Oriental","Siaton","Negros Island Region (NIR)","Negros Oriental","Siaton",2287,74619000,83082,"074619000","overseas",NA
2021,1804619000,"Negros Island Region (NIR)","Negros Oriental","Siaton","Negros Island Region (NIR)","Negros Oriental","Siaton",2287,74619000,83082,"074619000","domestic",2171
2021,1804623000,"Negros Island Region (NIR)","Negros Oriental","Valencia","Negros Island Region (NIR)","Negros Oriental","Valencia",8677,74623000,38733,"074623000","foreign",79
2021,1804623000,"Negros Island Region (NIR)","Negros Oriental","Valencia","Negros Island Region (NIR)","Negros Oriental","Valencia",8677,74623000,38733,"074623000","overseas",NA
2021,1804623000,"Negros Island Region (NIR)","Negros Oriental","Valencia","Negros Island Region (NIR)","Negros Oriental","Valencia",8677,74623000,38733,"074623000","domestic",8598
2021,1806105000,"Negros Island Region (NIR)","Siquijor","San Juan","Negros Island Region (NIR)","Siquijor","San Juan",6102,76105000,16363,"076105000","foreign",118
2021,1806105000,"Negros Island Region (NIR)","Siquijor","San Juan","Negros Island Region (NIR)","Siquijor","San Juan",6102,76105000,16363,"076105000","overseas",NA
2021,1806105000,"Negros Island Region (NIR)","Siquijor","San Juan","Negros Island Region (NIR)","Siquijor","San Juan",6102,76105000,16363,"076105000","domestic",5984
2021,1806106000,"Negros Island Region (NIR)","Siquijor","Siquijor","Negros Island Region (NIR)","Siquijor","Siquijor",1663,76106000,28915,"076106000","foreign",5
2021,1806106000,"Negros Island Region (NIR)","Siquijor","Siquijor","Negros Island Region (NIR)","Siquijor","Siquijor",1663,76106000,28915,"076106000","overseas",NA
2021,1806106000,"Negros Island Region (NIR)","Siquijor","Siquijor","Negros Island Region (NIR)","Siquijor","Siquijor",1663,76106000,28915,"076106000","domestic",1658
2021,1830200000,"Negros Island Region (NIR)","Negros Occidental","Bacolod City","Negros Island Region (NIR)","Negros Occidental","Bacolod City",147582,64501000,600783,"064501000","foreign",2787
2021,1830200000,"Negros Island Region (NIR)","Negros Occidental","Bacolod City","Negros Island Region (NIR)","Negros Occidental","Bacolod City",147582,64501000,600783,"064501000","overseas",NA
2021,1830200000,"Negros Island Region (NIR)","Negros Occidental","Bacolod City","Negros Island Region (NIR)","Negros Occidental","Bacolod City",147582,64501000,600783,"064501000","domestic",144795
2023,102805000,"Region I (Ilocos Region)","Ilocos Norte","Batac City","Region I  (ILOCOS REGION)","Ilocos Norte","Batac",7582,12805000,55484,"012805000","foreign",275
2023,102805000,"Region I (Ilocos Region)","Ilocos Norte","Batac City","Region I  (ILOCOS REGION)","Ilocos Norte","Batac",7582,12805000,55484,"012805000","overseas",NA
2023,102805000,"Region I (Ilocos Region)","Ilocos Norte","Batac City","Region I  (ILOCOS REGION)","Ilocos Norte","Batac",7582,12805000,55484,"012805000","domestic",7307
2023,102812000,"Region I (Ilocos Region)","Ilocos Norte","Laoag City","Region I  (ILOCOS REGION)","Ilocos Norte","Laoag City",75489,12812000,111651,"012812000","foreign",10397
2023,102812000,"Region I (Ilocos Region)","Ilocos Norte","Laoag City","Region I  (ILOCOS REGION)","Ilocos Norte","Laoag City",75489,12812000,111651,"012812000","overseas",NA
2023,102812000,"Region I (Ilocos Region)","Ilocos Norte","Laoag City","Region I  (ILOCOS REGION)","Ilocos Norte","Laoag City",75489,12812000,111651,"012812000","domestic",65092
2023,102815000,"Region I (Ilocos Region)","Ilocos Norte","Pagudpud","Region I  (ILOCOS REGION)","Ilocos Norte","Pagudpud",115791,12815000,25098,"012815000","foreign",8797
2023,102815000,"Region I (Ilocos Region)","Ilocos Norte","Pagudpud","Region I  (ILOCOS REGION)","Ilocos Norte","Pagudpud",115791,12815000,25098,"012815000","overseas",NA
2023,102815000,"Region I (Ilocos Region)","Ilocos Norte","Pagudpud","Region I  (ILOCOS REGION)","Ilocos Norte","Pagudpud",115791,12815000,25098,"012815000","domestic",106994
2023,102817000,"Region I (Ilocos Region)","Ilocos Norte","Pasuquin","Region I  (ILOCOS REGION)","Ilocos Norte","Pasuquin",278834,12817000,29678,"012817000","foreign",3424
2023,102817000,"Region I (Ilocos Region)","Ilocos Norte","Pasuquin","Region I  (ILOCOS REGION)","Ilocos Norte","Pasuquin",278834,12817000,29678,"012817000","overseas",NA
2023,102817000,"Region I (Ilocos Region)","Ilocos Norte","Pasuquin","Region I  (ILOCOS REGION)","Ilocos Norte","Pasuquin",278834,12817000,29678,"012817000","domestic",275410
2023,102820000,"Region I (Ilocos Region)","Ilocos Norte","San Nicolas","Region I  (ILOCOS REGION)","Ilocos Norte","San Nicolas",36746,12820000,38895,"012820000","foreign",1033
2023,102820000,"Region I (Ilocos Region)","Ilocos Norte","San Nicolas","Region I  (ILOCOS REGION)","Ilocos Norte","San Nicolas",36746,12820000,38895,"012820000","overseas",NA
2023,102820000,"Region I (Ilocos Region)","Ilocos Norte","San Nicolas","Region I  (ILOCOS REGION)","Ilocos Norte","San Nicolas",36746,12820000,38895,"012820000","domestic",35713
2023,102903000,"Region I (Ilocos Region)","Ilocos Sur","Bantay","Region I  (ILOCOS REGION)","Ilocos Sur","Bantay",1736,12903000,37118,"012903000","foreign",25
2023,102903000,"Region I (Ilocos Region)","Ilocos Sur","Bantay","Region I  (ILOCOS REGION)","Ilocos Sur","Bantay",1736,12903000,37118,"012903000","overseas",NA
2023,102903000,"Region I (Ilocos Region)","Ilocos Sur","Bantay","Region I  (ILOCOS REGION)","Ilocos Sur","Bantay",1736,12903000,37118,"012903000","domestic",1711
2023,102905000,"Region I (Ilocos Region)","Ilocos Sur","Cabugao","Region I  (ILOCOS REGION)","Ilocos Sur","Cabugao",660,12905000,38884,"012905000","foreign",48
2023,102905000,"Region I (Ilocos Region)","Ilocos Sur","Cabugao","Region I  (ILOCOS REGION)","Ilocos Sur","Cabugao",660,12905000,38884,"012905000","overseas",NA
2023,102905000,"Region I (Ilocos Region)","Ilocos Sur","Cabugao","Region I  (ILOCOS REGION)","Ilocos Sur","Cabugao",660,12905000,38884,"012905000","domestic",612
2023,102921000,"Region I (Ilocos Region)","Ilocos Sur","San Vicente","Region I  (ILOCOS REGION)","Ilocos Sur","San Vicente",12267,12921000,13118,"012921000","foreign",96
2023,102921000,"Region I (Ilocos Region)","Ilocos Sur","San Vicente","Region I  (ILOCOS REGION)","Ilocos Sur","San Vicente",12267,12921000,13118,"012921000","overseas",NA
2023,102921000,"Region I (Ilocos Region)","Ilocos Sur","San Vicente","Region I  (ILOCOS REGION)","Ilocos Sur","San Vicente",12267,12921000,13118,"012921000","domestic",12171
2023,102923000,"Region I (Ilocos Region)","Ilocos Sur","Santa Catalina","Region I  (ILOCOS REGION)","Ilocos Sur","Santa Catalina",4799,12923000,14493,"012923000","foreign",244
2023,102923000,"Region I (Ilocos Region)","Ilocos Sur","Santa Catalina","Region I  (ILOCOS REGION)","Ilocos Sur","Santa Catalina",4799,12923000,14493,"012923000","overseas",NA
2023,102923000,"Region I (Ilocos Region)","Ilocos Sur","Santa Catalina","Region I  (ILOCOS REGION)","Ilocos Sur","Santa Catalina",4799,12923000,14493,"012923000","domestic",4555
2023,102926000,"Region I (Ilocos Region)","Ilocos Sur","Santa Maria","Region I  (ILOCOS REGION)","Ilocos Sur","Santa Maria",2848,12926000,30006,"012926000","foreign",85
2023,102926000,"Region I (Ilocos Region)","Ilocos Sur","Santa Maria","Region I  (ILOCOS REGION)","Ilocos Sur","Santa Maria",2848,12926000,30006,"012926000","overseas",NA
2023,102926000,"Region I (Ilocos Region)","Ilocos Sur","Santa Maria","Region I  (ILOCOS REGION)","Ilocos Sur","Santa Maria",2848,12926000,30006,"012926000","domestic",2763
2023,102927000,"Region I (Ilocos Region)","Ilocos Sur","Santiago","Region I  (ILOCOS REGION)","Ilocos Sur","Santiago",21182,12927000,19471,"012927000","foreign",2035
2023,102927000,"Region I (Ilocos Region)","Ilocos Sur","Santiago","Region I  (ILOCOS REGION)","Ilocos Sur","Santiago",21182,12927000,19471,"012927000","overseas",NA
2023,102927000,"Region I (Ilocos Region)","Ilocos Sur","Santiago","Region I  (ILOCOS REGION)","Ilocos Sur","Santiago",21182,12927000,19471,"012927000","domestic",19147
2023,102934000,"Region I (Ilocos Region)","Ilocos Sur","Vigan City","Region I  (ILOCOS REGION)","Ilocos Sur","Vigan City",56865,12934000,53935,"012934000","foreign",5937
2023,102934000,"Region I (Ilocos Region)","Ilocos Sur","Vigan City","Region I  (ILOCOS REGION)","Ilocos Sur","Vigan City",56865,12934000,53935,"012934000","overseas",NA
2023,102934000,"Region I (Ilocos Region)","Ilocos Sur","Vigan City","Region I  (ILOCOS REGION)","Ilocos Sur","Vigan City",56865,12934000,53935,"012934000","domestic",50928
2023,103302000,"Region I (Ilocos Region)","La Union","Aringay","Region I  (ILOCOS REGION)","La Union","Aringay",11788,13302000,50380,"013302000","foreign",15
2023,103302000,"Region I (Ilocos Region)","La Union","Aringay","Region I  (ILOCOS REGION)","La Union","Aringay",11788,13302000,50380,"013302000","overseas",17
2023,103302000,"Region I (Ilocos Region)","La Union","Aringay","Region I  (ILOCOS REGION)","La Union","Aringay",11788,13302000,50380,"013302000","domestic",11756
2023,103307000,"Region I (Ilocos Region)","La Union","Bauang","Region I  (ILOCOS REGION)","La Union","Bauang",100762,13307000,78449,"013307000","foreign",605
2023,103307000,"Region I (Ilocos Region)","La Union","Bauang","Region I  (ILOCOS REGION)","La Union","Bauang",100762,13307000,78449,"013307000","overseas",49
2023,103307000,"Region I (Ilocos Region)","La Union","Bauang","Region I  (ILOCOS REGION)","La Union","Bauang",100762,13307000,78449,"013307000","domestic",100108
2023,103309000,"Region I (Ilocos Region)","La Union","Caba","Region I  (ILOCOS REGION)","La Union","Caba",17112,13309000,23119,"013309000","foreign",52
2023,103309000,"Region I (Ilocos Region)","La Union","Caba","Region I  (ILOCOS REGION)","La Union","Caba",17112,13309000,23119,"013309000","overseas",14
2023,103309000,"Region I (Ilocos Region)","La Union","Caba","Region I  (ILOCOS REGION)","La Union","Caba",17112,13309000,23119,"013309000","domestic",17046
2023,103314000,"Region I (Ilocos Region)","La Union","San Fernando City","Region I  (ILOCOS REGION)","La Union","San Fernando City",97726,13314000,125640,"013314000","foreign",1902
2023,103314000,"Region I (Ilocos Region)","La Union","San Fernando City","Region I  (ILOCOS REGION)","La Union","San Fernando City",97726,13314000,125640,"013314000","overseas",114
2023,103314000,"Region I (Ilocos Region)","La Union","San Fernando City","Region I  (ILOCOS REGION)","La Union","San Fernando City",97726,13314000,125640,"013314000","domestic",95710
2023,103316000,"Region I (Ilocos Region)","La Union","San Juan","Region I  (ILOCOS REGION)","La Union","San Juan",215619,13316000,40507,"013316000","foreign",3350
2023,103316000,"Region I (Ilocos Region)","La Union","San Juan","Region I  (ILOCOS REGION)","La Union","San Juan",215619,13316000,40507,"013316000","overseas",306
2023,103316000,"Region I (Ilocos Region)","La Union","San Juan","Region I  (ILOCOS REGION)","La Union","San Juan",215619,13316000,40507,"013316000","domestic",211963
2023,105503000,"Region I (Ilocos Region)","Pangasinan","Alaminos City","Region I  (ILOCOS REGION)","Pangasinan","Alaminos",81372,15503000,99397,"015503000","foreign",2135
2023,105503000,"Region I (Ilocos Region)","Pangasinan","Alaminos City","Region I  (ILOCOS REGION)","Pangasinan","Alaminos",81372,15503000,99397,"015503000","overseas",NA
2023,105503000,"Region I (Ilocos Region)","Pangasinan","Alaminos City","Region I  (ILOCOS REGION)","Pangasinan","Alaminos",81372,15503000,99397,"015503000","domestic",79237
2023,105504000,"Region I (Ilocos Region)","Pangasinan","Alcala","Region I  (ILOCOS REGION)","Pangasinan","Alcala",975,15504000,48908,"015504000","foreign",1
2023,105504000,"Region I (Ilocos Region)","Pangasinan","Alcala","Region I  (ILOCOS REGION)","Pangasinan","Alcala",975,15504000,48908,"015504000","overseas",NA
2023,105504000,"Region I (Ilocos Region)","Pangasinan","Alcala","Region I  (ILOCOS REGION)","Pangasinan","Alcala",975,15504000,48908,"015504000","domestic",974
2023,105505000,"Region I (Ilocos Region)","Pangasinan","Anda","Region I  (ILOCOS REGION)","Pangasinan","Anda",39547,15505000,41548,"015505000","foreign",17
2023,105505000,"Region I (Ilocos Region)","Pangasinan","Anda","Region I  (ILOCOS REGION)","Pangasinan","Anda",39547,15505000,41548,"015505000","overseas",NA
2023,105505000,"Region I (Ilocos Region)","Pangasinan","Anda","Region I  (ILOCOS REGION)","Pangasinan","Anda",39547,15505000,41548,"015505000","domestic",39530
2023,105507000,"Region I (Ilocos Region)","Pangasinan","Balungao","Region I  (ILOCOS REGION)","Pangasinan","Balungao",4397,15507000,30004,"015507000","foreign",32
2023,105507000,"Region I (Ilocos Region)","Pangasinan","Balungao","Region I  (ILOCOS REGION)","Pangasinan","Balungao",4397,15507000,30004,"015507000","overseas",NA
2023,105507000,"Region I (Ilocos Region)","Pangasinan","Balungao","Region I  (ILOCOS REGION)","Pangasinan","Balungao",4397,15507000,30004,"015507000","domestic",4365
2023,105514000,"Region I (Ilocos Region)","Pangasinan","Bolinao","Region I  (ILOCOS REGION)","Pangasinan","Bolinao",212514,15514000,83979,"015514000","foreign",1805
2023,105514000,"Region I (Ilocos Region)","Pangasinan","Bolinao","Region I  (ILOCOS REGION)","Pangasinan","Bolinao",212514,15514000,83979,"015514000","overseas",NA
2023,105514000,"Region I (Ilocos Region)","Pangasinan","Bolinao","Region I  (ILOCOS REGION)","Pangasinan","Bolinao",212514,15514000,83979,"015514000","domestic",210709
2023,105516000,"Region I (Ilocos Region)","Pangasinan","Burgos","Region I  (ILOCOS REGION)","Pangasinan","Burgos",25803,15516000,23749,"015516000","foreign",62
2023,105516000,"Region I (Ilocos Region)","Pangasinan","Burgos","Region I  (ILOCOS REGION)","Pangasinan","Burgos",25803,15516000,23749,"015516000","overseas",NA
2023,105516000,"Region I (Ilocos Region)","Pangasinan","Burgos","Region I  (ILOCOS REGION)","Pangasinan","Burgos",25803,15516000,23749,"015516000","domestic",25741
2023,105519000,"Region I (Ilocos Region)","Pangasinan","Dasol","Region I  (ILOCOS REGION)","Pangasinan","Dasol",114949,15519000,31355,"015519000","foreign",374
2023,105519000,"Region I (Ilocos Region)","Pangasinan","Dasol","Region I  (ILOCOS REGION)","Pangasinan","Dasol",114949,15519000,31355,"015519000","overseas",NA
2023,105519000,"Region I (Ilocos Region)","Pangasinan","Dasol","Region I  (ILOCOS REGION)","Pangasinan","Dasol",114949,15519000,31355,"015519000","domestic",114575
2023,105521000,"Region I (Ilocos Region)","Pangasinan","Labrador","Region I  (ILOCOS REGION)","Pangasinan","Labrador",8503,15521000,26811,"015521000","foreign",614
2023,105521000,"Region I (Ilocos Region)","Pangasinan","Labrador","Region I  (ILOCOS REGION)","Pangasinan","Labrador",8503,15521000,26811,"015521000","overseas",NA
2023,105521000,"Region I (Ilocos Region)","Pangasinan","Labrador","Region I  (ILOCOS REGION)","Pangasinan","Labrador",8503,15521000,26811,"015521000","domestic",7889
2023,105522000,"Region I (Ilocos Region)","Pangasinan","Lingayen","Region I  (ILOCOS REGION)","Pangasinan","Lingayen",25504,15522000,107728,"015522000","foreign",87
2023,105522000,"Region I (Ilocos Region)","Pangasinan","Lingayen","Region I  (ILOCOS REGION)","Pangasinan","Lingayen",25504,15522000,107728,"015522000","overseas",NA
2023,105522000,"Region I (Ilocos Region)","Pangasinan","Lingayen","Region I  (ILOCOS REGION)","Pangasinan","Lingayen",25504,15522000,107728,"015522000","domestic",25417
2023,105533000,"Region I (Ilocos Region)","Pangasinan","San Fabian","Region I  (ILOCOS REGION)","Pangasinan","San Fabian",103522,15533000,87428,"015533000","foreign",4
2023,105533000,"Region I (Ilocos Region)","Pangasinan","San Fabian","Region I  (ILOCOS REGION)","Pangasinan","San Fabian",103522,15533000,87428,"015533000","overseas",NA
2023,105533000,"Region I (Ilocos Region)","Pangasinan","San Fabian","Region I  (ILOCOS REGION)","Pangasinan","San Fabian",103522,15533000,87428,"015533000","domestic",103518
2023,105539000,"Region I (Ilocos Region)","Pangasinan","Santa Maria","Region I  (ILOCOS REGION)","Pangasinan","Santa Maria",2451,15539000,34220,"015539000","foreign",1
2023,105539000,"Region I (Ilocos Region)","Pangasinan","Santa Maria","Region I  (ILOCOS REGION)","Pangasinan","Santa Maria",2451,15539000,34220,"015539000","overseas",NA
2023,105539000,"Region I (Ilocos Region)","Pangasinan","Santa Maria","Region I  (ILOCOS REGION)","Pangasinan","Santa Maria",2451,15539000,34220,"015539000","domestic",2450
2023,105546000,"Region I (Ilocos Region)","Pangasinan","Urdaneta City","Region I  (ILOCOS REGION)","Pangasinan","Urdaneta City",7572,15546000,144577,"015546000","foreign",2
2023,105546000,"Region I (Ilocos Region)","Pangasinan","Urdaneta City","Region I  (ILOCOS REGION)","Pangasinan","Urdaneta City",7572,15546000,144577,"015546000","overseas",NA
2023,105546000,"Region I (Ilocos Region)","Pangasinan","Urdaneta City","Region I  (ILOCOS REGION)","Pangasinan","Urdaneta City",7572,15546000,144577,"015546000","domestic",7570
2023,200901000,"Region II (Cagayan Valley)","Batanes","Basco","Region II  (CAGAYAN VALLEY)","Batanes","Basco",9666,20901000,9517,"020901000","foreign",499
2023,200901000,"Region II (Cagayan Valley)","Batanes","Basco","Region II  (CAGAYAN VALLEY)","Batanes","Basco",9666,20901000,9517,"020901000","overseas",NA
2023,200901000,"Region II (Cagayan Valley)","Batanes","Basco","Region II  (CAGAYAN VALLEY)","Batanes","Basco",9666,20901000,9517,"020901000","domestic",9167
2023,200902000,"Region II (Cagayan Valley)","Batanes","Itbayat","Region II  (CAGAYAN VALLEY)","Batanes","Itbayat",119,20902000,3128,"020902000","foreign",18
2023,200902000,"Region II (Cagayan Valley)","Batanes","Itbayat","Region II  (CAGAYAN VALLEY)","Batanes","Itbayat",119,20902000,3128,"020902000","overseas",NA
2023,200902000,"Region II (Cagayan Valley)","Batanes","Itbayat","Region II  (CAGAYAN VALLEY)","Batanes","Itbayat",119,20902000,3128,"020902000","domestic",101
2023,200904000,"Region II (Cagayan Valley)","Batanes","Mahatao","Region II  (CAGAYAN VALLEY)","Batanes","Mahatao",11,20904000,1703,"020904000","foreign",5
2023,200904000,"Region II (Cagayan Valley)","Batanes","Mahatao","Region II  (CAGAYAN VALLEY)","Batanes","Mahatao",11,20904000,1703,"020904000","overseas",NA
2023,200904000,"Region II (Cagayan Valley)","Batanes","Mahatao","Region II  (CAGAYAN VALLEY)","Batanes","Mahatao",11,20904000,1703,"020904000","domestic",6
2023,200905000,"Region II (Cagayan Valley)","Batanes","Sabtang","Region II  (CAGAYAN VALLEY)","Batanes","Sabtang",332,20905000,1696,"020905000","foreign",4
2023,200905000,"Region II (Cagayan Valley)","Batanes","Sabtang","Region II  (CAGAYAN VALLEY)","Batanes","Sabtang",332,20905000,1696,"020905000","overseas",NA
2023,200905000,"Region II (Cagayan Valley)","Batanes","Sabtang","Region II  (CAGAYAN VALLEY)","Batanes","Sabtang",332,20905000,1696,"020905000","domestic",328
2023,201505000,"Region II (Cagayan Valley)","Cagayan","Aparri","Region II  (CAGAYAN VALLEY)","Cagayan","Aparri",16109,21505000,68839,"021505000","foreign",601
2023,201505000,"Region II (Cagayan Valley)","Cagayan","Aparri","Region II  (CAGAYAN VALLEY)","Cagayan","Aparri",16109,21505000,68839,"021505000","overseas",28
2023,201505000,"Region II (Cagayan Valley)","Cagayan","Aparri","Region II  (CAGAYAN VALLEY)","Cagayan","Aparri",16109,21505000,68839,"021505000","domestic",15480
2023,201516000,"Region II (Cagayan Valley)","Cagayan","Lal-Lo","Region II  (CAGAYAN VALLEY)","Cagayan","Lallo",26584,21516000,48733,"021516000","foreign",46
2023,201516000,"Region II (Cagayan Valley)","Cagayan","Lal-Lo","Region II  (CAGAYAN VALLEY)","Cagayan","Lallo",26584,21516000,48733,"021516000","overseas",NA
2023,201516000,"Region II (Cagayan Valley)","Cagayan","Lal-Lo","Region II  (CAGAYAN VALLEY)","Cagayan","Lallo",26584,21516000,48733,"021516000","domestic",26538
2023,201522000,"Region II (Cagayan Valley)","Cagayan","Sanchez-Mira","Region II  (CAGAYAN VALLEY)","Cagayan","Sanchez Mira",5726,21522000,26164,"021522000","foreign",7
2023,201522000,"Region II (Cagayan Valley)","Cagayan","Sanchez-Mira","Region II  (CAGAYAN VALLEY)","Cagayan","Sanchez Mira",5726,21522000,26164,"021522000","overseas",NA
2023,201522000,"Region II (Cagayan Valley)","Cagayan","Sanchez-Mira","Region II  (CAGAYAN VALLEY)","Cagayan","Sanchez Mira",5726,21522000,26164,"021522000","domestic",5719
2023,201523000,"Region II (Cagayan Valley)","Cagayan","Santa Ana","Region II  (CAGAYAN VALLEY)","Cagayan","Sta. Ana",25505,21523000,35688,"021523000","foreign",267
2023,201523000,"Region II (Cagayan Valley)","Cagayan","Santa Ana","Region II  (CAGAYAN VALLEY)","Cagayan","Sta. Ana",25505,21523000,35688,"021523000","overseas",NA
2023,201523000,"Region II (Cagayan Valley)","Cagayan","Santa Ana","Region II  (CAGAYAN VALLEY)","Cagayan","Sta. Ana",25505,21523000,35688,"021523000","domestic",25238
2023,201524000,"Region II (Cagayan Valley)","Cagayan","Santa Praxedes","Region II  (CAGAYAN VALLEY)","Cagayan","Santa Praxedes",1076,21524000,4434,"021524000","foreign",2
2023,201524000,"Region II (Cagayan Valley)","Cagayan","Santa Praxedes","Region II  (CAGAYAN VALLEY)","Cagayan","Santa Praxedes",1076,21524000,4434,"021524000","overseas",NA
2023,201524000,"Region II (Cagayan Valley)","Cagayan","Santa Praxedes","Region II  (CAGAYAN VALLEY)","Cagayan","Santa Praxedes",1076,21524000,4434,"021524000","domestic",1074
2023,203101000,"Region II (Cagayan Valley)","Isabela","Alicia","Region II  (CAGAYAN VALLEY)","Isabela","Alicia",2909,23101000,73874,"023101000","foreign",107
2023,203101000,"Region II (Cagayan Valley)","Isabela","Alicia","Region II  (CAGAYAN VALLEY)","Isabela","Alicia",2909,23101000,73874,"023101000","overseas",NA
2023,203101000,"Region II (Cagayan Valley)","Isabela","Alicia","Region II  (CAGAYAN VALLEY)","Isabela","Alicia",2909,23101000,73874,"023101000","domestic",2802
2023,203108000,"Region II (Cagayan Valley)","Isabela","Cauayan City","Region II  (CAGAYAN VALLEY)","Isabela","Cauayan City",93302,23108000,143403,"023108000","foreign",2519
2023,203108000,"Region II (Cagayan Valley)","Isabela","Cauayan City","Region II  (CAGAYAN VALLEY)","Isabela","Cauayan City",93302,23108000,143403,"023108000","overseas",NA
2023,203108000,"Region II (Cagayan Valley)","Isabela","Cauayan City","Region II  (CAGAYAN VALLEY)","Isabela","Cauayan City",93302,23108000,143403,"023108000","domestic",90783
2023,203109000,"Region II (Cagayan Valley)","Isabela","Cordon","Region II  (CAGAYAN VALLEY)","Isabela","Cordon",6490,23109000,46477,"023109000","foreign",5
2023,203109000,"Region II (Cagayan Valley)","Isabela","Cordon","Region II  (CAGAYAN VALLEY)","Isabela","Cordon",6490,23109000,46477,"023109000","overseas",NA
2023,203109000,"Region II (Cagayan Valley)","Isabela","Cordon","Region II  (CAGAYAN VALLEY)","Isabela","Cordon",6490,23109000,46477,"023109000","domestic",6485
2023,203111000,"Region II (Cagayan Valley)","Isabela","Divilacan","Region II  (CAGAYAN VALLEY)","Isabela","Divilacan",733,23111000,5827,"023111000","foreign",1
2023,203111000,"Region II (Cagayan Valley)","Isabela","Divilacan","Region II  (CAGAYAN VALLEY)","Isabela","Divilacan",733,23111000,5827,"023111000","overseas",NA
2023,203111000,"Region II (Cagayan Valley)","Isabela","Divilacan","Region II  (CAGAYAN VALLEY)","Isabela","Divilacan",733,23111000,5827,"023111000","domestic",732
2023,203112000,"Region II (Cagayan Valley)","Isabela","Echague","Region II  (CAGAYAN VALLEY)","Isabela","Echague",2044,23112000,88410,"023112000","foreign",2
2023,203112000,"Region II (Cagayan Valley)","Isabela","Echague","Region II  (CAGAYAN VALLEY)","Isabela","Echague",2044,23112000,88410,"023112000","overseas",NA
2023,203112000,"Region II (Cagayan Valley)","Isabela","Echague","Region II  (CAGAYAN VALLEY)","Isabela","Echague",2044,23112000,88410,"023112000","domestic",2042
2023,203114000,"Region II (Cagayan Valley)","Isabela","Ilagan City","Region II  (CAGAYAN VALLEY)","Isabela","Ilagan City",39229,23114000,158218,"023114000","foreign",354
2023,203114000,"Region II (Cagayan Valley)","Isabela","Ilagan City","Region II  (CAGAYAN VALLEY)","Isabela","Ilagan City",39229,23114000,158218,"023114000","overseas",NA
2023,203114000,"Region II (Cagayan Valley)","Isabela","Ilagan City","Region II  (CAGAYAN VALLEY)","Isabela","Ilagan City",39229,23114000,158218,"023114000","domestic",38875
2023,203117000,"Region II (Cagayan Valley)","Isabela","Maconacon","Region II  (CAGAYAN VALLEY)","Isabela","Maconacon",1320,23117000,3977,"023117000","foreign",1
2023,203117000,"Region II (Cagayan Valley)","Isabela","Maconacon","Region II  (CAGAYAN VALLEY)","Isabela","Maconacon",1320,23117000,3977,"023117000","overseas",NA
2023,203117000,"Region II (Cagayan Valley)","Isabela","Maconacon","Region II  (CAGAYAN VALLEY)","Isabela","Maconacon",1320,23117000,3977,"023117000","domestic",1319
2023,203121000,"Region II (Cagayan Valley)","Isabela","Palanan","Region II  (CAGAYAN VALLEY)","Isabela","Palanan",250,23121000,17684,"023121000","foreign",5
2023,203121000,"Region II (Cagayan Valley)","Isabela","Palanan","Region II  (CAGAYAN VALLEY)","Isabela","Palanan",250,23121000,17684,"023121000","overseas",NA
2023,203121000,"Region II (Cagayan Valley)","Isabela","Palanan","Region II  (CAGAYAN VALLEY)","Isabela","Palanan",250,23121000,17684,"023121000","domestic",245
2023,203126000,"Region II (Cagayan Valley)","Isabela","Roxas","Region II  (CAGAYAN VALLEY)","Isabela","Roxas",6800,23126000,65839,"023126000","foreign",11
2023,203126000,"Region II (Cagayan Valley)","Isabela","Roxas","Region II  (CAGAYAN VALLEY)","Isabela","Roxas",6800,23126000,65839,"023126000","overseas",NA
2023,203126000,"Region II (Cagayan Valley)","Isabela","Roxas","Region II  (CAGAYAN VALLEY)","Isabela","Roxas",6800,23126000,65839,"023126000","domestic",6789
2023,203132000,"Region II (Cagayan Valley)","Isabela","San Mateo","Region II  (CAGAYAN VALLEY)","Isabela","San Mateo",68728,23132000,66663,"023132000","foreign",40
2023,203132000,"Region II (Cagayan Valley)","Isabela","San Mateo","Region II  (CAGAYAN VALLEY)","Isabela","San Mateo",68728,23132000,66663,"023132000","overseas",NA
2023,203132000,"Region II (Cagayan Valley)","Isabela","San Mateo","Region II  (CAGAYAN VALLEY)","Isabela","San Mateo",68728,23132000,66663,"023132000","domestic",68688
2023,203135000,"Region II (Cagayan Valley)","Isabela","Santiago City","Region II  (CAGAYAN VALLEY)","Isabela","Santiago City",143471,23135000,148580,"023135000","foreign",3125
2023,203135000,"Region II (Cagayan Valley)","Isabela","Santiago City","Region II  (CAGAYAN VALLEY)","Isabela","Santiago City",143471,23135000,148580,"023135000","overseas",NA
2023,203135000,"Region II (Cagayan Valley)","Isabela","Santiago City","Region II  (CAGAYAN VALLEY)","Isabela","Santiago City",143471,23135000,148580,"023135000","domestic",140346
2023,203137000,"Region II (Cagayan Valley)","Isabela","Tumauini","Region II  (CAGAYAN VALLEY)","Isabela","Tumauini",29014,23137000,70743,"023137000","foreign",14
2023,203137000,"Region II (Cagayan Valley)","Isabela","Tumauini","Region II  (CAGAYAN VALLEY)","Isabela","Tumauini",29014,23137000,70743,"023137000","overseas",NA
2023,203137000,"Region II (Cagayan Valley)","Isabela","Tumauini","Region II  (CAGAYAN VALLEY)","Isabela","Tumauini",29014,23137000,70743,"023137000","domestic",29000
2023,205002000,"Region II (Cagayan Valley)","Nueva Vizcaya","Aritao","Region II  (CAGAYAN VALLEY)","Nueva Vizcaya","Aritao",9001,25002000,42197,"025002000","foreign",138
2023,205002000,"Region II (Cagayan Valley)","Nueva Vizcaya","Aritao","Region II  (CAGAYAN VALLEY)","Nueva Vizcaya","Aritao",9001,25002000,42197,"025002000","overseas",NA
2023,205002000,"Region II (Cagayan Valley)","Nueva Vizcaya","Aritao","Region II  (CAGAYAN VALLEY)","Nueva Vizcaya","Aritao",9001,25002000,42197,"025002000","domestic",8863
2023,205003000,"Region II (Cagayan Valley)","Nueva Vizcaya","Bagabag","Region II  (CAGAYAN VALLEY)","Nueva Vizcaya","Bagabag",869,25003000,37985,"025003000","foreign",52
2023,205003000,"Region II (Cagayan Valley)","Nueva Vizcaya","Bagabag","Region II  (CAGAYAN VALLEY)","Nueva Vizcaya","Bagabag",869,25003000,37985,"025003000","overseas",NA
2023,205003000,"Region II (Cagayan Valley)","Nueva Vizcaya","Bagabag","Region II  (CAGAYAN VALLEY)","Nueva Vizcaya","Bagabag",869,25003000,37985,"025003000","domestic",817
2023,205004000,"Region II (Cagayan Valley)","Nueva Vizcaya","Bambang","Region II  (CAGAYAN VALLEY)","Nueva Vizcaya","Bambang",9003,25004000,55789,"025004000","foreign",327
2023,205004000,"Region II (Cagayan Valley)","Nueva Vizcaya","Bambang","Region II  (CAGAYAN VALLEY)","Nueva Vizcaya","Bambang",9003,25004000,55789,"025004000","overseas",13
2023,205004000,"Region II (Cagayan Valley)","Nueva Vizcaya","Bambang","Region II  (CAGAYAN VALLEY)","Nueva Vizcaya","Bambang",9003,25004000,55789,"025004000","domestic",8663
2023,205005000,"Region II (Cagayan Valley)","Nueva Vizcaya","Bayombong","Region II  (CAGAYAN VALLEY)","Nueva Vizcaya","Bayombong",53870,25005000,67714,"025005000","foreign",224
2023,205005000,"Region II (Cagayan Valley)","Nueva Vizcaya","Bayombong","Region II  (CAGAYAN VALLEY)","Nueva Vizcaya","Bayombong",53870,25005000,67714,"025005000","overseas",NA
2023,205005000,"Region II (Cagayan Valley)","Nueva Vizcaya","Bayombong","Region II  (CAGAYAN VALLEY)","Nueva Vizcaya","Bayombong",53870,25005000,67714,"025005000","domestic",53646
2023,205006000,"Region II (Cagayan Valley)","Nueva Vizcaya","Diadi","Region II  (CAGAYAN VALLEY)","Nueva Vizcaya","Diadi",8238,25006000,19236,"025006000","foreign",50
2023,205006000,"Region II (Cagayan Valley)","Nueva Vizcaya","Diadi","Region II  (CAGAYAN VALLEY)","Nueva Vizcaya","Diadi",8238,25006000,19236,"025006000","overseas",NA
2023,205006000,"Region II (Cagayan Valley)","Nueva Vizcaya","Diadi","Region II  (CAGAYAN VALLEY)","Nueva Vizcaya","Diadi",8238,25006000,19236,"025006000","domestic",8188
2023,205012000,"Region II (Cagayan Valley)","Nueva Vizcaya","Santa Fe","Region II  (CAGAYAN VALLEY)","Nueva Vizcaya","Santa Fe",5624,25012000,18276,"025012000","foreign",11
2023,205012000,"Region II (Cagayan Valley)","Nueva Vizcaya","Santa Fe","Region II  (CAGAYAN VALLEY)","Nueva Vizcaya","Santa Fe",5624,25012000,18276,"025012000","overseas",NA
2023,205012000,"Region II (Cagayan Valley)","Nueva Vizcaya","Santa Fe","Region II  (CAGAYAN VALLEY)","Nueva Vizcaya","Santa Fe",5624,25012000,18276,"025012000","domestic",5613
2023,205013000,"Region II (Cagayan Valley)","Nueva Vizcaya","Solano","Region II  (CAGAYAN VALLEY)","Nueva Vizcaya","Solano",87071,25013000,65287,"025013000","foreign",854
2023,205013000,"Region II (Cagayan Valley)","Nueva Vizcaya","Solano","Region II  (CAGAYAN VALLEY)","Nueva Vizcaya","Solano",87071,25013000,65287,"025013000","overseas",NA
2023,205013000,"Region II (Cagayan Valley)","Nueva Vizcaya","Solano","Region II  (CAGAYAN VALLEY)","Nueva Vizcaya","Solano",87071,25013000,65287,"025013000","domestic",86217
2023,205702000,"Region II (Cagayan Valley)","Quirino","Cabarroguis","Region II  (CAGAYAN VALLEY)","Quirino","Cabarroguis",2482,25702000,33533,"025702000","foreign",8
2023,205702000,"Region II (Cagayan Valley)","Quirino","Cabarroguis","Region II  (CAGAYAN VALLEY)","Quirino","Cabarroguis",2482,25702000,33533,"025702000","overseas",NA
2023,205702000,"Region II (Cagayan Valley)","Quirino","Cabarroguis","Region II  (CAGAYAN VALLEY)","Quirino","Cabarroguis",2482,25702000,33533,"025702000","domestic",2474
2023,300800000,"Region III (Central Luzon)","Bataan","Bataan","Region III  (CENTRAL LUZON)","Bataan","",220020,30800000,853373,"030800000","foreign",4075
2023,300800000,"Region III (Central Luzon)","Bataan","Bataan","Region III  (CENTRAL LUZON)","Bataan","",220020,30800000,853373,"030800000","overseas",51
2023,300800000,"Region III (Central Luzon)","Bataan","Bataan","Region III  (CENTRAL LUZON)","Bataan","",220020,30800000,853373,"030800000","domestic",215894
2023,301400000,"Region III (Central Luzon)","Bulacan","Bulacan","Region III  (CENTRAL LUZON)","Bulacan","",253059,31400000,3708890,"031400000","foreign",5813
2023,301400000,"Region III (Central Luzon)","Bulacan","Bulacan","Region III  (CENTRAL LUZON)","Bulacan","",253059,31400000,3708890,"031400000","overseas",933
2023,301400000,"Region III (Central Luzon)","Bulacan","Bulacan","Region III  (CENTRAL LUZON)","Bulacan","",253059,31400000,3708890,"031400000","domestic",246313
2023,304900000,"Region III (Central Luzon)","Nueva Ecija","Nueva Ecija","Region III  (CENTRAL LUZON)","Nueva Ecija","",267325,34900000,2310134,"034900000","foreign",16517
2023,304900000,"Region III (Central Luzon)","Nueva Ecija","Nueva Ecija","Region III  (CENTRAL LUZON)","Nueva Ecija","",267325,34900000,2310134,"034900000","overseas",204
2023,304900000,"Region III (Central Luzon)","Nueva Ecija","Nueva Ecija","Region III  (CENTRAL LUZON)","Nueva Ecija","",267325,34900000,2310134,"034900000","domestic",250604
2023,305400000,"Region III (Central Luzon)","Pampanga","Pampanga","Region III  (CENTRAL LUZON)","Pampanga","",386868,35400000,2437709,"035400000","foreign",38140
2023,305400000,"Region III (Central Luzon)","Pampanga","Pampanga","Region III  (CENTRAL LUZON)","Pampanga","",386868,35400000,2437709,"035400000","overseas",31
2023,305400000,"Region III (Central Luzon)","Pampanga","Pampanga","Region III  (CENTRAL LUZON)","Pampanga","",386868,35400000,2437709,"035400000","domestic",348697
2023,306900000,"Region III (Central Luzon)","Tarlac","Tarlac","Region III  (CENTRAL LUZON)","Tarlac","",88365,36900000,1503456,"036900000","foreign",3343
2023,306900000,"Region III (Central Luzon)","Tarlac","Tarlac","Region III  (CENTRAL LUZON)","Tarlac","",88365,36900000,1503456,"036900000","overseas",284
2023,306900000,"Region III (Central Luzon)","Tarlac","Tarlac","Region III  (CENTRAL LUZON)","Tarlac","",88365,36900000,1503456,"036900000","domestic",84738
2023,307100000,"Region III (Central Luzon)","Zambales","Zambales","Region III  (CENTRAL LUZON)","Zambales","",951819,37100000,649615,"037100000","foreign",8681
2023,307100000,"Region III (Central Luzon)","Zambales","Zambales","Region III  (CENTRAL LUZON)","Zambales","",951819,37100000,649615,"037100000","overseas",420
2023,307100000,"Region III (Central Luzon)","Zambales","Zambales","Region III  (CENTRAL LUZON)","Zambales","",951819,37100000,649615,"037100000","domestic",942718
2023,307114000,"Region III (Central Luzon)","Zambales","Subic","Region III  (CENTRAL LUZON)","Zambales","Subic",961675,37114000,111912,"037114000","foreign",9414
2023,307114000,"Region III (Central Luzon)","Zambales","Subic","Region III  (CENTRAL LUZON)","Zambales","Subic",961675,37114000,111912,"037114000","overseas",NA
2023,307114000,"Region III (Central Luzon)","Zambales","Subic","Region III  (CENTRAL LUZON)","Zambales","Subic",961675,37114000,111912,"037114000","domestic",952261
2023,330100000,"Region III (Central Luzon)","Pampanga","Angeles City","Region III  (CENTRAL LUZON)","Pampanga","Angeles City",1426685,35401000,462928,"035401000","foreign",553376
2023,330100000,"Region III (Central Luzon)","Pampanga","Angeles City","Region III  (CENTRAL LUZON)","Pampanga","Angeles City",1426685,35401000,462928,"035401000","overseas",79
2023,330100000,"Region III (Central Luzon)","Pampanga","Angeles City","Region III  (CENTRAL LUZON)","Pampanga","Angeles City",1426685,35401000,462928,"035401000","domestic",873230
2023,331400000,"Region III (Central Luzon)","Zambales","Olongapo City","Region III  (CENTRAL LUZON)","Zambales","Olongapo City",52325,37107000,260317,"037107000","foreign",3542
2023,331400000,"Region III (Central Luzon)","Zambales","Olongapo City","Region III  (CENTRAL LUZON)","Zambales","Olongapo City",52325,37107000,260317,"037107000","overseas",NA
2023,331400000,"Region III (Central Luzon)","Zambales","Olongapo City","Region III  (CENTRAL LUZON)","Zambales","Olongapo City",52325,37107000,260317,"037107000","domestic",48783
2023,401005000,"Region IV-A (CALABARZON)","Batangas","Batangas City","Region IV-A (CALABARZON)","Batangas","Batangas City",218176,41005000,351437,"041005000","foreign",13894
2023,401005000,"Region IV-A (CALABARZON)","Batangas","Batangas City","Region IV-A (CALABARZON)","Batangas","Batangas City",218176,41005000,351437,"041005000","overseas",NA
2023,401005000,"Region IV-A (CALABARZON)","Batangas","Batangas City","Region IV-A (CALABARZON)","Batangas","Batangas City",218176,41005000,351437,"041005000","domestic",204282
2023,401010000,"Region IV-A (CALABARZON)","Batangas","Ibaan","Region IV-A (CALABARZON)","Batangas","Ibaan",3600,41010000,58507,"041010000","foreign",6
2023,401010000,"Region IV-A (CALABARZON)","Batangas","Ibaan","Region IV-A (CALABARZON)","Batangas","Ibaan",3600,41010000,58507,"041010000","overseas",NA
2023,401010000,"Region IV-A (CALABARZON)","Batangas","Ibaan","Region IV-A (CALABARZON)","Batangas","Ibaan",3600,41010000,58507,"041010000","domestic",3594
2023,401011000,"Region IV-A (CALABARZON)","Batangas","Laurel","Region IV-A (CALABARZON)","Batangas","Laurel",78236,41011000,43210,"041011000","foreign",2600
2023,401011000,"Region IV-A (CALABARZON)","Batangas","Laurel","Region IV-A (CALABARZON)","Batangas","Laurel",78236,41011000,43210,"041011000","overseas",NA
2023,401011000,"Region IV-A (CALABARZON)","Batangas","Laurel","Region IV-A (CALABARZON)","Batangas","Laurel",78236,41011000,43210,"041011000","domestic",75636
2023,401014000,"Region IV-A (CALABARZON)","Batangas","Lipa City","Region IV-A (CALABARZON)","Batangas","Lipa City",71117,41014000,372931,"041014000","foreign",983
2023,401014000,"Region IV-A (CALABARZON)","Batangas","Lipa City","Region IV-A (CALABARZON)","Batangas","Lipa City",71117,41014000,372931,"041014000","overseas",NA
2023,401014000,"Region IV-A (CALABARZON)","Batangas","Lipa City","Region IV-A (CALABARZON)","Batangas","Lipa City",71117,41014000,372931,"041014000","domestic",70134
2023,401015000,"Region IV-A (CALABARZON)","Batangas","Lobo","Region IV-A (CALABARZON)","Batangas","Lobo",184303,41015000,40736,"041015000","foreign",2838
2023,401015000,"Region IV-A (CALABARZON)","Batangas","Lobo","Region IV-A (CALABARZON)","Batangas","Lobo",184303,41015000,40736,"041015000","overseas",NA
2023,401015000,"Region IV-A (CALABARZON)","Batangas","Lobo","Region IV-A (CALABARZON)","Batangas","Lobo",184303,41015000,40736,"041015000","domestic",181465
2023,401017000,"Region IV-A (CALABARZON)","Batangas","Malvar","Region IV-A (CALABARZON)","Batangas","Malvar",39088,41017000,64379,"041017000","foreign",12212
2023,401017000,"Region IV-A (CALABARZON)","Batangas","Malvar","Region IV-A (CALABARZON)","Batangas","Malvar",39088,41017000,64379,"041017000","overseas",NA
2023,401017000,"Region IV-A (CALABARZON)","Batangas","Malvar","Region IV-A (CALABARZON)","Batangas","Malvar",39088,41017000,64379,"041017000","domestic",26876
2023,401021000,"Region IV-A (CALABARZON)","Batangas","Rosario","Region IV-A (CALABARZON)","Batangas","Rosario",1075,41021000,128352,"041021000","foreign",9
2023,401021000,"Region IV-A (CALABARZON)","Batangas","Rosario","Region IV-A (CALABARZON)","Batangas","Rosario",1075,41021000,128352,"041021000","overseas",NA
2023,401021000,"Region IV-A (CALABARZON)","Batangas","Rosario","Region IV-A (CALABARZON)","Batangas","Rosario",1075,41021000,128352,"041021000","domestic",1066
2023,401028000,"Region IV-A (CALABARZON)","Batangas","Sto. Tomas City","Region IV-A (CALABARZON)","Batangas","Sto. Tomas City",29779,41028000,218500,"041028000","foreign",7102
2023,401028000,"Region IV-A (CALABARZON)","Batangas","Sto. Tomas City","Region IV-A (CALABARZON)","Batangas","Sto. Tomas City",29779,41028000,218500,"041028000","overseas",NA
2023,401028000,"Region IV-A (CALABARZON)","Batangas","Sto. Tomas City","Region IV-A (CALABARZON)","Batangas","Sto. Tomas City",29779,41028000,218500,"041028000","domestic",22677
2023,402101000,"Region IV-A (CALABARZON)","Cavite","Alfonso","Region IV-A (CALABARZON)","Cavite","Alfonso",26144,42101000,59306,"042101000","foreign",319
2023,402101000,"Region IV-A (CALABARZON)","Cavite","Alfonso","Region IV-A (CALABARZON)","Cavite","Alfonso",26144,42101000,59306,"042101000","overseas",NA
2023,402101000,"Region IV-A (CALABARZON)","Cavite","Alfonso","Region IV-A (CALABARZON)","Cavite","Alfonso",26144,42101000,59306,"042101000","domestic",25825
2023,402104000,"Region IV-A (CALABARZON)","Cavite","Carmona City","Region IV-A (CALABARZON)","Cavite","Carmona",4274,42104000,106256,"042104000","foreign",2337
2023,402104000,"Region IV-A (CALABARZON)","Cavite","Carmona City","Region IV-A (CALABARZON)","Cavite","Carmona",4274,42104000,106256,"042104000","overseas",NA
2023,402104000,"Region IV-A (CALABARZON)","Cavite","Carmona City","Region IV-A (CALABARZON)","Cavite","Carmona",4274,42104000,106256,"042104000","domestic",1937
2023,402108000,"Region IV-A (CALABARZON)","Cavite","General Trias City","Region IV-A (CALABARZON)","Cavite","General Trias City",83934,42108000,450583,"042108000","foreign",13395
2023,402108000,"Region IV-A (CALABARZON)","Cavite","General Trias City","Region IV-A (CALABARZON)","Cavite","General Trias City",83934,42108000,450583,"042108000","overseas",NA
2023,402108000,"Region IV-A (CALABARZON)","Cavite","General Trias City","Region IV-A (CALABARZON)","Cavite","General Trias City",83934,42108000,450583,"042108000","domestic",70539
2023,402113000,"Region IV-A (CALABARZON)","Cavite","Maragondon","Region IV-A (CALABARZON)","Cavite","Maragondon",15903,42113000,40687,"042113000","foreign",526
2023,402113000,"Region IV-A (CALABARZON)","Cavite","Maragondon","Region IV-A (CALABARZON)","Cavite","Maragondon",15903,42113000,40687,"042113000","overseas",NA
2023,402113000,"Region IV-A (CALABARZON)","Cavite","Maragondon","Region IV-A (CALABARZON)","Cavite","Maragondon",15903,42113000,40687,"042113000","domestic",15377
2023,402116000,"Region IV-A (CALABARZON)","Cavite","Noveleta","Region IV-A (CALABARZON)","Cavite","Noveleta",2053,42116000,49452,"042116000","foreign",276
2023,402116000,"Region IV-A (CALABARZON)","Cavite","Noveleta","Region IV-A (CALABARZON)","Cavite","Noveleta",2053,42116000,49452,"042116000","overseas",NA
2023,402116000,"Region IV-A (CALABARZON)","Cavite","Noveleta","Region IV-A (CALABARZON)","Cavite","Noveleta",2053,42116000,49452,"042116000","domestic",1777
2023,402117000,"Region IV-A (CALABARZON)","Cavite","Rosario","Region IV-A (CALABARZON)","Cavite","Rosario",8949,42117000,110807,"042117000","foreign",2035
2023,402117000,"Region IV-A (CALABARZON)","Cavite","Rosario","Region IV-A (CALABARZON)","Cavite","Rosario",8949,42117000,110807,"042117000","overseas",NA
2023,402117000,"Region IV-A (CALABARZON)","Cavite","Rosario","Region IV-A (CALABARZON)","Cavite","Rosario",8949,42117000,110807,"042117000","domestic",6914
2023,402118000,"Region IV-A (CALABARZON)","Cavite","Silang","Region IV-A (CALABARZON)","Cavite","Silang",69613,42118000,295644,"042118000","foreign",79
2023,402118000,"Region IV-A (CALABARZON)","Cavite","Silang","Region IV-A (CALABARZON)","Cavite","Silang",69613,42118000,295644,"042118000","overseas",NA
2023,402118000,"Region IV-A (CALABARZON)","Cavite","Silang","Region IV-A (CALABARZON)","Cavite","Silang",69613,42118000,295644,"042118000","domestic",69534
2023,403407000,"Region IV-A (CALABARZON)","Laguna","Cavinti","Region IV-A (CALABARZON)","Laguna","Cavinti",17700,43407000,23980,"043407000","foreign",153
2023,403407000,"Region IV-A (CALABARZON)","Laguna","Cavinti","Region IV-A (CALABARZON)","Laguna","Cavinti",17700,43407000,23980,"043407000","overseas",NA
2023,403407000,"Region IV-A (CALABARZON)","Laguna","Cavinti","Region IV-A (CALABARZON)","Laguna","Cavinti",17700,43407000,23980,"043407000","domestic",17547
2023,403411000,"Region IV-A (CALABARZON)","Laguna","Los Baños","Region IV-A (CALABARZON)","Laguna","Los Baños",68261,43411000,115353,"043411000","foreign",50
2023,403411000,"Region IV-A (CALABARZON)","Laguna","Los Baños","Region IV-A (CALABARZON)","Laguna","Los Baños",68261,43411000,115353,"043411000","overseas",NA
2023,403411000,"Region IV-A (CALABARZON)","Laguna","Los Baños","Region IV-A (CALABARZON)","Laguna","Los Baños",68261,43411000,115353,"043411000","domestic",68211
2023,403413000,"Region IV-A (CALABARZON)","Laguna","Lumban","Region IV-A (CALABARZON)","Laguna","Lumban",34636,43413000,32330,"043413000","foreign",1181
2023,403413000,"Region IV-A (CALABARZON)","Laguna","Lumban","Region IV-A (CALABARZON)","Laguna","Lumban",34636,43413000,32330,"043413000","overseas",NA
2023,403413000,"Region IV-A (CALABARZON)","Laguna","Lumban","Region IV-A (CALABARZON)","Laguna","Lumban",34636,43413000,32330,"043413000","domestic",33455
2023,403416000,"Region IV-A (CALABARZON)","Laguna","Majayjay","Region IV-A (CALABARZON)","Laguna","Majayjay",13437,43416000,27893,"043416000","foreign",39
2023,403416000,"Region IV-A (CALABARZON)","Laguna","Majayjay","Region IV-A (CALABARZON)","Laguna","Majayjay",13437,43416000,27893,"043416000","overseas",NA
2023,403416000,"Region IV-A (CALABARZON)","Laguna","Majayjay","Region IV-A (CALABARZON)","Laguna","Majayjay",13437,43416000,27893,"043416000","domestic",13398
2023,403428000,"Region IV-A (CALABARZON)","Laguna","Santa Rosa City","Region IV-A (CALABARZON)","Laguna","Sta. Rosa City",170782,43428000,414812,"043428000","foreign",52418
2023,403428000,"Region IV-A (CALABARZON)","Laguna","Santa Rosa City","Region IV-A (CALABARZON)","Laguna","Sta. Rosa City",170782,43428000,414812,"043428000","overseas",3969
2023,403428000,"Region IV-A (CALABARZON)","Laguna","Santa Rosa City","Region IV-A (CALABARZON)","Laguna","Sta. Rosa City",170782,43428000,414812,"043428000","domestic",114395
2023,405602000,"Region IV-A (CALABARZON)","Quezon","Alabat","Region IV-A (CALABARZON)","Quezon","Alabat",1239,45602000,15936,"045602000","foreign",1
2023,405602000,"Region IV-A (CALABARZON)","Quezon","Alabat","Region IV-A (CALABARZON)","Quezon","Alabat",1239,45602000,15936,"045602000","overseas",NA
2023,405602000,"Region IV-A (CALABARZON)","Quezon","Alabat","Region IV-A (CALABARZON)","Quezon","Alabat",1239,45602000,15936,"045602000","domestic",1238
2023,405603000,"Region IV-A (CALABARZON)","Quezon","Atimonan","Region IV-A (CALABARZON)","Quezon","Atimonan",25023,45603000,64260,"045603000","foreign",73
2023,405603000,"Region IV-A (CALABARZON)","Quezon","Atimonan","Region IV-A (CALABARZON)","Quezon","Atimonan",25023,45603000,64260,"045603000","overseas",NA
2023,405603000,"Region IV-A (CALABARZON)","Quezon","Atimonan","Region IV-A (CALABARZON)","Quezon","Atimonan",25023,45603000,64260,"045603000","domestic",24950
2023,405621000,"Region IV-A (CALABARZON)","Quezon","Jomalig","Region IV-A (CALABARZON)","Quezon","Jomalig",9375,45621000,7667,"045621000","foreign",18
2023,405621000,"Region IV-A (CALABARZON)","Quezon","Jomalig","Region IV-A (CALABARZON)","Quezon","Jomalig",9375,45621000,7667,"045621000","overseas",NA
2023,405621000,"Region IV-A (CALABARZON)","Quezon","Jomalig","Region IV-A (CALABARZON)","Quezon","Jomalig",9375,45621000,7667,"045621000","domestic",9357
2023,405808000,"Region IV-A (CALABARZON)","Rizal","Rodriguez","Region IV-A (CALABARZON)","Rizal","Rodriguez",1795546,45808000,443954,"045808000","foreign",68
2023,405808000,"Region IV-A (CALABARZON)","Rizal","Rodriguez","Region IV-A (CALABARZON)","Rizal","Rodriguez",1795546,45808000,443954,"045808000","overseas",NA
2023,405808000,"Region IV-A (CALABARZON)","Rizal","Rodriguez","Region IV-A (CALABARZON)","Rizal","Rodriguez",1795546,45808000,443954,"045808000","domestic",1795478
2023,405812000,"Region IV-A (CALABARZON)","Rizal","Tanay","Region IV-A (CALABARZON)","Rizal","Tanay",702343,45812000,139420,"045812000","foreign",145
2023,405812000,"Region IV-A (CALABARZON)","Rizal","Tanay","Region IV-A (CALABARZON)","Rizal","Tanay",702343,45812000,139420,"045812000","overseas",NA
2023,405812000,"Region IV-A (CALABARZON)","Rizal","Tanay","Region IV-A (CALABARZON)","Rizal","Tanay",702343,45812000,139420,"045812000","domestic",702198
2023,431200000,"Region IV-A (CALABARZON)","Quezon","Lucena City","Region IV-A (CALABARZON)","Quezon","Lucena City",98582,45624000,278924,"045624000","foreign",428
2023,431200000,"Region IV-A (CALABARZON)","Quezon","Lucena City","Region IV-A (CALABARZON)","Quezon","Lucena City",98582,45624000,278924,"045624000","overseas",NA
2023,431200000,"Region IV-A (CALABARZON)","Quezon","Lucena City","Region IV-A (CALABARZON)","Quezon","Lucena City",98582,45624000,278924,"045624000","domestic",98154
2023,500501000,"Region V (Bicol Region)","Albay","Bacacay","Region V  (BICOL REGION)","Albay","Bacacay",28041,50501000,72485,"050501000","foreign",751
2023,500501000,"Region V (Bicol Region)","Albay","Bacacay","Region V  (BICOL REGION)","Albay","Bacacay",28041,50501000,72485,"050501000","overseas",NA
2023,500501000,"Region V (Bicol Region)","Albay","Bacacay","Region V  (BICOL REGION)","Albay","Bacacay",28041,50501000,72485,"050501000","domestic",27290
2023,500502000,"Region V (Bicol Region)","Albay","Camalig","Region V  (BICOL REGION)","Albay","Camalig",1727,50502000,72042,"050502000","foreign",53
2023,500502000,"Region V (Bicol Region)","Albay","Camalig","Region V  (BICOL REGION)","Albay","Camalig",1727,50502000,72042,"050502000","overseas",NA
2023,500502000,"Region V (Bicol Region)","Albay","Camalig","Region V  (BICOL REGION)","Albay","Camalig",1727,50502000,72042,"050502000","domestic",1674
2023,500503000,"Region V (Bicol Region)","Albay","Daraga","Region V  (BICOL REGION)","Albay","Daraga",53181,50503000,133893,"050503000","foreign",874
2023,500503000,"Region V (Bicol Region)","Albay","Daraga","Region V  (BICOL REGION)","Albay","Daraga",53181,50503000,133893,"050503000","overseas",NA
2023,500503000,"Region V (Bicol Region)","Albay","Daraga","Region V  (BICOL REGION)","Albay","Daraga",53181,50503000,133893,"050503000","domestic",52307
2023,500504000,"Region V (Bicol Region)","Albay","Guinobatan","Region V  (BICOL REGION)","Albay","Guinobatan",44968,50504000,85786,"050504000","foreign",119
2023,500504000,"Region V (Bicol Region)","Albay","Guinobatan","Region V  (BICOL REGION)","Albay","Guinobatan",44968,50504000,85786,"050504000","overseas",NA
2023,500504000,"Region V (Bicol Region)","Albay","Guinobatan","Region V  (BICOL REGION)","Albay","Guinobatan",44968,50504000,85786,"050504000","domestic",44849
2023,500505000,"Region V (Bicol Region)","Albay","Jovellar","Region V  (BICOL REGION)","Albay","Jovellar",24162,50505000,17795,"050505000","foreign",185
2023,500505000,"Region V (Bicol Region)","Albay","Jovellar","Region V  (BICOL REGION)","Albay","Jovellar",24162,50505000,17795,"050505000","overseas",NA
2023,500505000,"Region V (Bicol Region)","Albay","Jovellar","Region V  (BICOL REGION)","Albay","Jovellar",24162,50505000,17795,"050505000","domestic",23977
2023,500506000,"Region V (Bicol Region)","Albay","Legazpi City","Region V  (BICOL REGION)","Albay","Legazpi City",523763,50506000,209533,"050506000","foreign",7525
2023,500506000,"Region V (Bicol Region)","Albay","Legazpi City","Region V  (BICOL REGION)","Albay","Legazpi City",523763,50506000,209533,"050506000","overseas",NA
2023,500506000,"Region V (Bicol Region)","Albay","Legazpi City","Region V  (BICOL REGION)","Albay","Legazpi City",523763,50506000,209533,"050506000","domestic",516238
2023,500507000,"Region V (Bicol Region)","Albay","Libon","Region V  (BICOL REGION)","Albay","Libon",6216,50507000,75073,"050507000","foreign",11
2023,500507000,"Region V (Bicol Region)","Albay","Libon","Region V  (BICOL REGION)","Albay","Libon",6216,50507000,75073,"050507000","overseas",NA
2023,500507000,"Region V (Bicol Region)","Albay","Libon","Region V  (BICOL REGION)","Albay","Libon",6216,50507000,75073,"050507000","domestic",6205
2023,500508000,"Region V (Bicol Region)","Albay","Ligao City","Region V  (BICOL REGION)","Albay","Ligao City",120749,50508000,118096,"050508000","foreign",141
2023,500508000,"Region V (Bicol Region)","Albay","Ligao City","Region V  (BICOL REGION)","Albay","Ligao City",120749,50508000,118096,"050508000","overseas",NA
2023,500508000,"Region V (Bicol Region)","Albay","Ligao City","Region V  (BICOL REGION)","Albay","Ligao City",120749,50508000,118096,"050508000","domestic",120608
2023,500509000,"Region V (Bicol Region)","Albay","Malilipot","Region V  (BICOL REGION)","Albay","Malilipot",24370,50509000,40857,"050509000","foreign",259
2023,500509000,"Region V (Bicol Region)","Albay","Malilipot","Region V  (BICOL REGION)","Albay","Malilipot",24370,50509000,40857,"050509000","overseas",NA
2023,500509000,"Region V (Bicol Region)","Albay","Malilipot","Region V  (BICOL REGION)","Albay","Malilipot",24370,50509000,40857,"050509000","domestic",24111
2023,500510000,"Region V (Bicol Region)","Albay","Malinao","Region V  (BICOL REGION)","Albay","Malinao",3189,50510000,47395,"050510000","foreign",67
2023,500510000,"Region V (Bicol Region)","Albay","Malinao","Region V  (BICOL REGION)","Albay","Malinao",3189,50510000,47395,"050510000","overseas",NA
2023,500510000,"Region V (Bicol Region)","Albay","Malinao","Region V  (BICOL REGION)","Albay","Malinao",3189,50510000,47395,"050510000","domestic",3122
2023,500512000,"Region V (Bicol Region)","Albay","Oas","Region V  (BICOL REGION)","Albay","Oas",36724,50512000,66084,"050512000","foreign",328
2023,500512000,"Region V (Bicol Region)","Albay","Oas","Region V  (BICOL REGION)","Albay","Oas",36724,50512000,66084,"050512000","overseas",NA
2023,500512000,"Region V (Bicol Region)","Albay","Oas","Region V  (BICOL REGION)","Albay","Oas",36724,50512000,66084,"050512000","domestic",36396
2023,500513000,"Region V (Bicol Region)","Albay","Pio Duran","Region V  (BICOL REGION)","Albay","Pio Duran",37615,50513000,49070,"050513000","foreign",5
2023,500513000,"Region V (Bicol Region)","Albay","Pio Duran","Region V  (BICOL REGION)","Albay","Pio Duran",37615,50513000,49070,"050513000","overseas",NA
2023,500513000,"Region V (Bicol Region)","Albay","Pio Duran","Region V  (BICOL REGION)","Albay","Pio Duran",37615,50513000,49070,"050513000","domestic",37610
2023,500514000,"Region V (Bicol Region)","Albay","Polangui","Region V  (BICOL REGION)","Albay","Polangui",7325,50514000,89176,"050514000","foreign",104
2023,500514000,"Region V (Bicol Region)","Albay","Polangui","Region V  (BICOL REGION)","Albay","Polangui",7325,50514000,89176,"050514000","overseas",NA
2023,500514000,"Region V (Bicol Region)","Albay","Polangui","Region V  (BICOL REGION)","Albay","Polangui",7325,50514000,89176,"050514000","domestic",7221
2023,500516000,"Region V (Bicol Region)","Albay","Santo Domingo","Region V  (BICOL REGION)","Albay","Sto. Domingo",55772,50516000,37765,"050516000","foreign",264
2023,500516000,"Region V (Bicol Region)","Albay","Santo Domingo","Region V  (BICOL REGION)","Albay","Sto. Domingo",55772,50516000,37765,"050516000","overseas",NA
2023,500516000,"Region V (Bicol Region)","Albay","Santo Domingo","Region V  (BICOL REGION)","Albay","Sto. Domingo",55772,50516000,37765,"050516000","domestic",55508
2023,500517000,"Region V (Bicol Region)","Albay","Tabaco City","Region V  (BICOL REGION)","Albay","Tabaco City",99584,50517000,140961,"050517000","foreign",117
2023,500517000,"Region V (Bicol Region)","Albay","Tabaco City","Region V  (BICOL REGION)","Albay","Tabaco City",99584,50517000,140961,"050517000","overseas",NA
2023,500517000,"Region V (Bicol Region)","Albay","Tabaco City","Region V  (BICOL REGION)","Albay","Tabaco City",99584,50517000,140961,"050517000","domestic",99467
2023,500518000,"Region V (Bicol Region)","Albay","Tiwi","Region V  (BICOL REGION)","Albay","Tiwi",6120,50518000,56444,"050518000","foreign",22
2023,500518000,"Region V (Bicol Region)","Albay","Tiwi","Region V  (BICOL REGION)","Albay","Tiwi",6120,50518000,56444,"050518000","overseas",NA
2023,500518000,"Region V (Bicol Region)","Albay","Tiwi","Region V  (BICOL REGION)","Albay","Tiwi",6120,50518000,56444,"050518000","domestic",6098
2023,501602000,"Region V (Bicol Region)","Camarines Norte","Capalonga","Region V  (BICOL REGION)","Camarines Norte","Capalonga",83455,51602000,36223,"051602000","foreign",138
2023,501602000,"Region V (Bicol Region)","Camarines Norte","Capalonga","Region V  (BICOL REGION)","Camarines Norte","Capalonga",83455,51602000,36223,"051602000","overseas",NA
2023,501602000,"Region V (Bicol Region)","Camarines Norte","Capalonga","Region V  (BICOL REGION)","Camarines Norte","Capalonga",83455,51602000,36223,"051602000","domestic",83317
2023,501603000,"Region V (Bicol Region)","Camarines Norte","Daet","Region V  (BICOL REGION)","Camarines Norte","Daet",465679,51603000,111700,"051603000","foreign",453
2023,501603000,"Region V (Bicol Region)","Camarines Norte","Daet","Region V  (BICOL REGION)","Camarines Norte","Daet",465679,51603000,111700,"051603000","overseas",235
2023,501603000,"Region V (Bicol Region)","Camarines Norte","Daet","Region V  (BICOL REGION)","Camarines Norte","Daet",465679,51603000,111700,"051603000","domestic",464991
2023,501606000,"Region V (Bicol Region)","Camarines Norte","Labo","Region V  (BICOL REGION)","Camarines Norte","Labo",71395,51606000,109245,"051606000","foreign",75
2023,501606000,"Region V (Bicol Region)","Camarines Norte","Labo","Region V  (BICOL REGION)","Camarines Norte","Labo",71395,51606000,109245,"051606000","overseas",NA
2023,501606000,"Region V (Bicol Region)","Camarines Norte","Labo","Region V  (BICOL REGION)","Camarines Norte","Labo",71395,51606000,109245,"051606000","domestic",71320
2023,501607000,"Region V (Bicol Region)","Camarines Norte","Mercedes","Region V  (BICOL REGION)","Camarines Norte","Mercedes",165784,51607000,55334,"051607000","foreign",5
2023,501607000,"Region V (Bicol Region)","Camarines Norte","Mercedes","Region V  (BICOL REGION)","Camarines Norte","Mercedes",165784,51607000,55334,"051607000","overseas",NA
2023,501607000,"Region V (Bicol Region)","Camarines Norte","Mercedes","Region V  (BICOL REGION)","Camarines Norte","Mercedes",165784,51607000,55334,"051607000","domestic",165779
2023,501612000,"Region V (Bicol Region)","Camarines Norte","Vinzons","Region V  (BICOL REGION)","Camarines Norte","Vinzons",210157,51612000,49042,"051612000","foreign",218
2023,501612000,"Region V (Bicol Region)","Camarines Norte","Vinzons","Region V  (BICOL REGION)","Camarines Norte","Vinzons",210157,51612000,49042,"051612000","overseas",948
2023,501612000,"Region V (Bicol Region)","Camarines Norte","Vinzons","Region V  (BICOL REGION)","Camarines Norte","Vinzons",210157,51612000,49042,"051612000","domestic",208991
2023,501702000,"Region V (Bicol Region)","Camarines Sur","Balatan","Region V  (BICOL REGION)","Camarines Sur","Balatan",21497,51702000,30669,"051702000","foreign",33
2023,501702000,"Region V (Bicol Region)","Camarines Sur","Balatan","Region V  (BICOL REGION)","Camarines Sur","Balatan",21497,51702000,30669,"051702000","overseas",NA
2023,501702000,"Region V (Bicol Region)","Camarines Sur","Balatan","Region V  (BICOL REGION)","Camarines Sur","Balatan",21497,51702000,30669,"051702000","domestic",21464
2023,501708000,"Region V (Bicol Region)","Camarines Sur","Calabanga","Region V  (BICOL REGION)","Camarines Sur","Calabanga",22038,51708000,88906,"051708000","foreign",31
2023,501708000,"Region V (Bicol Region)","Camarines Sur","Calabanga","Region V  (BICOL REGION)","Camarines Sur","Calabanga",22038,51708000,88906,"051708000","overseas",NA
2023,501708000,"Region V (Bicol Region)","Camarines Sur","Calabanga","Region V  (BICOL REGION)","Camarines Sur","Calabanga",22038,51708000,88906,"051708000","domestic",22007
2023,501710000,"Region V (Bicol Region)","Camarines Sur","Canaman","Region V  (BICOL REGION)","Camarines Sur","Canaman",545,51710000,36205,"051710000","foreign",182
2023,501710000,"Region V (Bicol Region)","Camarines Sur","Canaman","Region V  (BICOL REGION)","Camarines Sur","Canaman",545,51710000,36205,"051710000","overseas",NA
2023,501710000,"Region V (Bicol Region)","Camarines Sur","Canaman","Region V  (BICOL REGION)","Camarines Sur","Canaman",545,51710000,36205,"051710000","domestic",363
2023,501711000,"Region V (Bicol Region)","Camarines Sur","Caramoan","Region V  (BICOL REGION)","Camarines Sur","Caramoan",55610,51711000,51728,"051711000","foreign",8582
2023,501711000,"Region V (Bicol Region)","Camarines Sur","Caramoan","Region V  (BICOL REGION)","Camarines Sur","Caramoan",55610,51711000,51728,"051711000","overseas",NA
2023,501711000,"Region V (Bicol Region)","Camarines Sur","Caramoan","Region V  (BICOL REGION)","Camarines Sur","Caramoan",55610,51711000,51728,"051711000","domestic",47028
2023,501716000,"Region V (Bicol Region)","Camarines Sur","Iriga City","Region V  (BICOL REGION)","Camarines Sur","Iriga City",14219,51716000,114457,"051716000","foreign",1275
2023,501716000,"Region V (Bicol Region)","Camarines Sur","Iriga City","Region V  (BICOL REGION)","Camarines Sur","Iriga City",14219,51716000,114457,"051716000","overseas",NA
2023,501716000,"Region V (Bicol Region)","Camarines Sur","Iriga City","Region V  (BICOL REGION)","Camarines Sur","Iriga City",14219,51716000,114457,"051716000","domestic",12944
2023,501718000,"Region V (Bicol Region)","Camarines Sur","Libmanan","Region V  (BICOL REGION)","Camarines Sur","Libmanan",14529,51718000,112994,"051718000","foreign",27
2023,501718000,"Region V (Bicol Region)","Camarines Sur","Libmanan","Region V  (BICOL REGION)","Camarines Sur","Libmanan",14529,51718000,112994,"051718000","overseas",NA
2023,501718000,"Region V (Bicol Region)","Camarines Sur","Libmanan","Region V  (BICOL REGION)","Camarines Sur","Libmanan",14529,51718000,112994,"051718000","domestic",14502
2023,501723000,"Region V (Bicol Region)","Camarines Sur","Nabua","Region V  (BICOL REGION)","Camarines Sur","Nabua",11899,51723000,86490,"051723000","foreign",5
2023,501723000,"Region V (Bicol Region)","Camarines Sur","Nabua","Region V  (BICOL REGION)","Camarines Sur","Nabua",11899,51723000,86490,"051723000","overseas",NA
2023,501723000,"Region V (Bicol Region)","Camarines Sur","Nabua","Region V  (BICOL REGION)","Camarines Sur","Nabua",11899,51723000,86490,"051723000","domestic",11894
2023,501724000,"Region V (Bicol Region)","Camarines Sur","Naga City","Region V  (BICOL REGION)","Camarines Sur","Naga City",1034332,51724000,209170,"051724000","foreign",51952
2023,501724000,"Region V (Bicol Region)","Camarines Sur","Naga City","Region V  (BICOL REGION)","Camarines Sur","Naga City",1034332,51724000,209170,"051724000","overseas",NA
2023,501724000,"Region V (Bicol Region)","Camarines Sur","Naga City","Region V  (BICOL REGION)","Camarines Sur","Naga City",1034332,51724000,209170,"051724000","domestic",982380
2023,501728000,"Region V (Bicol Region)","Camarines Sur","Pili","Region V  (BICOL REGION)","Camarines Sur","Pili",77613,51728000,99196,"051728000","foreign",441
2023,501728000,"Region V (Bicol Region)","Camarines Sur","Pili","Region V  (BICOL REGION)","Camarines Sur","Pili",77613,51728000,99196,"051728000","overseas",120
2023,501728000,"Region V (Bicol Region)","Camarines Sur","Pili","Region V  (BICOL REGION)","Camarines Sur","Pili",77613,51728000,99196,"051728000","domestic",77052
2023,502002000,"Region V (Bicol Region)","Catanduanes","Baras","Region V  (BICOL REGION)","Catanduanes","Baras",17786,52002000,13484,"052002000","foreign",991
2023,502002000,"Region V (Bicol Region)","Catanduanes","Baras","Region V  (BICOL REGION)","Catanduanes","Baras",17786,52002000,13484,"052002000","overseas",NA
2023,502002000,"Region V (Bicol Region)","Catanduanes","Baras","Region V  (BICOL REGION)","Catanduanes","Baras",17786,52002000,13484,"052002000","domestic",16795
2023,502005000,"Region V (Bicol Region)","Catanduanes","Gigmoto","Region V  (BICOL REGION)","Catanduanes","Gigmoto",205,52005000,8712,"052005000","foreign",31
2023,502005000,"Region V (Bicol Region)","Catanduanes","Gigmoto","Region V  (BICOL REGION)","Catanduanes","Gigmoto",205,52005000,8712,"052005000","overseas",NA
2023,502005000,"Region V (Bicol Region)","Catanduanes","Gigmoto","Region V  (BICOL REGION)","Catanduanes","Gigmoto",205,52005000,8712,"052005000","domestic",174
2023,502006000,"Region V (Bicol Region)","Catanduanes","Pandan","Region V  (BICOL REGION)","Catanduanes","Pandan",5902,52006000,21473,"052006000","foreign",4
2023,502006000,"Region V (Bicol Region)","Catanduanes","Pandan","Region V  (BICOL REGION)","Catanduanes","Pandan",5902,52006000,21473,"052006000","overseas",NA
2023,502006000,"Region V (Bicol Region)","Catanduanes","Pandan","Region V  (BICOL REGION)","Catanduanes","Pandan",5902,52006000,21473,"052006000","domestic",5898
2023,502009000,"Region V (Bicol Region)","Catanduanes","San Miguel","Region V  (BICOL REGION)","Catanduanes","San Miguel",490,52009000,15680,"052009000","foreign",1
2023,502009000,"Region V (Bicol Region)","Catanduanes","San Miguel","Region V  (BICOL REGION)","Catanduanes","San Miguel",490,52009000,15680,"052009000","overseas",NA
2023,502009000,"Region V (Bicol Region)","Catanduanes","San Miguel","Region V  (BICOL REGION)","Catanduanes","San Miguel",490,52009000,15680,"052009000","domestic",489
2023,502011000,"Region V (Bicol Region)","Catanduanes","Virac","Region V  (BICOL REGION)","Catanduanes","Virac",95083,52011000,76520,"052011000","foreign",386
2023,502011000,"Region V (Bicol Region)","Catanduanes","Virac","Region V  (BICOL REGION)","Catanduanes","Virac",95083,52011000,76520,"052011000","overseas",NA
2023,502011000,"Region V (Bicol Region)","Catanduanes","Virac","Region V  (BICOL REGION)","Catanduanes","Virac",95083,52011000,76520,"052011000","domestic",94697
2023,504103000,"Region V (Bicol Region)","Masbate","Balud","Region V  (BICOL REGION)","Masbate","Balud",54907,54103000,40155,"054103000","foreign",112
2023,504103000,"Region V (Bicol Region)","Masbate","Balud","Region V  (BICOL REGION)","Masbate","Balud",54907,54103000,40155,"054103000","overseas",NA
2023,504103000,"Region V (Bicol Region)","Masbate","Balud","Region V  (BICOL REGION)","Masbate","Balud",54907,54103000,40155,"054103000","domestic",54795
2023,504104000,"Region V (Bicol Region)","Masbate","Batuan","Region V  (BICOL REGION)","Masbate","Batuan",1593,54104000,14610,"054104000","foreign",103
2023,504104000,"Region V (Bicol Region)","Masbate","Batuan","Region V  (BICOL REGION)","Masbate","Batuan",1593,54104000,14610,"054104000","overseas",NA
2023,504104000,"Region V (Bicol Region)","Masbate","Batuan","Region V  (BICOL REGION)","Masbate","Batuan",1593,54104000,14610,"054104000","domestic",1490
2023,504111000,"Region V (Bicol Region)","Masbate","Masbate City","Region V  (BICOL REGION)","Masbate","Masbate City",78005,54111000,104522,"054111000","foreign",720
2023,504111000,"Region V (Bicol Region)","Masbate","Masbate City","Region V  (BICOL REGION)","Masbate","Masbate City",78005,54111000,104522,"054111000","overseas",NA
2023,504111000,"Region V (Bicol Region)","Masbate","Masbate City","Region V  (BICOL REGION)","Masbate","Masbate City",78005,54111000,104522,"054111000","domestic",77285
2023,504113000,"Region V (Bicol Region)","Masbate","Mobo","Region V  (BICOL REGION)","Masbate","Mobo",598,54113000,40823,"054113000","foreign",138
2023,504113000,"Region V (Bicol Region)","Masbate","Mobo","Region V  (BICOL REGION)","Masbate","Mobo",598,54113000,40823,"054113000","overseas",NA
2023,504113000,"Region V (Bicol Region)","Masbate","Mobo","Region V  (BICOL REGION)","Masbate","Mobo",598,54113000,40823,"054113000","domestic",460
2023,504117000,"Region V (Bicol Region)","Masbate","Placer","Region V  (BICOL REGION)","Masbate","Placer",5339,54117000,56340,"054117000","foreign",15
2023,504117000,"Region V (Bicol Region)","Masbate","Placer","Region V  (BICOL REGION)","Masbate","Placer",5339,54117000,56340,"054117000","overseas",NA
2023,504117000,"Region V (Bicol Region)","Masbate","Placer","Region V  (BICOL REGION)","Masbate","Placer",5339,54117000,56340,"054117000","domestic",5324
2023,504119000,"Region V (Bicol Region)","Masbate","San Jacinto","Region V  (BICOL REGION)","Masbate","San Jacinto",1204,54119000,29686,"054119000","foreign",88
2023,504119000,"Region V (Bicol Region)","Masbate","San Jacinto","Region V  (BICOL REGION)","Masbate","San Jacinto",1204,54119000,29686,"054119000","overseas",NA
2023,504119000,"Region V (Bicol Region)","Masbate","San Jacinto","Region V  (BICOL REGION)","Masbate","San Jacinto",1204,54119000,29686,"054119000","domestic",1116
2023,504120000,"Region V (Bicol Region)","Masbate","San Pascual","Region V  (BICOL REGION)","Masbate","San Pascual",14021,54120000,44449,"054120000","foreign",27
2023,504120000,"Region V (Bicol Region)","Masbate","San Pascual","Region V  (BICOL REGION)","Masbate","San Pascual",14021,54120000,44449,"054120000","overseas",NA
2023,504120000,"Region V (Bicol Region)","Masbate","San Pascual","Region V  (BICOL REGION)","Masbate","San Pascual",14021,54120000,44449,"054120000","domestic",13994
2023,506203000,"Region V (Bicol Region)","Sorsogon","Bulan","Region V  (BICOL REGION)","Sorsogon Province","Bulan",19030,56203000,105190,"056203000","foreign",67
2023,506203000,"Region V (Bicol Region)","Sorsogon","Bulan","Region V  (BICOL REGION)","Sorsogon Province","Bulan",19030,56203000,105190,"056203000","overseas",NA
2023,506203000,"Region V (Bicol Region)","Sorsogon","Bulan","Region V  (BICOL REGION)","Sorsogon Province","Bulan",19030,56203000,105190,"056203000","domestic",18963
2023,506204000,"Region V (Bicol Region)","Sorsogon","Bulusan","Region V  (BICOL REGION)","Sorsogon Province","Bulusan",1418,56204000,23932,"056204000","foreign",6
2023,506204000,"Region V (Bicol Region)","Sorsogon","Bulusan","Region V  (BICOL REGION)","Sorsogon Province","Bulusan",1418,56204000,23932,"056204000","overseas",NA
2023,506204000,"Region V (Bicol Region)","Sorsogon","Bulusan","Region V  (BICOL REGION)","Sorsogon Province","Bulusan",1418,56204000,23932,"056204000","domestic",1412
2023,506208000,"Region V (Bicol Region)","Sorsogon","Gubat","Region V  (BICOL REGION)","Sorsogon Province","Gubat",1217,56208000,60294,"056208000","foreign",2
2023,506208000,"Region V (Bicol Region)","Sorsogon","Gubat","Region V  (BICOL REGION)","Sorsogon Province","Gubat",1217,56208000,60294,"056208000","overseas",NA
2023,506208000,"Region V (Bicol Region)","Sorsogon","Gubat","Region V  (BICOL REGION)","Sorsogon Province","Gubat",1217,56208000,60294,"056208000","domestic",1215
2023,506208000,"Region V (Bicol Region)","Sorsogon","Gubat","Region V  (BICOL REGION)","Sorsogon Province","Jubat",356,56208000,60294,"056208000","foreign",17
2023,506208000,"Region V (Bicol Region)","Sorsogon","Gubat","Region V  (BICOL REGION)","Sorsogon Province","Jubat",356,56208000,60294,"056208000","overseas",NA
2023,506208000,"Region V (Bicol Region)","Sorsogon","Gubat","Region V  (BICOL REGION)","Sorsogon Province","Jubat",356,56208000,60294,"056208000","domestic",339
2023,506211000,"Region V (Bicol Region)","Sorsogon","Magallanes","Region V  (BICOL REGION)","Sorsogon Province","Magallanes",388,56211000,37411,"056211000","foreign",23
2023,506211000,"Region V (Bicol Region)","Sorsogon","Magallanes","Region V  (BICOL REGION)","Sorsogon Province","Magallanes",388,56211000,37411,"056211000","overseas",NA
2023,506211000,"Region V (Bicol Region)","Sorsogon","Magallanes","Region V  (BICOL REGION)","Sorsogon Province","Magallanes",388,56211000,37411,"056211000","domestic",365
2023,506212000,"Region V (Bicol Region)","Sorsogon","Matnog","Region V  (BICOL REGION)","Sorsogon Province","Matnog",1285,56212000,41989,"056212000","foreign",2
2023,506212000,"Region V (Bicol Region)","Sorsogon","Matnog","Region V  (BICOL REGION)","Sorsogon Province","Matnog",1285,56212000,41989,"056212000","overseas",NA
2023,506212000,"Region V (Bicol Region)","Sorsogon","Matnog","Region V  (BICOL REGION)","Sorsogon Province","Matnog",1285,56212000,41989,"056212000","domestic",1283
2023,506215000,"Region V (Bicol Region)","Sorsogon","Santa Magdalena","Region V  (BICOL REGION)","Sorsogon Province","Santa Magdalena",4412,56215000,17096,"056215000","foreign",5
2023,506215000,"Region V (Bicol Region)","Sorsogon","Santa Magdalena","Region V  (BICOL REGION)","Sorsogon Province","Santa Magdalena",4412,56215000,17096,"056215000","overseas",NA
2023,506215000,"Region V (Bicol Region)","Sorsogon","Santa Magdalena","Region V  (BICOL REGION)","Sorsogon Province","Santa Magdalena",4412,56215000,17096,"056215000","domestic",4407
2023,506216000,"Region V (Bicol Region)","Sorsogon","Sorsogon City","Region V  (BICOL REGION)","Sorsogon Province","Sorsogon City",182299,56216000,182237,"056216000","foreign",1582
2023,506216000,"Region V (Bicol Region)","Sorsogon","Sorsogon City","Region V  (BICOL REGION)","Sorsogon Province","Sorsogon City",182299,56216000,182237,"056216000","overseas",NA
2023,506216000,"Region V (Bicol Region)","Sorsogon","Sorsogon City","Region V  (BICOL REGION)","Sorsogon Province","Sorsogon City",182299,56216000,182237,"056216000","domestic",180717
2023,600407000,"Region VI (Western Visayas)","Aklan","Kalibo","Region VI  (WESTERN VISAYAS)","Aklan","Kalibo",79719,60407000,89127,"060407000","foreign",6503
2023,600407000,"Region VI (Western Visayas)","Aklan","Kalibo","Region VI  (WESTERN VISAYAS)","Aklan","Kalibo",79719,60407000,89127,"060407000","overseas",40
2023,600407000,"Region VI (Western Visayas)","Aklan","Kalibo","Region VI  (WESTERN VISAYAS)","Aklan","Kalibo",79719,60407000,89127,"060407000","domestic",73176
2023,600412000,"Region VI (Western Visayas)","Aklan","Malay","Region VI  (WESTERN VISAYAS)","Aklan","Malay",2120419,60412000,60077,"060412000","foreign",422201
2023,600412000,"Region VI (Western Visayas)","Aklan","Malay","Region VI  (WESTERN VISAYAS)","Aklan","Malay",2120419,60412000,60077,"060412000","overseas",39196
2023,600412000,"Region VI (Western Visayas)","Aklan","Malay","Region VI  (WESTERN VISAYAS)","Aklan","Malay",2120419,60412000,60077,"060412000","domestic",1659022
2023,600601000,"Region VI (Western Visayas)","Antique","Anini-Y","Region VI  (WESTERN VISAYAS)","Antique","Aniniy",7924,60601000,22018,"060601000","foreign",44
2023,600601000,"Region VI (Western Visayas)","Antique","Anini-Y","Region VI  (WESTERN VISAYAS)","Antique","Aniniy",7924,60601000,22018,"060601000","overseas",NA
2023,600601000,"Region VI (Western Visayas)","Antique","Anini-Y","Region VI  (WESTERN VISAYAS)","Antique","Aniniy",7924,60601000,22018,"060601000","domestic",7880
2023,600605000,"Region VI (Western Visayas)","Antique","Caluya","Region VI  (WESTERN VISAYAS)","Antique","Caluya",14550,60605000,38908,"060605000","foreign",53
2023,600605000,"Region VI (Western Visayas)","Antique","Caluya","Region VI  (WESTERN VISAYAS)","Antique","Caluya",14550,60605000,38908,"060605000","overseas",NA
2023,600605000,"Region VI (Western Visayas)","Antique","Caluya","Region VI  (WESTERN VISAYAS)","Antique","Caluya",14550,60605000,38908,"060605000","domestic",14497
2023,600606000,"Region VI (Western Visayas)","Antique","Culasi","Region VI  (WESTERN VISAYAS)","Antique","Culasi",9496,60606000,44494,"060606000","foreign",489
2023,600606000,"Region VI (Western Visayas)","Antique","Culasi","Region VI  (WESTERN VISAYAS)","Antique","Culasi",9496,60606000,44494,"060606000","overseas",NA
2023,600606000,"Region VI (Western Visayas)","Antique","Culasi","Region VI  (WESTERN VISAYAS)","Antique","Culasi",9496,60606000,44494,"060606000","domestic",9007
2023,600610000,"Region VI (Western Visayas)","Antique","Libertad","Region VI  (WESTERN VISAYAS)","Antique","Libertad",3572,60610000,17507,"060610000","foreign",15
2023,600610000,"Region VI (Western Visayas)","Antique","Libertad","Region VI  (WESTERN VISAYAS)","Antique","Libertad",3572,60610000,17507,"060610000","overseas",NA
2023,600610000,"Region VI (Western Visayas)","Antique","Libertad","Region VI  (WESTERN VISAYAS)","Antique","Libertad",3572,60610000,17507,"060610000","domestic",3557
2023,600611000,"Region VI (Western Visayas)","Antique","Pandan","Region VI  (WESTERN VISAYAS)","Antique","Pandan",21768,60611000,35965,"060611000","foreign",1913
2023,600611000,"Region VI (Western Visayas)","Antique","Pandan","Region VI  (WESTERN VISAYAS)","Antique","Pandan",21768,60611000,35965,"060611000","overseas",NA
2023,600611000,"Region VI (Western Visayas)","Antique","Pandan","Region VI  (WESTERN VISAYAS)","Antique","Pandan",21768,60611000,35965,"060611000","domestic",19855
2023,600613000,"Region VI (Western Visayas)","Antique","San Jose","Region VI  (WESTERN VISAYAS)","Antique","San Jose",56339,60613000,65140,"060613000","foreign",27
2023,600613000,"Region VI (Western Visayas)","Antique","San Jose","Region VI  (WESTERN VISAYAS)","Antique","San Jose",56339,60613000,65140,"060613000","overseas",NA
2023,600613000,"Region VI (Western Visayas)","Antique","San Jose","Region VI  (WESTERN VISAYAS)","Antique","San Jose",56339,60613000,65140,"060613000","domestic",56312
2023,600617000,"Region VI (Western Visayas)","Antique","Tibiao","Region VI  (WESTERN VISAYAS)","Antique","Tibiao",7882,60617000,28703,"060617000","foreign",743
2023,600617000,"Region VI (Western Visayas)","Antique","Tibiao","Region VI  (WESTERN VISAYAS)","Antique","Tibiao",7882,60617000,28703,"060617000","overseas",NA
2023,600617000,"Region VI (Western Visayas)","Antique","Tibiao","Region VI  (WESTERN VISAYAS)","Antique","Tibiao",7882,60617000,28703,"060617000","domestic",7139
2023,601904000,"Region VI (Western Visayas)","Capiz","Dumarao","Region VI  (WESTERN VISAYAS)","Capiz","Dumarao",2005,61904000,49506,"061904000","foreign",56
2023,601904000,"Region VI (Western Visayas)","Capiz","Dumarao","Region VI  (WESTERN VISAYAS)","Capiz","Dumarao",2005,61904000,49506,"061904000","overseas",10
2023,601904000,"Region VI (Western Visayas)","Capiz","Dumarao","Region VI  (WESTERN VISAYAS)","Capiz","Dumarao",2005,61904000,49506,"061904000","domestic",10939
2023,601911000,"Region VI (Western Visayas)","Capiz","Pilar","Region VI  (WESTERN VISAYAS)","Capiz","Pilar",6260,61911000,47100,"061911000","foreign",47
2023,601911000,"Region VI (Western Visayas)","Capiz","Pilar","Region VI  (WESTERN VISAYAS)","Capiz","Pilar",6260,61911000,47100,"061911000","overseas",NA
2023,601911000,"Region VI (Western Visayas)","Capiz","Pilar","Region VI  (WESTERN VISAYAS)","Capiz","Pilar",6260,61911000,47100,"061911000","domestic",6213
2023,601914000,"Region VI (Western Visayas)","Capiz","Roxas City","Region VI  (WESTERN VISAYAS)","Capiz","Roxas City",152105,61914000,179292,"061914000","foreign",2243
2023,601914000,"Region VI (Western Visayas)","Capiz","Roxas City","Region VI  (WESTERN VISAYAS)","Capiz","Roxas City",152105,61914000,179292,"061914000","overseas",2730
2023,601914000,"Region VI (Western Visayas)","Capiz","Roxas City","Region VI  (WESTERN VISAYAS)","Capiz","Roxas City",152105,61914000,179292,"061914000","domestic",147132
2023,601916000,"Region VI (Western Visayas)","Capiz","Sigma","Region VI  (WESTERN VISAYAS)","Capiz","Sigma",2851,61916000,31688,"061916000","foreign",7
2023,601916000,"Region VI (Western Visayas)","Capiz","Sigma","Region VI  (WESTERN VISAYAS)","Capiz","Sigma",2851,61916000,31688,"061916000","overseas",NA
2023,601916000,"Region VI (Western Visayas)","Capiz","Sigma","Region VI  (WESTERN VISAYAS)","Capiz","Sigma",2851,61916000,31688,"061916000","domestic",2844
2023,603007000,"Region VI (Western Visayas)","Iloilo","Barotac Nuevo","Region VI  (WESTERN VISAYAS)","Iloilo","Barotac Nuevo",3261,63007000,58176,"063007000","foreign",29
2023,603007000,"Region VI (Western Visayas)","Iloilo","Barotac Nuevo","Region VI  (WESTERN VISAYAS)","Iloilo","Barotac Nuevo",3261,63007000,58176,"063007000","overseas",10
2023,603007000,"Region VI (Western Visayas)","Iloilo","Barotac Nuevo","Region VI  (WESTERN VISAYAS)","Iloilo","Barotac Nuevo",3261,63007000,58176,"063007000","domestic",30222
2023,603008000,"Region VI (Western Visayas)","Iloilo","Barotac Viejo","Region VI  (WESTERN VISAYAS)","Iloilo","Barotac Viejo",738,63008000,48614,"063008000","foreign",11
2023,603008000,"Region VI (Western Visayas)","Iloilo","Barotac Viejo","Region VI  (WESTERN VISAYAS)","Iloilo","Barotac Viejo",738,63008000,48614,"063008000","overseas",NA
2023,603008000,"Region VI (Western Visayas)","Iloilo","Barotac Viejo","Region VI  (WESTERN VISAYAS)","Iloilo","Barotac Viejo",738,63008000,48614,"063008000","domestic",727
2023,603013000,"Region VI (Western Visayas)","Iloilo","Calinog","Region VI  (WESTERN VISAYAS)","Iloilo","Calinog",539,63013000,62853,"063013000","foreign",40
2023,603013000,"Region VI (Western Visayas)","Iloilo","Calinog","Region VI  (WESTERN VISAYAS)","Iloilo","Calinog",539,63013000,62853,"063013000","overseas",NA
2023,603013000,"Region VI (Western Visayas)","Iloilo","Calinog","Region VI  (WESTERN VISAYAS)","Iloilo","Calinog",539,63013000,62853,"063013000","domestic",499
2023,603014000,"Region VI (Western Visayas)","Iloilo","Carles","Region VI  (WESTERN VISAYAS)","Iloilo","Carles",70590,63014000,72637,"063014000","foreign",6245
2023,603014000,"Region VI (Western Visayas)","Iloilo","Carles","Region VI  (WESTERN VISAYAS)","Iloilo","Carles",70590,63014000,72637,"063014000","overseas",7344
2023,603014000,"Region VI (Western Visayas)","Iloilo","Carles","Region VI  (WESTERN VISAYAS)","Iloilo","Carles",70590,63014000,72637,"063014000","domestic",57001
2023,603015000,"Region VI (Western Visayas)","Iloilo","Concepcion","Region VI  (WESTERN VISAYAS)","Iloilo","Concepcion",15327,63015000,44633,"063015000","foreign",212
2023,603015000,"Region VI (Western Visayas)","Iloilo","Concepcion","Region VI  (WESTERN VISAYAS)","Iloilo","Concepcion",15327,63015000,44633,"063015000","overseas",9
2023,603015000,"Region VI (Western Visayas)","Iloilo","Concepcion","Region VI  (WESTERN VISAYAS)","Iloilo","Concepcion",15327,63015000,44633,"063015000","domestic",150106
2023,603017000,"Region VI (Western Visayas)","Iloilo","Dueñas","Region VI  (WESTERN VISAYAS)","Iloilo","Duenas",6767,63017000,34597,"063017000","foreign",746
2023,603017000,"Region VI (Western Visayas)","Iloilo","Dueñas","Region VI  (WESTERN VISAYAS)","Iloilo","Duenas",6767,63017000,34597,"063017000","overseas",298
2023,603017000,"Region VI (Western Visayas)","Iloilo","Dueñas","Region VI  (WESTERN VISAYAS)","Iloilo","Duenas",6767,63017000,34597,"063017000","domestic",5723
2023,603018000,"Region VI (Western Visayas)","Iloilo","Dumangas","Region VI  (WESTERN VISAYAS)","Iloilo","Dumangas",3114,63018000,73899,"063018000","foreign",10
2023,603018000,"Region VI (Western Visayas)","Iloilo","Dumangas","Region VI  (WESTERN VISAYAS)","Iloilo","Dumangas",3114,63018000,73899,"063018000","overseas",NA
2023,603018000,"Region VI (Western Visayas)","Iloilo","Dumangas","Region VI  (WESTERN VISAYAS)","Iloilo","Dumangas",3114,63018000,73899,"063018000","domestic",3104
2023,603019000,"Region VI (Western Visayas)","Iloilo","Estancia","Region VI  (WESTERN VISAYAS)","Iloilo","Estancia",35874,63019000,53200,"063019000","foreign",4433
2023,603019000,"Region VI (Western Visayas)","Iloilo","Estancia","Region VI  (WESTERN VISAYAS)","Iloilo","Estancia",35874,63019000,53200,"063019000","overseas",13
2023,603019000,"Region VI (Western Visayas)","Iloilo","Estancia","Region VI  (WESTERN VISAYAS)","Iloilo","Estancia",35874,63019000,53200,"063019000","domestic",31428
2023,603020000,"Region VI (Western Visayas)","Iloilo","Guimbal","Region VI  (WESTERN VISAYAS)","Iloilo","Guimbal",25958,63020000,35022,"063020000","foreign",16
2023,603020000,"Region VI (Western Visayas)","Iloilo","Guimbal","Region VI  (WESTERN VISAYAS)","Iloilo","Guimbal",25958,63020000,35022,"063020000","overseas",NA
2023,603020000,"Region VI (Western Visayas)","Iloilo","Guimbal","Region VI  (WESTERN VISAYAS)","Iloilo","Guimbal",25958,63020000,35022,"063020000","domestic",25942
2023,603021000,"Region VI (Western Visayas)","Iloilo","Igbaras","Region VI  (WESTERN VISAYAS)","Iloilo","Igbaras",1383,63021000,32197,"063021000","foreign",15
2023,603021000,"Region VI (Western Visayas)","Iloilo","Igbaras","Region VI  (WESTERN VISAYAS)","Iloilo","Igbaras",1383,63021000,32197,"063021000","overseas",3
2023,603021000,"Region VI (Western Visayas)","Iloilo","Igbaras","Region VI  (WESTERN VISAYAS)","Iloilo","Igbaras",1383,63021000,32197,"063021000","domestic",10365
2023,603023000,"Region VI (Western Visayas)","Iloilo","Janiuay","Region VI  (WESTERN VISAYAS)","Iloilo","Janiuay",10558,63023000,66786,"063023000","foreign",208
2023,603023000,"Region VI (Western Visayas)","Iloilo","Janiuay","Region VI  (WESTERN VISAYAS)","Iloilo","Janiuay",10558,63023000,66786,"063023000","overseas",145
2023,603023000,"Region VI (Western Visayas)","Iloilo","Janiuay","Region VI  (WESTERN VISAYAS)","Iloilo","Janiuay",10558,63023000,66786,"063023000","domestic",10205
2023,603028000,"Region VI (Western Visayas)","Iloilo","Leon","Region VI  (WESTERN VISAYAS)","Iloilo","Leon",4102,63028000,51990,"063028000","foreign",4
2023,603028000,"Region VI (Western Visayas)","Iloilo","Leon","Region VI  (WESTERN VISAYAS)","Iloilo","Leon",4102,63028000,51990,"063028000","overseas",NA
2023,603028000,"Region VI (Western Visayas)","Iloilo","Leon","Region VI  (WESTERN VISAYAS)","Iloilo","Leon",4102,63028000,51990,"063028000","domestic",4098
2023,603031000,"Region VI (Western Visayas)","Iloilo","Mina","Region VI  (WESTERN VISAYAS)","Iloilo","Mina",187,63031000,24042,"063031000","foreign",33
2023,603031000,"Region VI (Western Visayas)","Iloilo","Mina","Region VI  (WESTERN VISAYAS)","Iloilo","Mina",187,63031000,24042,"063031000","overseas",NA
2023,603031000,"Region VI (Western Visayas)","Iloilo","Mina","Region VI  (WESTERN VISAYAS)","Iloilo","Mina",187,63031000,24042,"063031000","domestic",154
2023,603032000,"Region VI (Western Visayas)","Iloilo","New Lucena","Region VI  (WESTERN VISAYAS)","Iloilo","New Lucena",5430,63032000,24314,"063032000","foreign",33
2023,603032000,"Region VI (Western Visayas)","Iloilo","New Lucena","Region VI  (WESTERN VISAYAS)","Iloilo","New Lucena",5430,63032000,24314,"063032000","overseas",78
2023,603032000,"Region VI (Western Visayas)","Iloilo","New Lucena","Region VI  (WESTERN VISAYAS)","Iloilo","New Lucena",5430,63032000,24314,"063032000","domestic",5319
2023,603034000,"Region VI (Western Visayas)","Iloilo","Oton","Region VI  (WESTERN VISAYAS)","Iloilo","Oton",5149,63034000,98509,"063034000","foreign",353
2023,603034000,"Region VI (Western Visayas)","Iloilo","Oton","Region VI  (WESTERN VISAYAS)","Iloilo","Oton",5149,63034000,98509,"063034000","overseas",NA
2023,603034000,"Region VI (Western Visayas)","Iloilo","Oton","Region VI  (WESTERN VISAYAS)","Iloilo","Oton",5149,63034000,98509,"063034000","domestic",4796
2023,603035000,"Region VI (Western Visayas)","Iloilo","Passi City","Region VI  (WESTERN VISAYAS)","Iloilo","Passi",19873,63035000,88873,"063035000","foreign",205
2023,603035000,"Region VI (Western Visayas)","Iloilo","Passi City","Region VI  (WESTERN VISAYAS)","Iloilo","Passi",19873,63035000,88873,"063035000","overseas",31
2023,603035000,"Region VI (Western Visayas)","Iloilo","Passi City","Region VI  (WESTERN VISAYAS)","Iloilo","Passi",19873,63035000,88873,"063035000","domestic",19637
2023,603036000,"Region VI (Western Visayas)","Iloilo","Pavia","Region VI  (WESTERN VISAYAS)","Iloilo","Pavia",1530,63036000,70388,"063036000","foreign",229
2023,603036000,"Region VI (Western Visayas)","Iloilo","Pavia","Region VI  (WESTERN VISAYAS)","Iloilo","Pavia",1530,63036000,70388,"063036000","overseas",NA
2023,603036000,"Region VI (Western Visayas)","Iloilo","Pavia","Region VI  (WESTERN VISAYAS)","Iloilo","Pavia",1530,63036000,70388,"063036000","domestic",1301
2023,603040000,"Region VI (Western Visayas)","Iloilo","San Joaquin","Region VI  (WESTERN VISAYAS)","Iloilo","San Joaquin",18307,63040000,52617,"063040000","foreign",135
2023,603040000,"Region VI (Western Visayas)","Iloilo","San Joaquin","Region VI  (WESTERN VISAYAS)","Iloilo","San Joaquin",18307,63040000,52617,"063040000","overseas",112
2023,603040000,"Region VI (Western Visayas)","Iloilo","San Joaquin","Region VI  (WESTERN VISAYAS)","Iloilo","San Joaquin",18307,63040000,52617,"063040000","domestic",18060
2023,603041000,"Region VI (Western Visayas)","Iloilo","San Miguel","Region VI  (WESTERN VISAYAS)","Iloilo","San Miguel",14185,63041000,30115,"063041000","foreign",817
2023,603041000,"Region VI (Western Visayas)","Iloilo","San Miguel","Region VI  (WESTERN VISAYAS)","Iloilo","San Miguel",14185,63041000,30115,"063041000","overseas",40
2023,603041000,"Region VI (Western Visayas)","Iloilo","San Miguel","Region VI  (WESTERN VISAYAS)","Iloilo","San Miguel",14185,63041000,30115,"063041000","domestic",13328
2023,603043000,"Region VI (Western Visayas)","Iloilo","Santa Barbara","Region VI  (WESTERN VISAYAS)","Iloilo","Santa Barbara",5300,63043000,67630,"063043000","foreign",61
2023,603043000,"Region VI (Western Visayas)","Iloilo","Santa Barbara","Region VI  (WESTERN VISAYAS)","Iloilo","Santa Barbara",5300,63043000,67630,"063043000","overseas",NA
2023,603043000,"Region VI (Western Visayas)","Iloilo","Santa Barbara","Region VI  (WESTERN VISAYAS)","Iloilo","Santa Barbara",5300,63043000,67630,"063043000","domestic",5239
2023,603044000,"Region VI (Western Visayas)","Iloilo","Sara","Region VI  (WESTERN VISAYAS)","Iloilo","Sara",3061,63044000,54637,"063044000","foreign",53
2023,603044000,"Region VI (Western Visayas)","Iloilo","Sara","Region VI  (WESTERN VISAYAS)","Iloilo","Sara",3061,63044000,54637,"063044000","overseas",NA
2023,603044000,"Region VI (Western Visayas)","Iloilo","Sara","Region VI  (WESTERN VISAYAS)","Iloilo","Sara",3061,63044000,54637,"063044000","domestic",3008
2023,603045000,"Region VI (Western Visayas)","Iloilo","Tigbauan","Region VI  (WESTERN VISAYAS)","Iloilo","Tigbauan",22766,63045000,65245,"063045000","foreign",87
2023,603045000,"Region VI (Western Visayas)","Iloilo","Tigbauan","Region VI  (WESTERN VISAYAS)","Iloilo","Tigbauan",22766,63045000,65245,"063045000","overseas",NA
2023,603045000,"Region VI (Western Visayas)","Iloilo","Tigbauan","Region VI  (WESTERN VISAYAS)","Iloilo","Tigbauan",22766,63045000,65245,"063045000","domestic",22679
2023,603046000,"Region VI (Western Visayas)","Iloilo","Tubungan","Region VI  (WESTERN VISAYAS)","Iloilo","Tubungan",579,63046000,23021,"063046000","foreign",5
2023,603046000,"Region VI (Western Visayas)","Iloilo","Tubungan","Region VI  (WESTERN VISAYAS)","Iloilo","Tubungan",579,63046000,23021,"063046000","overseas",NA
2023,603046000,"Region VI (Western Visayas)","Iloilo","Tubungan","Region VI  (WESTERN VISAYAS)","Iloilo","Tubungan",579,63046000,23021,"063046000","domestic",574
2023,607902000,"Region VI (Western Visayas)","Guimaras","Jordan","Region VI  (WESTERN VISAYAS)","Guimaras","Jordan",16413,67902000,39566,"067902000","foreign",42
2023,607902000,"Region VI (Western Visayas)","Guimaras","Jordan","Region VI  (WESTERN VISAYAS)","Guimaras","Jordan",16413,67902000,39566,"067902000","overseas",NA
2023,607902000,"Region VI (Western Visayas)","Guimaras","Jordan","Region VI  (WESTERN VISAYAS)","Guimaras","Jordan",16413,67902000,39566,"067902000","domestic",16371
2023,607903000,"Region VI (Western Visayas)","Guimaras","Nueva Valencia","Region VI  (WESTERN VISAYAS)","Guimaras","Nueva Valencia",98280,67903000,42771,"067903000","foreign",926
2023,607903000,"Region VI (Western Visayas)","Guimaras","Nueva Valencia","Region VI  (WESTERN VISAYAS)","Guimaras","Nueva Valencia",98280,67903000,42771,"067903000","overseas",NA
2023,607903000,"Region VI (Western Visayas)","Guimaras","Nueva Valencia","Region VI  (WESTERN VISAYAS)","Guimaras","Nueva Valencia",98280,67903000,42771,"067903000","domestic",97354
2023,607904000,"Region VI (Western Visayas)","Guimaras","San Lorenzo","Region VI  (WESTERN VISAYAS)","Guimaras","San Lorenzo",10352,67904000,29444,"067904000","foreign",84
2023,607904000,"Region VI (Western Visayas)","Guimaras","San Lorenzo","Region VI  (WESTERN VISAYAS)","Guimaras","San Lorenzo",10352,67904000,29444,"067904000","overseas",NA
2023,607904000,"Region VI (Western Visayas)","Guimaras","San Lorenzo","Region VI  (WESTERN VISAYAS)","Guimaras","San Lorenzo",10352,67904000,29444,"067904000","domestic",10268
2023,607905000,"Region VI (Western Visayas)","Guimaras","Sibunag","Region VI  (WESTERN VISAYAS)","Guimaras","Sibunag",1174,67905000,23162,"067905000","foreign",20
2023,607905000,"Region VI (Western Visayas)","Guimaras","Sibunag","Region VI  (WESTERN VISAYAS)","Guimaras","Sibunag",1174,67905000,23162,"067905000","overseas",NA
2023,607905000,"Region VI (Western Visayas)","Guimaras","Sibunag","Region VI  (WESTERN VISAYAS)","Guimaras","Sibunag",1174,67905000,23162,"067905000","domestic",1154
2023,631000000,"Region VI (Western Visayas)","Iloilo","Iloilo City","Region VI  (WESTERN VISAYAS)","Iloilo","Iloilo City",886283,63022000,457626,"063022000","foreign",33952
2023,631000000,"Region VI (Western Visayas)","Iloilo","Iloilo City","Region VI  (WESTERN VISAYAS)","Iloilo","Iloilo City",886283,63022000,457626,"063022000","overseas",377
2023,631000000,"Region VI (Western Visayas)","Iloilo","Iloilo City","Region VI  (WESTERN VISAYAS)","Iloilo","Iloilo City",886283,63022000,457626,"063022000","domestic",851954
2023,701201000,"Region VII (Central Visayas)","Bohol","Alburquerque","Region VII (CENTRAL VISAYAS)","Bohol","Alburquerque",1664,71201000,11246,"071201000","foreign",137
2023,701201000,"Region VII (Central Visayas)","Bohol","Alburquerque","Region VII (CENTRAL VISAYAS)","Bohol","Alburquerque",1664,71201000,11246,"071201000","overseas",NA
2023,701201000,"Region VII (Central Visayas)","Bohol","Alburquerque","Region VII (CENTRAL VISAYAS)","Bohol","Alburquerque",1664,71201000,11246,"071201000","domestic",1527
2023,701203000,"Region VII (Central Visayas)","Bohol","Anda","Region VII (CENTRAL VISAYAS)","Bohol","Anda",32084,71203000,17778,"071203000","foreign",7906
2023,701203000,"Region VII (Central Visayas)","Bohol","Anda","Region VII (CENTRAL VISAYAS)","Bohol","Anda",32084,71203000,17778,"071203000","overseas",NA
2023,701203000,"Region VII (Central Visayas)","Bohol","Anda","Region VII (CENTRAL VISAYAS)","Bohol","Anda",32084,71203000,17778,"071203000","domestic",24178
2023,701205000,"Region VII (Central Visayas)","Bohol","Baclayon","Region VII (CENTRAL VISAYAS)","Bohol","Baclayon",906,71205000,22461,"071205000","foreign",705
2023,701205000,"Region VII (Central Visayas)","Bohol","Baclayon","Region VII (CENTRAL VISAYAS)","Bohol","Baclayon",906,71205000,22461,"071205000","overseas",NA
2023,701205000,"Region VII (Central Visayas)","Bohol","Baclayon","Region VII (CENTRAL VISAYAS)","Bohol","Baclayon",906,71205000,22461,"071205000","domestic",201
2023,701207000,"Region VII (Central Visayas)","Bohol","Batuan","Region VII (CENTRAL VISAYAS)","Bohol","Batuan",2606,71207000,13845,"071207000","foreign",2341
2023,701207000,"Region VII (Central Visayas)","Bohol","Batuan","Region VII (CENTRAL VISAYAS)","Bohol","Batuan",2606,71207000,13845,"071207000","overseas",NA
2023,701207000,"Region VII (Central Visayas)","Bohol","Batuan","Region VII (CENTRAL VISAYAS)","Bohol","Batuan",2606,71207000,13845,"071207000","domestic",265
2023,701210000,"Region VII (Central Visayas)","Bohol","Calape","Region VII (CENTRAL VISAYAS)","Bohol","Calape",6565,71210000,33079,"071210000","foreign",281
2023,701210000,"Region VII (Central Visayas)","Bohol","Calape","Region VII (CENTRAL VISAYAS)","Bohol","Calape",6565,71210000,33079,"071210000","overseas",15
2023,701210000,"Region VII (Central Visayas)","Bohol","Calape","Region VII (CENTRAL VISAYAS)","Bohol","Calape",6565,71210000,33079,"071210000","domestic",6269
2023,701211000,"Region VII (Central Visayas)","Bohol","Candijay","Region VII (CENTRAL VISAYAS)","Bohol","Candijay",2202,71211000,30119,"071211000","foreign",49
2023,701211000,"Region VII (Central Visayas)","Bohol","Candijay","Region VII (CENTRAL VISAYAS)","Bohol","Candijay",2202,71211000,30119,"071211000","overseas",NA
2023,701211000,"Region VII (Central Visayas)","Bohol","Candijay","Region VII (CENTRAL VISAYAS)","Bohol","Candijay",2202,71211000,30119,"071211000","domestic",2153
2023,701212000,"Region VII (Central Visayas)","Bohol","Carmen","Region VII (CENTRAL VISAYAS)","Bohol","Carmen",7803,71212000,49191,"071212000","foreign",3115
2023,701212000,"Region VII (Central Visayas)","Bohol","Carmen","Region VII (CENTRAL VISAYAS)","Bohol","Carmen",7803,71212000,49191,"071212000","overseas",NA
2023,701212000,"Region VII (Central Visayas)","Bohol","Carmen","Region VII (CENTRAL VISAYAS)","Bohol","Carmen",7803,71212000,49191,"071212000","domestic",4688
2023,701218000,"Region VII (Central Visayas)","Bohol","Danao","Region VII (CENTRAL VISAYAS)","Bohol","Danao",1244,71218000,20245,"071218000","foreign",150
2023,701218000,"Region VII (Central Visayas)","Bohol","Danao","Region VII (CENTRAL VISAYAS)","Bohol","Danao",1244,71218000,20245,"071218000","overseas",NA
2023,701218000,"Region VII (Central Visayas)","Bohol","Danao","Region VII (CENTRAL VISAYAS)","Bohol","Danao",1244,71218000,20245,"071218000","domestic",1094
2023,701219000,"Region VII (Central Visayas)","Bohol","Dauis","Region VII (CENTRAL VISAYAS)","Bohol","Dauis",28332,71219000,52492,"071219000","foreign",9785
2023,701219000,"Region VII (Central Visayas)","Bohol","Dauis","Region VII (CENTRAL VISAYAS)","Bohol","Dauis",28332,71219000,52492,"071219000","overseas",NA
2023,701219000,"Region VII (Central Visayas)","Bohol","Dauis","Region VII (CENTRAL VISAYAS)","Bohol","Dauis",28332,71219000,52492,"071219000","domestic",18547
2023,701220000,"Region VII (Central Visayas)","Bohol","Dimiao","Region VII (CENTRAL VISAYAS)","Bohol","Dimiao",520,71220000,14889,"071220000","foreign",185
2023,701220000,"Region VII (Central Visayas)","Bohol","Dimiao","Region VII (CENTRAL VISAYAS)","Bohol","Dimiao",520,71220000,14889,"071220000","overseas",NA
2023,701220000,"Region VII (Central Visayas)","Bohol","Dimiao","Region VII (CENTRAL VISAYAS)","Bohol","Dimiao",520,71220000,14889,"071220000","domestic",335
2023,701223000,"Region VII (Central Visayas)","Bohol","Guindulman","Region VII (CENTRAL VISAYAS)","Bohol","Guindulman",659,71223000,34104,"071223000","foreign",53
2023,701223000,"Region VII (Central Visayas)","Bohol","Guindulman","Region VII (CENTRAL VISAYAS)","Bohol","Guindulman",659,71223000,34104,"071223000","overseas",NA
2023,701223000,"Region VII (Central Visayas)","Bohol","Guindulman","Region VII (CENTRAL VISAYAS)","Bohol","Guindulman",659,71223000,34104,"071223000","domestic",606
2023,701225000,"Region VII (Central Visayas)","Bohol","Jagna","Region VII (CENTRAL VISAYAS)","Bohol","Jagna",12404,71225000,35832,"071225000","foreign",259
2023,701225000,"Region VII (Central Visayas)","Bohol","Jagna","Region VII (CENTRAL VISAYAS)","Bohol","Jagna",12404,71225000,35832,"071225000","overseas",NA
2023,701225000,"Region VII (Central Visayas)","Bohol","Jagna","Region VII (CENTRAL VISAYAS)","Bohol","Jagna",12404,71225000,35832,"071225000","domestic",12145
2023,701228000,"Region VII (Central Visayas)","Bohol","Loay","Region VII (CENTRAL VISAYAS)","Bohol","Loay",568,71228000,17855,"071228000","foreign",10
2023,701228000,"Region VII (Central Visayas)","Bohol","Loay","Region VII (CENTRAL VISAYAS)","Bohol","Loay",568,71228000,17855,"071228000","overseas",NA
2023,701228000,"Region VII (Central Visayas)","Bohol","Loay","Region VII (CENTRAL VISAYAS)","Bohol","Loay",568,71228000,17855,"071228000","domestic",558
2023,701229000,"Region VII (Central Visayas)","Bohol","Loboc","Region VII (CENTRAL VISAYAS)","Bohol","Loboc",5717,71229000,17418,"071229000","foreign",2142
2023,701229000,"Region VII (Central Visayas)","Bohol","Loboc","Region VII (CENTRAL VISAYAS)","Bohol","Loboc",5717,71229000,17418,"071229000","overseas",NA
2023,701229000,"Region VII (Central Visayas)","Bohol","Loboc","Region VII (CENTRAL VISAYAS)","Bohol","Loboc",5717,71229000,17418,"071229000","domestic",3575
2023,701230000,"Region VII (Central Visayas)","Bohol","Loon","Region VII (CENTRAL VISAYAS)","Bohol","Loon",3010,71230000,44224,"071230000","foreign",574
2023,701230000,"Region VII (Central Visayas)","Bohol","Loon","Region VII (CENTRAL VISAYAS)","Bohol","Loon",3010,71230000,44224,"071230000","overseas",NA
2023,701230000,"Region VII (Central Visayas)","Bohol","Loon","Region VII (CENTRAL VISAYAS)","Bohol","Loon",3010,71230000,44224,"071230000","domestic",2436
2023,701231000,"Region VII (Central Visayas)","Bohol","Mabini","Region VII (CENTRAL VISAYAS)","Bohol","Mabini",480,71231000,28701,"071231000","foreign",23
2023,701231000,"Region VII (Central Visayas)","Bohol","Mabini","Region VII (CENTRAL VISAYAS)","Bohol","Mabini",480,71231000,28701,"071231000","overseas",NA
2023,701231000,"Region VII (Central Visayas)","Bohol","Mabini","Region VII (CENTRAL VISAYAS)","Bohol","Mabini",480,71231000,28701,"071231000","domestic",457
2023,701233000,"Region VII (Central Visayas)","Bohol","Panglao","Region VII (CENTRAL VISAYAS)","Bohol","Panglao",703372,71233000,39839,"071233000","foreign",289817
2023,701233000,"Region VII (Central Visayas)","Bohol","Panglao","Region VII (CENTRAL VISAYAS)","Bohol","Panglao",703372,71233000,39839,"071233000","overseas",424
2023,701233000,"Region VII (Central Visayas)","Bohol","Panglao","Region VII (CENTRAL VISAYAS)","Bohol","Panglao",703372,71233000,39839,"071233000","domestic",413131
2023,701242000,"Region VII (Central Visayas)","Bohol","Tagbilaran City","Region VII (CENTRAL VISAYAS)","Bohol","Tagbilaran",144806,71242000,104976,"071242000","foreign",6939
2023,701242000,"Region VII (Central Visayas)","Bohol","Tagbilaran City","Region VII (CENTRAL VISAYAS)","Bohol","Tagbilaran",144806,71242000,104976,"071242000","overseas",41
2023,701242000,"Region VII (Central Visayas)","Bohol","Tagbilaran City","Region VII (CENTRAL VISAYAS)","Bohol","Tagbilaran",144806,71242000,104976,"071242000","domestic",137826
2023,701243000,"Region VII (Central Visayas)","Bohol","Talibon","Region VII (CENTRAL VISAYAS)","Bohol","Talibon",15257,71243000,71272,"071243000","foreign",54
2023,701243000,"Region VII (Central Visayas)","Bohol","Talibon","Region VII (CENTRAL VISAYAS)","Bohol","Talibon",15257,71243000,71272,"071243000","overseas",NA
2023,701243000,"Region VII (Central Visayas)","Bohol","Talibon","Region VII (CENTRAL VISAYAS)","Bohol","Talibon",15257,71243000,71272,"071243000","domestic",15203
2023,701244000,"Region VII (Central Visayas)","Bohol","Trinidad","Region VII (CENTRAL VISAYAS)","Bohol","Trinidad",2701,71244000,35119,"071244000","foreign",101
2023,701244000,"Region VII (Central Visayas)","Bohol","Trinidad","Region VII (CENTRAL VISAYAS)","Bohol","Trinidad",2701,71244000,35119,"071244000","overseas",NA
2023,701244000,"Region VII (Central Visayas)","Bohol","Trinidad","Region VII (CENTRAL VISAYAS)","Bohol","Trinidad",2701,71244000,35119,"071244000","domestic",2600
2023,701245000,"Region VII (Central Visayas)","Bohol","Tubigon","Region VII (CENTRAL VISAYAS)","Bohol","Tubigon",12871,71245000,47886,"071245000","foreign",107
2023,701245000,"Region VII (Central Visayas)","Bohol","Tubigon","Region VII (CENTRAL VISAYAS)","Bohol","Tubigon",12871,71245000,47886,"071245000","overseas",NA
2023,701245000,"Region VII (Central Visayas)","Bohol","Tubigon","Region VII (CENTRAL VISAYAS)","Bohol","Tubigon",12871,71245000,47886,"071245000","domestic",12764
2023,701246000,"Region VII (Central Visayas)","Bohol","Ubay","Region VII (CENTRAL VISAYAS)","Bohol","Ubay",19575,71246000,81799,"071246000","foreign",757
2023,701246000,"Region VII (Central Visayas)","Bohol","Ubay","Region VII (CENTRAL VISAYAS)","Bohol","Ubay",19575,71246000,81799,"071246000","overseas",NA
2023,701246000,"Region VII (Central Visayas)","Bohol","Ubay","Region VII (CENTRAL VISAYAS)","Bohol","Ubay",19575,71246000,81799,"071246000","domestic",18818
2023,701248000,"Region VII (Central Visayas)","Bohol","Bien Unido","Region VII (CENTRAL VISAYAS)","Bohol","Bien Unido",912,71248000,26666,"071248000","foreign",9
2023,701248000,"Region VII (Central Visayas)","Bohol","Bien Unido","Region VII (CENTRAL VISAYAS)","Bohol","Bien Unido",912,71248000,26666,"071248000","overseas",NA
2023,701248000,"Region VII (Central Visayas)","Bohol","Bien Unido","Region VII (CENTRAL VISAYAS)","Bohol","Bien Unido",912,71248000,26666,"071248000","domestic",903
2023,702201000,"Region VII (Central Visayas)","Cebu","Alcantara","Region VII (CENTRAL VISAYAS)","Cebu","Alcantara",61,72201000,16910,"072201000","foreign",27
2023,702201000,"Region VII (Central Visayas)","Cebu","Alcantara","Region VII (CENTRAL VISAYAS)","Cebu","Alcantara",61,72201000,16910,"072201000","overseas",NA
2023,702201000,"Region VII (Central Visayas)","Cebu","Alcantara","Region VII (CENTRAL VISAYAS)","Cebu","Alcantara",61,72201000,16910,"072201000","domestic",34
2023,702203000,"Region VII (Central Visayas)","Cebu","Alegria","Region VII (CENTRAL VISAYAS)","Cebu","Alegria",2019,72203000,25620,"072203000","foreign",191
2023,702203000,"Region VII (Central Visayas)","Cebu","Alegria","Region VII (CENTRAL VISAYAS)","Cebu","Alegria",2019,72203000,25620,"072203000","overseas",NA
2023,702203000,"Region VII (Central Visayas)","Cebu","Alegria","Region VII (CENTRAL VISAYAS)","Cebu","Alegria",2019,72203000,25620,"072203000","domestic",1828
2023,702204000,"Region VII (Central Visayas)","Cebu","Aloguinsan","Region VII (CENTRAL VISAYAS)","Cebu","Aloguinsan",7721,72204000,34466,"072204000","foreign",20
2023,702204000,"Region VII (Central Visayas)","Cebu","Aloguinsan","Region VII (CENTRAL VISAYAS)","Cebu","Aloguinsan",7721,72204000,34466,"072204000","overseas",NA
2023,702204000,"Region VII (Central Visayas)","Cebu","Aloguinsan","Region VII (CENTRAL VISAYAS)","Cebu","Aloguinsan",7721,72204000,34466,"072204000","domestic",7701
2023,702205000,"Region VII (Central Visayas)","Cebu","Argao","Region VII (CENTRAL VISAYAS)","Cebu","Argao",5810,72205000,78187,"072205000","foreign",190
2023,702205000,"Region VII (Central Visayas)","Cebu","Argao","Region VII (CENTRAL VISAYAS)","Cebu","Argao",5810,72205000,78187,"072205000","overseas",NA
2023,702205000,"Region VII (Central Visayas)","Cebu","Argao","Region VII (CENTRAL VISAYAS)","Cebu","Argao",5810,72205000,78187,"072205000","domestic",5620
2023,702206000,"Region VII (Central Visayas)","Cebu","Asturias","Region VII (CENTRAL VISAYAS)","Cebu","Asturias",10374,72206000,55397,"072206000","foreign",19
2023,702206000,"Region VII (Central Visayas)","Cebu","Asturias","Region VII (CENTRAL VISAYAS)","Cebu","Asturias",10374,72206000,55397,"072206000","overseas",NA
2023,702206000,"Region VII (Central Visayas)","Cebu","Asturias","Region VII (CENTRAL VISAYAS)","Cebu","Asturias",10374,72206000,55397,"072206000","domestic",10355
2023,702207000,"Region VII (Central Visayas)","Cebu","Badian","Region VII (CENTRAL VISAYAS)","Cebu","Badian",28827,72207000,43735,"072207000","foreign",3695
2023,702207000,"Region VII (Central Visayas)","Cebu","Badian","Region VII (CENTRAL VISAYAS)","Cebu","Badian",28827,72207000,43735,"072207000","overseas",NA
2023,702207000,"Region VII (Central Visayas)","Cebu","Badian","Region VII (CENTRAL VISAYAS)","Cebu","Badian",28827,72207000,43735,"072207000","domestic",25132
2023,702208000,"Region VII (Central Visayas)","Cebu","Balamban","Region VII (CENTRAL VISAYAS)","Cebu","Balamban",14023,72208000,95136,"072208000","foreign",489
2023,702208000,"Region VII (Central Visayas)","Cebu","Balamban","Region VII (CENTRAL VISAYAS)","Cebu","Balamban",14023,72208000,95136,"072208000","overseas",NA
2023,702208000,"Region VII (Central Visayas)","Cebu","Balamban","Region VII (CENTRAL VISAYAS)","Cebu","Balamban",14023,72208000,95136,"072208000","domestic",13534
2023,702210000,"Region VII (Central Visayas)","Cebu","Barili","Region VII (CENTRAL VISAYAS)","Cebu","Barili",12529,72210000,80715,"072210000","foreign",1656
2023,702210000,"Region VII (Central Visayas)","Cebu","Barili","Region VII (CENTRAL VISAYAS)","Cebu","Barili",12529,72210000,80715,"072210000","overseas",NA
2023,702210000,"Region VII (Central Visayas)","Cebu","Barili","Region VII (CENTRAL VISAYAS)","Cebu","Barili",12529,72210000,80715,"072210000","domestic",10873
2023,702211000,"Region VII (Central Visayas)","Cebu","Bogo City","Region VII (CENTRAL VISAYAS)","Cebu","Bogo City",46528,72211000,88867,"072211000","foreign",1003
2023,702211000,"Region VII (Central Visayas)","Cebu","Bogo City","Region VII (CENTRAL VISAYAS)","Cebu","Bogo City",46528,72211000,88867,"072211000","overseas",NA
2023,702211000,"Region VII (Central Visayas)","Cebu","Bogo City","Region VII (CENTRAL VISAYAS)","Cebu","Bogo City",46528,72211000,88867,"072211000","domestic",45525
2023,702212000,"Region VII (Central Visayas)","Cebu","Boljoon","Region VII (CENTRAL VISAYAS)","Cebu","Boljoon",5335,72212000,17525,"072212000","foreign",357
2023,702212000,"Region VII (Central Visayas)","Cebu","Boljoon","Region VII (CENTRAL VISAYAS)","Cebu","Boljoon",5335,72212000,17525,"072212000","overseas",NA
2023,702212000,"Region VII (Central Visayas)","Cebu","Boljoon","Region VII (CENTRAL VISAYAS)","Cebu","Boljoon",5335,72212000,17525,"072212000","domestic",4978
2023,702220000,"Region VII (Central Visayas)","Cebu","Cordova","Region VII (CENTRAL VISAYAS)","Cebu","Cordova",70344,72220000,70595,"072220000","foreign",46822
2023,702220000,"Region VII (Central Visayas)","Cebu","Cordova","Region VII (CENTRAL VISAYAS)","Cebu","Cordova",70344,72220000,70595,"072220000","overseas",2212
2023,702220000,"Region VII (Central Visayas)","Cebu","Cordova","Region VII (CENTRAL VISAYAS)","Cebu","Cordova",70344,72220000,70595,"072220000","domestic",21310
2023,702224000,"Region VII (Central Visayas)","Cebu","Dumanjug","Region VII (CENTRAL VISAYAS)","Cebu","Dumanjug",10217,72224000,57823,"072224000","foreign",1896
2023,702224000,"Region VII (Central Visayas)","Cebu","Dumanjug","Region VII (CENTRAL VISAYAS)","Cebu","Dumanjug",10217,72224000,57823,"072224000","overseas",14
2023,702224000,"Region VII (Central Visayas)","Cebu","Dumanjug","Region VII (CENTRAL VISAYAS)","Cebu","Dumanjug",10217,72224000,57823,"072224000","domestic",8307
2023,702229000,"Region VII (Central Visayas)","Cebu","Malabuyoc","Region VII (CENTRAL VISAYAS)","Cebu","Malabuyoc",1286,72229000,19770,"072229000","foreign",375
2023,702229000,"Region VII (Central Visayas)","Cebu","Malabuyoc","Region VII (CENTRAL VISAYAS)","Cebu","Malabuyoc",1286,72229000,19770,"072229000","overseas",17
2023,702229000,"Region VII (Central Visayas)","Cebu","Malabuyoc","Region VII (CENTRAL VISAYAS)","Cebu","Malabuyoc",1286,72229000,19770,"072229000","domestic",894
2023,702233000,"Region VII (Central Visayas)","Cebu","Moalboal","Region VII (CENTRAL VISAYAS)","Cebu","Moalboal",156080,72233000,36930,"072233000","foreign",80249
2023,702233000,"Region VII (Central Visayas)","Cebu","Moalboal","Region VII (CENTRAL VISAYAS)","Cebu","Moalboal",156080,72233000,36930,"072233000","overseas",67
2023,702233000,"Region VII (Central Visayas)","Cebu","Moalboal","Region VII (CENTRAL VISAYAS)","Cebu","Moalboal",156080,72233000,36930,"072233000","domestic",75764
2023,730600000,"Region VII (Central Visayas)","Cebu","Cebu City","Region VII (CENTRAL VISAYAS)","Cebu","Cebu City",1549278,72217000,964169,"072217000","foreign",401179
2023,730600000,"Region VII (Central Visayas)","Cebu","Cebu City","Region VII (CENTRAL VISAYAS)","Cebu","Cebu City",1549278,72217000,964169,"072217000","overseas",1018
2023,730600000,"Region VII (Central Visayas)","Cebu","Cebu City","Region VII (CENTRAL VISAYAS)","Cebu","Cebu City",1549278,72217000,964169,"072217000","domestic",1147081
2023,731100000,"Region VII (Central Visayas)","Cebu","Lapu-Lapu City","Region VII (CENTRAL VISAYAS)","Cebu","Lapulapu City",1073782,72226000,497604,"072226000","foreign",714708
2023,731100000,"Region VII (Central Visayas)","Cebu","Lapu-Lapu City","Region VII (CENTRAL VISAYAS)","Cebu","Lapulapu City",1073782,72226000,497604,"072226000","overseas",NA
2023,731100000,"Region VII (Central Visayas)","Cebu","Lapu-Lapu City","Region VII (CENTRAL VISAYAS)","Cebu","Lapulapu City",1073782,72226000,497604,"072226000","domestic",359074
2023,731300000,"Region VII (Central Visayas)","Cebu","Mandaue City","Region VII (CENTRAL VISAYAS)","Cebu","Mandaue City",394906,72230000,364116,"072230000","foreign",107335
2023,731300000,"Region VII (Central Visayas)","Cebu","Mandaue City","Region VII (CENTRAL VISAYAS)","Cebu","Mandaue City",394906,72230000,364116,"072230000","overseas",NA
2023,731300000,"Region VII (Central Visayas)","Cebu","Mandaue City","Region VII (CENTRAL VISAYAS)","Cebu","Mandaue City",394906,72230000,364116,"072230000","domestic",287571
2023,802609000,"Region VIII (Eastern Visayas)","Eastern Samar","Guiuan","Region VIII (EASTERN VISAYAS)","Eastern Samar","Guiuan",5609,82609000,53361,"082609000","foreign",128
2023,802609000,"Region VIII (Eastern Visayas)","Eastern Samar","Guiuan","Region VIII (EASTERN VISAYAS)","Eastern Samar","Guiuan",5609,82609000,53361,"082609000","overseas",NA
2023,802609000,"Region VIII (Eastern Visayas)","Eastern Samar","Guiuan","Region VIII (EASTERN VISAYAS)","Eastern Samar","Guiuan",5609,82609000,53361,"082609000","domestic",5481
2023,802623000,"Region VIII (Eastern Visayas)","Eastern Samar","Taft","Region VIII (EASTERN VISAYAS)","Eastern Samar","Taft",3276,82623000,18786,"082623000","foreign",25
2023,802623000,"Region VIII (Eastern Visayas)","Eastern Samar","Taft","Region VIII (EASTERN VISAYAS)","Eastern Samar","Taft",3276,82623000,18786,"082623000","overseas",NA
2023,802623000,"Region VIII (Eastern Visayas)","Eastern Samar","Taft","Region VIII (EASTERN VISAYAS)","Eastern Samar","Taft",3276,82623000,18786,"082623000","domestic",3251
2023,803708000,"Region VIII (Eastern Visayas)","Leyte","Baybay City","Region VIII (EASTERN VISAYAS)","Leyte","Baybay City",38999,83708000,111848,"083708000","foreign",1823
2023,803708000,"Region VIII (Eastern Visayas)","Leyte","Baybay City","Region VIII (EASTERN VISAYAS)","Leyte","Baybay City",38999,83708000,111848,"083708000","overseas",NA
2023,803708000,"Region VIII (Eastern Visayas)","Leyte","Baybay City","Region VIII (EASTERN VISAYAS)","Leyte","Baybay City",38999,83708000,111848,"083708000","domestic",37176
2023,803734000,"Region VIII (Eastern Visayas)","Leyte","Matalom","Region VIII (EASTERN VISAYAS)","Leyte","Matalom",54089,83734000,32586,"083734000","foreign",240
2023,803734000,"Region VIII (Eastern Visayas)","Leyte","Matalom","Region VIII (EASTERN VISAYAS)","Leyte","Matalom",54089,83734000,32586,"083734000","overseas",NA
2023,803734000,"Region VIII (Eastern Visayas)","Leyte","Matalom","Region VIII (EASTERN VISAYAS)","Leyte","Matalom",54089,83734000,32586,"083734000","domestic",53849
2023,803738000,"Region VIII (Eastern Visayas)","Leyte","Ormoc City","Region VIII (EASTERN VISAYAS)","Leyte","Ormoc City",73840,83738000,230998,"083738000","foreign",5633
2023,803738000,"Region VIII (Eastern Visayas)","Leyte","Ormoc City","Region VIII (EASTERN VISAYAS)","Leyte","Ormoc City",73840,83738000,230998,"083738000","overseas",NA
2023,803738000,"Region VIII (Eastern Visayas)","Leyte","Ormoc City","Region VIII (EASTERN VISAYAS)","Leyte","Ormoc City",73840,83738000,230998,"083738000","domestic",68207
2023,803743000,"Region VIII (Eastern Visayas)","Leyte","San Miguel","Region VIII (EASTERN VISAYAS)","Leyte","San Miguel",3865,83743000,19753,"083743000","foreign",213
2023,803743000,"Region VIII (Eastern Visayas)","Leyte","San Miguel","Region VIII (EASTERN VISAYAS)","Leyte","San Miguel",3865,83743000,19753,"083743000","overseas",NA
2023,803743000,"Region VIII (Eastern Visayas)","Leyte","San Miguel","Region VIII (EASTERN VISAYAS)","Leyte","San Miguel",3865,83743000,19753,"083743000","domestic",3652
2023,803751000,"Region VIII (Eastern Visayas)","Leyte","Villaba","Region VIII (EASTERN VISAYAS)","Leyte","Villaba",989,83751000,42859,"083751000","foreign",85
2023,803751000,"Region VIII (Eastern Visayas)","Leyte","Villaba","Region VIII (EASTERN VISAYAS)","Leyte","Villaba",989,83751000,42859,"083751000","overseas",NA
2023,803751000,"Region VIII (Eastern Visayas)","Leyte","Villaba","Region VIII (EASTERN VISAYAS)","Leyte","Villaba",989,83751000,42859,"083751000","domestic",904
2023,804801000,"Region VIII (Eastern Visayas)","Northern Samar","Allen","Region VIII (EASTERN VISAYAS)","Northern Samar","Allen",27504,84801000,25228,"084801000","foreign",11
2023,804801000,"Region VIII (Eastern Visayas)","Northern Samar","Allen","Region VIII (EASTERN VISAYAS)","Northern Samar","Allen",27504,84801000,25228,"084801000","overseas",NA
2023,804801000,"Region VIII (Eastern Visayas)","Northern Samar","Allen","Region VIII (EASTERN VISAYAS)","Northern Samar","Allen",27504,84801000,25228,"084801000","domestic",27493
2023,804805000,"Region VIII (Eastern Visayas)","Northern Samar","Catarman","Region VIII (EASTERN VISAYAS)","Northern Samar","Catarman",64647,84805000,97879,"084805000","foreign",416
2023,804805000,"Region VIII (Eastern Visayas)","Northern Samar","Catarman","Region VIII (EASTERN VISAYAS)","Northern Samar","Catarman",64647,84805000,97879,"084805000","overseas",NA
2023,804805000,"Region VIII (Eastern Visayas)","Northern Samar","Catarman","Region VIII (EASTERN VISAYAS)","Northern Samar","Catarman",64647,84805000,97879,"084805000","domestic",64231
2023,804809000,"Region VIII (Eastern Visayas)","Northern Samar","Lapinig","Region VIII (EASTERN VISAYAS)","Northern Samar","Lapinig",629,84809000,11844,"084809000","foreign",9
2023,804809000,"Region VIII (Eastern Visayas)","Northern Samar","Lapinig","Region VIII (EASTERN VISAYAS)","Northern Samar","Lapinig",629,84809000,11844,"084809000","overseas",NA
2023,804809000,"Region VIII (Eastern Visayas)","Northern Samar","Lapinig","Region VIII (EASTERN VISAYAS)","Northern Samar","Lapinig",629,84809000,11844,"084809000","domestic",620
2023,806003000,"Region VIII (Eastern Visayas)","Samar","Calbayog City","Region VIII (EASTERN VISAYAS)","Samar","Calbayog City",169375,86003000,186960,"086003000","foreign",3076
2023,806003000,"Region VIII (Eastern Visayas)","Samar","Calbayog City","Region VIII (EASTERN VISAYAS)","Samar","Calbayog City",169375,86003000,186960,"086003000","overseas",NA
2023,806003000,"Region VIII (Eastern Visayas)","Samar","Calbayog City","Region VIII (EASTERN VISAYAS)","Samar","Calbayog City",169375,86003000,186960,"086003000","domestic",166299
2023,806005000,"Region VIII (Eastern Visayas)","Samar","Catbalogan City","Region VIII (EASTERN VISAYAS)","Samar","Catbalogan",100313,86005000,106440,"086005000","foreign",271
2023,806005000,"Region VIII (Eastern Visayas)","Samar","Catbalogan City","Region VIII (EASTERN VISAYAS)","Samar","Catbalogan",100313,86005000,106440,"086005000","overseas",NA
2023,806005000,"Region VIII (Eastern Visayas)","Samar","Catbalogan City","Region VIII (EASTERN VISAYAS)","Samar","Catbalogan",100313,86005000,106440,"086005000","domestic",100042
2023,806404000,"Region VIII (Eastern Visayas)","Southern Leyte","Hinundayan","Region VIII (EASTERN VISAYAS)","Southern Leyte","Hinundayan",5788,86404000,12398,"086404000","foreign",289
2023,806404000,"Region VIII (Eastern Visayas)","Southern Leyte","Hinundayan","Region VIII (EASTERN VISAYAS)","Southern Leyte","Hinundayan",5788,86404000,12398,"086404000","overseas",NA
2023,806404000,"Region VIII (Eastern Visayas)","Southern Leyte","Hinundayan","Region VIII (EASTERN VISAYAS)","Southern Leyte","Hinundayan",5788,86404000,12398,"086404000","domestic",5499
2023,806405000,"Region VIII (Eastern Visayas)","Southern Leyte","Libagon","Region VIII (EASTERN VISAYAS)","Southern Leyte","Libagon",8110,86405000,15244,"086405000","foreign",102
2023,806405000,"Region VIII (Eastern Visayas)","Southern Leyte","Libagon","Region VIII (EASTERN VISAYAS)","Southern Leyte","Libagon",8110,86405000,15244,"086405000","overseas",NA
2023,806405000,"Region VIII (Eastern Visayas)","Southern Leyte","Libagon","Region VIII (EASTERN VISAYAS)","Southern Leyte","Libagon",8110,86405000,15244,"086405000","domestic",8008
2023,806406000,"Region VIII (Eastern Visayas)","Southern Leyte","Liloan","Region VIII (EASTERN VISAYAS)","Southern Leyte","Liloan",9691,86406000,24800,"086406000","foreign",38
2023,806406000,"Region VIII (Eastern Visayas)","Southern Leyte","Liloan","Region VIII (EASTERN VISAYAS)","Southern Leyte","Liloan",9691,86406000,24800,"086406000","overseas",NA
2023,806406000,"Region VIII (Eastern Visayas)","Southern Leyte","Liloan","Region VIII (EASTERN VISAYAS)","Southern Leyte","Liloan",9691,86406000,24800,"086406000","domestic",9653
2023,806407000,"Region VIII (Eastern Visayas)","Southern Leyte","Maasin City","Region VIII (EASTERN VISAYAS)","Southern Leyte","Maasin City",42170,86407000,87446,"086407000","foreign",108
2023,806407000,"Region VIII (Eastern Visayas)","Southern Leyte","Maasin City","Region VIII (EASTERN VISAYAS)","Southern Leyte","Maasin City",42170,86407000,87446,"086407000","overseas",NA
2023,806407000,"Region VIII (Eastern Visayas)","Southern Leyte","Maasin City","Region VIII (EASTERN VISAYAS)","Southern Leyte","Maasin City",42170,86407000,87446,"086407000","domestic",42062
2023,806408000,"Region VIII (Eastern Visayas)","Southern Leyte","Macrohon","Region VIII (EASTERN VISAYAS)","Southern Leyte","Macrohon",7393,86408000,26580,"086408000","foreign",57
2023,806408000,"Region VIII (Eastern Visayas)","Southern Leyte","Macrohon","Region VIII (EASTERN VISAYAS)","Southern Leyte","Macrohon",7393,86408000,26580,"086408000","overseas",NA
2023,806408000,"Region VIII (Eastern Visayas)","Southern Leyte","Macrohon","Region VIII (EASTERN VISAYAS)","Southern Leyte","Macrohon",7393,86408000,26580,"086408000","domestic",7336
2023,806409000,"Region VIII (Eastern Visayas)","Southern Leyte","Malitbog","Region VIII (EASTERN VISAYAS)","Southern Leyte","Malitbog",98738,86409000,23256,"086409000","foreign",2008
2023,806409000,"Region VIII (Eastern Visayas)","Southern Leyte","Malitbog","Region VIII (EASTERN VISAYAS)","Southern Leyte","Malitbog",98738,86409000,23256,"086409000","overseas",NA
2023,806409000,"Region VIII (Eastern Visayas)","Southern Leyte","Malitbog","Region VIII (EASTERN VISAYAS)","Southern Leyte","Malitbog",98738,86409000,23256,"086409000","domestic",96730
2023,806410000,"Region VIII (Eastern Visayas)","Southern Leyte","Padre Burgos","Region VIII (EASTERN VISAYAS)","Southern Leyte","Padre Burgos",5283,86410000,11159,"086410000","foreign",646
2023,806410000,"Region VIII (Eastern Visayas)","Southern Leyte","Padre Burgos","Region VIII (EASTERN VISAYAS)","Southern Leyte","Padre Burgos",5283,86410000,11159,"086410000","overseas",NA
2023,806410000,"Region VIII (Eastern Visayas)","Southern Leyte","Padre Burgos","Region VIII (EASTERN VISAYAS)","Southern Leyte","Padre Burgos",5283,86410000,11159,"086410000","domestic",4637
2023,806411000,"Region VIII (Eastern Visayas)","Southern Leyte","Pintuyan","Region VIII (EASTERN VISAYAS)","Southern Leyte","Pintuyan",13162,86411000,10202,"086411000","foreign",289
2023,806411000,"Region VIII (Eastern Visayas)","Southern Leyte","Pintuyan","Region VIII (EASTERN VISAYAS)","Southern Leyte","Pintuyan",13162,86411000,10202,"086411000","overseas",NA
2023,806411000,"Region VIII (Eastern Visayas)","Southern Leyte","Pintuyan","Region VIII (EASTERN VISAYAS)","Southern Leyte","Pintuyan",13162,86411000,10202,"086411000","domestic",12873
2023,807803000,"Region VIII (Eastern Visayas)","Biliran","Cabucgayan","Region VIII (EASTERN VISAYAS)","Biliran","Cabucgayan",642,87803000,21542,"087803000","foreign",84
2023,807803000,"Region VIII (Eastern Visayas)","Biliran","Cabucgayan","Region VIII (EASTERN VISAYAS)","Biliran","Cabucgayan",642,87803000,21542,"087803000","overseas",NA
2023,807803000,"Region VIII (Eastern Visayas)","Biliran","Cabucgayan","Region VIII (EASTERN VISAYAS)","Biliran","Cabucgayan",642,87803000,21542,"087803000","domestic",558
2023,807804000,"Region VIII (Eastern Visayas)","Biliran","Caibiran","Region VIII (EASTERN VISAYAS)","Biliran","Caibiran",1102,87804000,24167,"087804000","foreign",52
2023,807804000,"Region VIII (Eastern Visayas)","Biliran","Caibiran","Region VIII (EASTERN VISAYAS)","Biliran","Caibiran",1102,87804000,24167,"087804000","overseas",NA
2023,807804000,"Region VIII (Eastern Visayas)","Biliran","Caibiran","Region VIII (EASTERN VISAYAS)","Biliran","Caibiran",1102,87804000,24167,"087804000","domestic",1050
2023,807808000,"Region VIII (Eastern Visayas)","Biliran","Naval","Region VIII (EASTERN VISAYAS)","Biliran","Naval",22010,87808000,58187,"087808000","foreign",1412
2023,807808000,"Region VIII (Eastern Visayas)","Biliran","Naval","Region VIII (EASTERN VISAYAS)","Biliran","Naval",22010,87808000,58187,"087808000","overseas",NA
2023,807808000,"Region VIII (Eastern Visayas)","Biliran","Naval","Region VIII (EASTERN VISAYAS)","Biliran","Naval",22010,87808000,58187,"087808000","domestic",20598
2023,831600000,"Region VIII (Eastern Visayas)","Leyte","Tacloban City","Region VIII (EASTERN VISAYAS)","Leyte","Tacloban City",399524,83747000,251881,"083747000","foreign",9204
2023,831600000,"Region VIII (Eastern Visayas)","Leyte","Tacloban City","Region VIII (EASTERN VISAYAS)","Leyte","Tacloban City",399524,83747000,251881,"083747000","overseas",826
2023,831600000,"Region VIII (Eastern Visayas)","Leyte","Tacloban City","Region VIII (EASTERN VISAYAS)","Leyte","Tacloban City",399524,83747000,251881,"083747000","domestic",389494
2023,907200000,"Region IX (Zamboanga Peninsula)","Zamboanga del Norte","Zamboanga del Norte","Region IX (ZAMBOANGA PENINSULA)","Zamboanga del Norte","",414118,97200000,1047455,"097200000","foreign",11119
2023,907200000,"Region IX (Zamboanga Peninsula)","Zamboanga del Norte","Zamboanga del Norte","Region IX (ZAMBOANGA PENINSULA)","Zamboanga del Norte","",414118,97200000,1047455,"097200000","overseas",17
2023,907200000,"Region IX (Zamboanga Peninsula)","Zamboanga del Norte","Zamboanga del Norte","Region IX (ZAMBOANGA PENINSULA)","Zamboanga del Norte","",414118,97200000,1047455,"097200000","domestic",402982
2023,907200000,"Region IX (Zamboanga Peninsula)","Zamboanga del Norte","Zamboanga del Norte","Region IX (ZAMBOANGA PENINSULA)","Zamboanga del Sur","",84818,97200000,1047455,"097200000","foreign",106
2023,907200000,"Region IX (Zamboanga Peninsula)","Zamboanga del Norte","Zamboanga del Norte","Region IX (ZAMBOANGA PENINSULA)","Zamboanga del Sur","",84818,97200000,1047455,"097200000","overseas",67
2023,907200000,"Region IX (Zamboanga Peninsula)","Zamboanga del Norte","Zamboanga del Norte","Region IX (ZAMBOANGA PENINSULA)","Zamboanga del Sur","",84818,97200000,1047455,"097200000","domestic",84645
2023,907201000,"Region IX (Zamboanga Peninsula)","Zamboanga del Norte","Dapitan City","Region IX (ZAMBOANGA PENINSULA)","Zamboanga del Norte","Dapitan City",91593,97201000,85202,"097201000","foreign",379
2023,907201000,"Region IX (Zamboanga Peninsula)","Zamboanga del Norte","Dapitan City","Region IX (ZAMBOANGA PENINSULA)","Zamboanga del Norte","Dapitan City",91593,97201000,85202,"097201000","overseas",NA
2023,907201000,"Region IX (Zamboanga Peninsula)","Zamboanga del Norte","Dapitan City","Region IX (ZAMBOANGA PENINSULA)","Zamboanga del Norte","Dapitan City",91593,97201000,85202,"097201000","domestic",91214
2023,907202000,"Region IX (Zamboanga Peninsula)","Zamboanga del Norte","Dipolog City","Region IX (ZAMBOANGA PENINSULA)","Zamboanga del Norte","Dipolog City",240001,97202000,138141,"097202000","foreign",10461
2023,907202000,"Region IX (Zamboanga Peninsula)","Zamboanga del Norte","Dipolog City","Region IX (ZAMBOANGA PENINSULA)","Zamboanga del Norte","Dipolog City",240001,97202000,138141,"097202000","overseas",9
2023,907202000,"Region IX (Zamboanga Peninsula)","Zamboanga del Norte","Dipolog City","Region IX (ZAMBOANGA PENINSULA)","Zamboanga del Norte","Dipolog City",240001,97202000,138141,"097202000","domestic",229531
2023,907322000,"Region IX (Zamboanga Peninsula)","Zamboanga del Sur","Pagadian City","Region IX (ZAMBOANGA PENINSULA)","Zamboanga del Sur","Pagadian City",52261,97322000,210452,"097322000","foreign",102
2023,907322000,"Region IX (Zamboanga Peninsula)","Zamboanga del Sur","Pagadian City","Region IX (ZAMBOANGA PENINSULA)","Zamboanga del Sur","Pagadian City",52261,97322000,210452,"097322000","overseas",NA
2023,907322000,"Region IX (Zamboanga Peninsula)","Zamboanga del Sur","Pagadian City","Region IX (ZAMBOANGA PENINSULA)","Zamboanga del Sur","Pagadian City",52261,97322000,210452,"097322000","domestic",52159
2023,908300000,"Region IX (Zamboanga Peninsula)","Zamboanga Sibugay","Zamboanga Sibugay","Region IX (ZAMBOANGA PENINSULA)","Zamboanga Sibugay","",8677,98300000,669840,"098300000","foreign",65
2023,908300000,"Region IX (Zamboanga Peninsula)","Zamboanga Sibugay","Zamboanga Sibugay","Region IX (ZAMBOANGA PENINSULA)","Zamboanga Sibugay","",8677,98300000,669840,"098300000","overseas",NA
2023,908300000,"Region IX (Zamboanga Peninsula)","Zamboanga Sibugay","Zamboanga Sibugay","Region IX (ZAMBOANGA PENINSULA)","Zamboanga Sibugay","",8677,98300000,669840,"098300000","domestic",8612
2023,931700000,"Region IX (Zamboanga Peninsula)","Zamboanga del Sur","Zamboanga City","Region IX (ZAMBOANGA PENINSULA)","Zamboanga del Sur","Zamboanga City",683462,97332000,977234,"097332000","foreign",2114
2023,931700000,"Region IX (Zamboanga Peninsula)","Zamboanga del Sur","Zamboanga City","Region IX (ZAMBOANGA PENINSULA)","Zamboanga del Sur","Zamboanga City",683462,97332000,977234,"097332000","overseas",NA
2023,931700000,"Region IX (Zamboanga Peninsula)","Zamboanga del Sur","Zamboanga City","Region IX (ZAMBOANGA PENINSULA)","Zamboanga del Sur","Zamboanga City",683462,97332000,977234,"097332000","domestic",681348
2023,990101000,"Region IX (Zamboanga Peninsula)","(Basilan)","Isabela City","Region IX (ZAMBOANGA PENINSULA)","(Basilan)","Isabela City de Basilan",101238,99701000,130379,"099701000","foreign",8
2023,990101000,"Region IX (Zamboanga Peninsula)","(Basilan)","Isabela City","Region IX (ZAMBOANGA PENINSULA)","(Basilan)","Isabela City de Basilan",101238,99701000,130379,"099701000","overseas",NA
2023,990101000,"Region IX (Zamboanga Peninsula)","(Basilan)","Isabela City","Region IX (ZAMBOANGA PENINSULA)","(Basilan)","Isabela City de Basilan",101238,99701000,130379,"099701000","domestic",101230
2023,1001300000,"Region X (Northern Mindanao)","Bukidnon","Bukidnon","Region X (NORTHERN MINDANAO)","Bukidnon","",529672,101300000,1541308,"101300000","foreign",1745
2023,1001300000,"Region X (Northern Mindanao)","Bukidnon","Bukidnon","Region X (NORTHERN MINDANAO)","Bukidnon","",529672,101300000,1541308,"101300000","overseas",NA
2023,1001300000,"Region X (Northern Mindanao)","Bukidnon","Bukidnon","Region X (NORTHERN MINDANAO)","Bukidnon","",529672,101300000,1541308,"101300000","domestic",527927
2023,1001312000,"Region X (Northern Mindanao)","Bukidnon","Malaybalay City","Region X (NORTHERN MINDANAO)","Bukidnon","Malaybalay City",143702,101312000,190712,"101312000","foreign",1084
2023,1001312000,"Region X (Northern Mindanao)","Bukidnon","Malaybalay City","Region X (NORTHERN MINDANAO)","Bukidnon","Malaybalay City",143702,101312000,190712,"101312000","overseas",NA
2023,1001312000,"Region X (Northern Mindanao)","Bukidnon","Malaybalay City","Region X (NORTHERN MINDANAO)","Bukidnon","Malaybalay City",143702,101312000,190712,"101312000","domestic",142618
2023,1001321000,"Region X (Northern Mindanao)","Bukidnon","Valencia City","Region X (NORTHERN MINDANAO)","Bukidnon","Valencia City",159645,101321000,216546,"101321000","foreign",236
2023,1001321000,"Region X (Northern Mindanao)","Bukidnon","Valencia City","Region X (NORTHERN MINDANAO)","Bukidnon","Valencia City",159645,101321000,216546,"101321000","overseas",NA
2023,1001321000,"Region X (Northern Mindanao)","Bukidnon","Valencia City","Region X (NORTHERN MINDANAO)","Bukidnon","Valencia City",159645,101321000,216546,"101321000","domestic",159409
2023,1001800000,"Region X (Northern Mindanao)","Camiguin","Camiguin","Region X (NORTHERN MINDANAO)","Camiguin","",259010,101800000,92808,"101800000","foreign",12828
2023,1001800000,"Region X (Northern Mindanao)","Camiguin","Camiguin","Region X (NORTHERN MINDANAO)","Camiguin","",259010,101800000,92808,"101800000","overseas",NA
2023,1001800000,"Region X (Northern Mindanao)","Camiguin","Camiguin","Region X (NORTHERN MINDANAO)","Camiguin","",259010,101800000,92808,"101800000","domestic",246182
2023,1003500000,"Region X (Northern Mindanao)","Lanao del Norte","Lanao del Norte","Region X (NORTHERN MINDANAO)","Lanao del Norte","",59943,103500000,722902,"103500000","foreign",407
2023,1003500000,"Region X (Northern Mindanao)","Lanao del Norte","Lanao del Norte","Region X (NORTHERN MINDANAO)","Lanao del Norte","",59943,103500000,722902,"103500000","overseas",NA
2023,1003500000,"Region X (Northern Mindanao)","Lanao del Norte","Lanao del Norte","Region X (NORTHERN MINDANAO)","Lanao del Norte","",59943,103500000,722902,"103500000","domestic",59536
2023,1004200000,"Region X (Northern Mindanao)","Misamis Occidental","Misamis Occidental","Region X (NORTHERN MINDANAO)","Misamis Occidental","",206999,104200000,617333,"104200000","foreign",787
2023,1004200000,"Region X (Northern Mindanao)","Misamis Occidental","Misamis Occidental","Region X (NORTHERN MINDANAO)","Misamis Occidental","",206999,104200000,617333,"104200000","overseas",NA
2023,1004200000,"Region X (Northern Mindanao)","Misamis Occidental","Misamis Occidental","Region X (NORTHERN MINDANAO)","Misamis Occidental","",206999,104200000,617333,"104200000","domestic",206212
2023,1004200000,"Region X (Northern Mindanao)","Misamis Occidental","Misamis Occidental","Region X (NORTHERN MINDANAO)","Misamis Oriental","",351837,104200000,617333,"104200000","foreign",2354
2023,1004200000,"Region X (Northern Mindanao)","Misamis Occidental","Misamis Occidental","Region X (NORTHERN MINDANAO)","Misamis Oriental","",351837,104200000,617333,"104200000","overseas",NA
2023,1004200000,"Region X (Northern Mindanao)","Misamis Occidental","Misamis Occidental","Region X (NORTHERN MINDANAO)","Misamis Oriental","",351837,104200000,617333,"104200000","domestic",349483
2023,1004209000,"Region X (Northern Mindanao)","Misamis Occidental","Oroquieta City","Region X (NORTHERN MINDANAO)","Misamis Occidental","Oroquieta City",8360,104209000,72301,"104209000","foreign",30
2023,1004209000,"Region X (Northern Mindanao)","Misamis Occidental","Oroquieta City","Region X (NORTHERN MINDANAO)","Misamis Occidental","Oroquieta City",8360,104209000,72301,"104209000","overseas",NA
2023,1004209000,"Region X (Northern Mindanao)","Misamis Occidental","Oroquieta City","Region X (NORTHERN MINDANAO)","Misamis Occidental","Oroquieta City",8360,104209000,72301,"104209000","domestic",8330
2023,1004210000,"Region X (Northern Mindanao)","Misamis Occidental","Ozamiz City","Region X (NORTHERN MINDANAO)","Misamis Occidental","Ozamis City",164069,104210000,140334,"104210000","foreign",682
2023,1004210000,"Region X (Northern Mindanao)","Misamis Occidental","Ozamiz City","Region X (NORTHERN MINDANAO)","Misamis Occidental","Ozamis City",164069,104210000,140334,"104210000","overseas",NA
2023,1004210000,"Region X (Northern Mindanao)","Misamis Occidental","Ozamiz City","Region X (NORTHERN MINDANAO)","Misamis Occidental","Ozamis City",164069,104210000,140334,"104210000","domestic",163387
2023,1004215000,"Region X (Northern Mindanao)","Misamis Occidental","Tangub City","Region X (NORTHERN MINDANAO)","Misamis Occidental","Tangub City",15118,104215000,68389,"104215000","foreign",39
2023,1004215000,"Region X (Northern Mindanao)","Misamis Occidental","Tangub City","Region X (NORTHERN MINDANAO)","Misamis Occidental","Tangub City",15118,104215000,68389,"104215000","overseas",NA
2023,1004215000,"Region X (Northern Mindanao)","Misamis Occidental","Tangub City","Region X (NORTHERN MINDANAO)","Misamis Occidental","Tangub City",15118,104215000,68389,"104215000","domestic",15079
2023,1004308000,"Region X (Northern Mindanao)","Misamis Oriental","Gingoog City","Region X (NORTHERN MINDANAO)","Misamis Oriental","Gingoog City",144168,104308000,136698,"104308000","foreign",389
2023,1004308000,"Region X (Northern Mindanao)","Misamis Oriental","Gingoog City","Region X (NORTHERN MINDANAO)","Misamis Oriental","Gingoog City",144168,104308000,136698,"104308000","overseas",NA
2023,1004308000,"Region X (Northern Mindanao)","Misamis Oriental","Gingoog City","Region X (NORTHERN MINDANAO)","Misamis Oriental","Gingoog City",144168,104308000,136698,"104308000","domestic",143779
2023,1030500000,"Region X (Northern Mindanao)","Misamis Oriental","Cagayan De Oro City","Region X (NORTHERN MINDANAO)","Misamis Oriental","Cagayan de Oro City",794237,104305000,728402,"104305000","foreign",19607
2023,1030500000,"Region X (Northern Mindanao)","Misamis Oriental","Cagayan De Oro City","Region X (NORTHERN MINDANAO)","Misamis Oriental","Cagayan de Oro City",794237,104305000,728402,"104305000","overseas",8
2023,1030500000,"Region X (Northern Mindanao)","Misamis Oriental","Cagayan De Oro City","Region X (NORTHERN MINDANAO)","Misamis Oriental","Cagayan de Oro City",794237,104305000,728402,"104305000","domestic",774622
2023,1030900000,"Region X (Northern Mindanao)","Lanao del Norte","Iligan City","Region X (NORTHERN MINDANAO)","Lanao del Norte","Iligan City",394172,103504000,363115,"103504000","foreign",1056
2023,1030900000,"Region X (Northern Mindanao)","Lanao del Norte","Iligan City","Region X (NORTHERN MINDANAO)","Lanao del Norte","Iligan City",394172,103504000,363115,"103504000","overseas",12
2023,1030900000,"Region X (Northern Mindanao)","Lanao del Norte","Iligan City","Region X (NORTHERN MINDANAO)","Lanao del Norte","Iligan City",394172,103504000,363115,"103504000","domestic",393104
2023,1102300000,"Region XI (Davao Region)","Davao del Norte","Davao del Norte","Region XI  (DAVAO REGION)","Davao Del Norte","",370687,112300000,1125057,"112300000","foreign",2045
2023,1102300000,"Region XI (Davao Region)","Davao del Norte","Davao del Norte","Region XI  (DAVAO REGION)","Davao Del Norte","",370687,112300000,1125057,"112300000","overseas",NA
2023,1102300000,"Region XI (Davao Region)","Davao del Norte","Davao del Norte","Region XI  (DAVAO REGION)","Davao Del Norte","",370687,112300000,1125057,"112300000","domestic",368642
2023,1102300000,"Region XI (Davao Region)","Davao del Norte","Davao del Norte","Region XI  (DAVAO REGION)","Davao del Sur","",221619,112300000,1125057,"112300000","foreign",14732
2023,1102300000,"Region XI (Davao Region)","Davao del Norte","Davao del Norte","Region XI  (DAVAO REGION)","Davao del Sur","",221619,112300000,1125057,"112300000","overseas",NA
2023,1102300000,"Region XI (Davao Region)","Davao del Norte","Davao del Norte","Region XI  (DAVAO REGION)","Davao del Sur","",221619,112300000,1125057,"112300000","domestic",206887
2023,1102500000,"Region XI (Davao Region)","Davao Oriental","Davao Oriental","Region XI  (DAVAO REGION)","Davao Occcidental","",32375,112500000,576343,"112500000","foreign",1
2023,1102500000,"Region XI (Davao Region)","Davao Oriental","Davao Oriental","Region XI  (DAVAO REGION)","Davao Occcidental","",32375,112500000,576343,"112500000","overseas",NA
2023,1102500000,"Region XI (Davao Region)","Davao Oriental","Davao Oriental","Region XI  (DAVAO REGION)","Davao Occcidental","",32375,112500000,576343,"112500000","domestic",32374
2023,1102500000,"Region XI (Davao Region)","Davao Oriental","Davao Oriental","Region XI  (DAVAO REGION)","Davao Oriental","",786784,112500000,576343,"112500000","foreign",1705
2023,1102500000,"Region XI (Davao Region)","Davao Oriental","Davao Oriental","Region XI  (DAVAO REGION)","Davao Oriental","",786784,112500000,576343,"112500000","overseas",NA
2023,1102500000,"Region XI (Davao Region)","Davao Oriental","Davao Oriental","Region XI  (DAVAO REGION)","Davao Oriental","",786784,112500000,576343,"112500000","domestic",785079
2023,1108200000,"Region XI (Davao Region)","Davao de Oro","Davao de Oro","Region XI  (DAVAO REGION)","Davao De Oro (ComVal)","",524585,118200000,767547,"118200000","foreign",3146
2023,1108200000,"Region XI (Davao Region)","Davao de Oro","Davao de Oro","Region XI  (DAVAO REGION)","Davao De Oro (ComVal)","",524585,118200000,767547,"118200000","overseas",NA
2023,1108200000,"Region XI (Davao Region)","Davao de Oro","Davao de Oro","Region XI  (DAVAO REGION)","Davao De Oro (ComVal)","",524585,118200000,767547,"118200000","domestic",521439
2023,1130700000,"Region XI (Davao Region)","Davao del Sur","Davao City","Region XI  (DAVAO REGION)","Davao del Sur","Davao City",1291985,112402000,1776949,"112402000","foreign",71386
2023,1130700000,"Region XI (Davao Region)","Davao del Sur","Davao City","Region XI  (DAVAO REGION)","Davao del Sur","Davao City",1291985,112402000,1776949,"112402000","overseas",10459
2023,1130700000,"Region XI (Davao Region)","Davao del Sur","Davao City","Region XI  (DAVAO REGION)","Davao del Sur","Davao City",1291985,112402000,1776949,"112402000","domestic",1210140
2023,1204700000,"Region XII (SOCCSKSARGEN)","Cotabato","Cotabato","Region XII  (SOCCSSARGEN)","Cotabato","",233124,124700000,1275185,"124700000","foreign",2
2023,1204700000,"Region XII (SOCCSKSARGEN)","Cotabato","Cotabato","Region XII  (SOCCSSARGEN)","Cotabato","",233124,124700000,1275185,"124700000","overseas",2
2023,1204700000,"Region XII (SOCCSKSARGEN)","Cotabato","Cotabato","Region XII  (SOCCSSARGEN)","Cotabato","",233124,124700000,1275185,"124700000","domestic",233120
2023,1206300000,"Region XII (SOCCSKSARGEN)","South Cotabato","South Cotabato","Region XII  (SOCCSSARGEN)","South Cotabato","",393754,126300000,975476,"126300000","foreign",892
2023,1206300000,"Region XII (SOCCSKSARGEN)","South Cotabato","South Cotabato","Region XII  (SOCCSSARGEN)","South Cotabato","",393754,126300000,975476,"126300000","overseas",NA
2023,1206300000,"Region XII (SOCCSKSARGEN)","South Cotabato","South Cotabato","Region XII  (SOCCSSARGEN)","South Cotabato","",393754,126300000,975476,"126300000","domestic",392862
2023,1206306000,"Region XII (SOCCSKSARGEN)","South Cotabato","Koronadal City","Region XII  (SOCCSSARGEN)","South Cotabato","Koronadal City",238989,126306000,195398,"126306000","foreign",361
2023,1206306000,"Region XII (SOCCSKSARGEN)","South Cotabato","Koronadal City","Region XII  (SOCCSSARGEN)","South Cotabato","Koronadal City",238989,126306000,195398,"126306000","overseas",NA
2023,1206306000,"Region XII (SOCCSKSARGEN)","South Cotabato","Koronadal City","Region XII  (SOCCSSARGEN)","South Cotabato","Koronadal City",238989,126306000,195398,"126306000","domestic",238628
2023,1208000000,"Region XII (SOCCSKSARGEN)","Sarangani","Sarangani","Region XII  (SOCCSSARGEN)","Sarangani","",309147,128000000,558946,"128000000","foreign",36
2023,1208000000,"Region XII (SOCCSKSARGEN)","Sarangani","Sarangani","Region XII  (SOCCSSARGEN)","Sarangani","",309147,128000000,558946,"128000000","overseas",NA
2023,1208000000,"Region XII (SOCCSKSARGEN)","Sarangani","Sarangani","Region XII  (SOCCSSARGEN)","Sarangani","",309147,128000000,558946,"128000000","domestic",309111
2023,1230800000,"Region XII (SOCCSKSARGEN)","South Cotabato","General Santos City","Region XII  (SOCCSSARGEN)","South Cotabato","General Santos City",601497,126303000,697315,"126303000","foreign",4783
2023,1230800000,"Region XII (SOCCSKSARGEN)","South Cotabato","General Santos City","Region XII  (SOCCSSARGEN)","South Cotabato","General Santos City",601497,126303000,697315,"126303000","overseas",NA
2023,1230800000,"Region XII (SOCCSKSARGEN)","South Cotabato","General Santos City","Region XII  (SOCCSSARGEN)","South Cotabato","General Santos City",601497,126303000,697315,"126303000","domestic",596714
2023,1380200000,"National Capital Region (NCR)","Las Piñas City","Las Piñas City","National Capital Region (NCR)","Las Piñas City","Las Piñas City",84278,137601000,606293,"137601000","foreign",596
2023,1380200000,"National Capital Region (NCR)","Las Piñas City","Las Piñas City","National Capital Region (NCR)","Las Piñas City","Las Piñas City",84278,137601000,606293,"137601000","overseas",NA
2023,1380200000,"National Capital Region (NCR)","Las Piñas City","Las Piñas City","National Capital Region (NCR)","Las Piñas City","Las Piñas City",84278,137601000,606293,"137601000","domestic",83682
2023,1380300000,"National Capital Region (NCR)","Makati City","Makati City","National Capital Region (NCR)","Makati City","Makati City",1015410,137602000,629616,"137602000","foreign",379835
2023,1380300000,"National Capital Region (NCR)","Makati City","Makati City","National Capital Region (NCR)","Makati City","Makati City",1015410,137602000,629616,"137602000","overseas",3862
2023,1380300000,"National Capital Region (NCR)","Makati City","Makati City","National Capital Region (NCR)","Makati City","Makati City",1015410,137602000,629616,"137602000","domestic",631713
2023,1380500000,"National Capital Region (NCR)","Mandaluyong City","Mandaluyong City","National Capital Region (NCR)","Mandaluyong City","Mandaluyong City",179667,137401000,425758,"137401000","foreign",63464
2023,1380500000,"National Capital Region (NCR)","Mandaluyong City","Mandaluyong City","National Capital Region (NCR)","Mandaluyong City","Mandaluyong City",179667,137401000,425758,"137401000","overseas",NA
2023,1380500000,"National Capital Region (NCR)","Mandaluyong City","Mandaluyong City","National Capital Region (NCR)","Mandaluyong City","Mandaluyong City",179667,137401000,425758,"137401000","domestic",116203
2023,1380600000,"National Capital Region (NCR)","Manila City","Manila City","National Capital Region (NCR)","Manila City","Manila City",946943,133900000,1846513,"133900000","foreign",269708
2023,1380600000,"National Capital Region (NCR)","Manila City","Manila City","National Capital Region (NCR)","Manila City","Manila City",946943,133900000,1846513,"133900000","overseas",747
2023,1380600000,"National Capital Region (NCR)","Manila City","Manila City","National Capital Region (NCR)","Manila City","Manila City",946943,133900000,1846513,"133900000","domestic",676488
2023,1380800000,"National Capital Region (NCR)","Muntinlupa City","Muntinlupa City","National Capital Region (NCR)","Muntinlupa City","Muntinlupa City",402091,137603000,543445,"137603000","foreign",124650
2023,1380800000,"National Capital Region (NCR)","Muntinlupa City","Muntinlupa City","National Capital Region (NCR)","Muntinlupa City","Muntinlupa City",402091,137603000,543445,"137603000","overseas",69
2023,1380800000,"National Capital Region (NCR)","Muntinlupa City","Muntinlupa City","National Capital Region (NCR)","Muntinlupa City","Muntinlupa City",402091,137603000,543445,"137603000","domestic",277372
2023,1381000000,"National Capital Region (NCR)","Parañaque City","Parañaque City","National Capital Region (NCR)","Parañaque City","Parañaque City",1089061,137604000,689992,"137604000","foreign",399674
2023,1381000000,"National Capital Region (NCR)","Parañaque City","Parañaque City","National Capital Region (NCR)","Parañaque City","Parañaque City",1089061,137604000,689992,"137604000","overseas",53
2023,1381000000,"National Capital Region (NCR)","Parañaque City","Parañaque City","National Capital Region (NCR)","Parañaque City","Parañaque City",1089061,137604000,689992,"137604000","domestic",689334
2023,1381100000,"National Capital Region (NCR)","Pasay City","Pasay City","National Capital Region (NCR)","Pasay City","Pasay City",965791,137605000,440656,"137605000","foreign",353536
2023,1381100000,"National Capital Region (NCR)","Pasay City","Pasay City","National Capital Region (NCR)","Pasay City","Pasay City",965791,137605000,440656,"137605000","overseas",75
2023,1381100000,"National Capital Region (NCR)","Pasay City","Pasay City","National Capital Region (NCR)","Pasay City","Pasay City",965791,137605000,440656,"137605000","domestic",612180
2023,1381200000,"National Capital Region (NCR)","Pasig City","Pasig City","National Capital Region (NCR)","Pasig City","Pasig City",435323,137403000,803159,"137403000","foreign",146744
2023,1381200000,"National Capital Region (NCR)","Pasig City","Pasig City","National Capital Region (NCR)","Pasig City","Pasig City",435323,137403000,803159,"137403000","overseas",NA
2023,1381200000,"National Capital Region (NCR)","Pasig City","Pasig City","National Capital Region (NCR)","Pasig City","Pasig City",435323,137403000,803159,"137403000","domestic",288579
2023,1381300000,"National Capital Region (NCR)","Quezon City","Quezon City","National Capital Region (NCR)","Quezon City","Quezon City",1420404,137404000,2960048,"137404000","foreign",316541
2023,1381300000,"National Capital Region (NCR)","Quezon City","Quezon City","National Capital Region (NCR)","Quezon City","Quezon City",1420404,137404000,2960048,"137404000","overseas",438
2023,1381300000,"National Capital Region (NCR)","Quezon City","Quezon City","National Capital Region (NCR)","Quezon City","Quezon City",1420404,137404000,2960048,"137404000","domestic",1103425
2023,1381400000,"National Capital Region (NCR)","San Juan City","San Juan City","National Capital Region (NCR)","San Juan City","San Juan City",30620,137405000,126347,"137405000","foreign",3752
2023,1381400000,"National Capital Region (NCR)","San Juan City","San Juan City","National Capital Region (NCR)","San Juan City","San Juan City",30620,137405000,126347,"137405000","overseas",NA
2023,1381400000,"National Capital Region (NCR)","San Juan City","San Juan City","National Capital Region (NCR)","San Juan City","San Juan City",30620,137405000,126347,"137405000","domestic",26868
2023,1381500000,"National Capital Region (NCR)","Taguig City","Taguig City","National Capital Region (NCR)","Taguig City","Taguig City",401790,137607000,886722,"137607000","foreign",292756
2023,1381500000,"National Capital Region (NCR)","Taguig City","Taguig City","National Capital Region (NCR)","Taguig City","Taguig City",401790,137607000,886722,"137607000","overseas",NA
2023,1381500000,"National Capital Region (NCR)","Taguig City","Taguig City","National Capital Region (NCR)","Taguig City","Taguig City",401790,137607000,886722,"137607000","domestic",109034
2023,1381600000,"National Capital Region (NCR)","Valenzuela City","Valenzuela City","National Capital Region (NCR)","Valenzuela City","Valenzuela City",45631,137504000,714978,"137504000","foreign",3813
2023,1381600000,"National Capital Region (NCR)","Valenzuela City","Valenzuela City","National Capital Region (NCR)","Valenzuela City","Valenzuela City",45631,137504000,714978,"137504000","overseas",583
2023,1381600000,"National Capital Region (NCR)","Valenzuela City","Valenzuela City","National Capital Region (NCR)","Valenzuela City","Valenzuela City",45631,137504000,714978,"137504000","domestic",41235
2023,1401100000,"Cordillera Administrative Region (CAR)","Benguet","Benguet","Cordillera Administrative Region (CAR)","Benguet","",66833,141100000,460683,"141100000","foreign",498
2023,1401100000,"Cordillera Administrative Region (CAR)","Benguet","Benguet","Cordillera Administrative Region (CAR)","Benguet","",66833,141100000,460683,"141100000","overseas",56
2023,1401100000,"Cordillera Administrative Region (CAR)","Benguet","Benguet","Cordillera Administrative Region (CAR)","Benguet","",66833,141100000,460683,"141100000","domestic",66279
2023,1402700000,"Cordillera Administrative Region (CAR)","Ifugao","Ifugao","Cordillera Administrative Region (CAR)","Ifugao","",42793,142700000,207498,"142700000","foreign",14557
2023,1402700000,"Cordillera Administrative Region (CAR)","Ifugao","Ifugao","Cordillera Administrative Region (CAR)","Ifugao","",42793,142700000,207498,"142700000","overseas",357
2023,1402700000,"Cordillera Administrative Region (CAR)","Ifugao","Ifugao","Cordillera Administrative Region (CAR)","Ifugao","",42793,142700000,207498,"142700000","domestic",27879
2023,1403200000,"Cordillera Administrative Region (CAR)","Kalinga","Kalinga","Cordillera Administrative Region (CAR)","Kalinga","",118472,143200000,229570,"143200000","foreign",1483
2023,1403200000,"Cordillera Administrative Region (CAR)","Kalinga","Kalinga","Cordillera Administrative Region (CAR)","Kalinga","",118472,143200000,229570,"143200000","overseas",362
2023,1403200000,"Cordillera Administrative Region (CAR)","Kalinga","Kalinga","Cordillera Administrative Region (CAR)","Kalinga","",118472,143200000,229570,"143200000","domestic",116627
2023,1404400000,"Cordillera Administrative Region (CAR)","Mountain Province","Mountain Province","Cordillera Administrative Region (CAR)","Mountain Province","",142219,144400000,158200,"144400000","foreign",4808
2023,1404400000,"Cordillera Administrative Region (CAR)","Mountain Province","Mountain Province","Cordillera Administrative Region (CAR)","Mountain Province","",142219,144400000,158200,"144400000","overseas",NA
2023,1404400000,"Cordillera Administrative Region (CAR)","Mountain Province","Mountain Province","Cordillera Administrative Region (CAR)","Mountain Province","",142219,144400000,158200,"144400000","domestic",137411
2023,1430300000,"Cordillera Administrative Region (CAR)","Benguet","Baguio City","Cordillera Administrative Region (CAR)","Benguet","Baguio City",1309930,141102000,366358,"141102000","foreign",8475
2023,1430300000,"Cordillera Administrative Region (CAR)","Benguet","Baguio City","Cordillera Administrative Region (CAR)","Benguet","Baguio City",1309930,141102000,366358,"141102000","overseas",NA
2023,1430300000,"Cordillera Administrative Region (CAR)","Benguet","Baguio City","Cordillera Administrative Region (CAR)","Benguet","Baguio City",1309930,141102000,366358,"141102000","domestic",1301455
2023,1600200000,"Region XIII (Caraga)","Agusan del Norte","Agusan del Norte","Region XIII (CARAGA)","Agusan del Norte","",150741,160200000,387503,"160200000","foreign",236
2023,1600200000,"Region XIII (Caraga)","Agusan del Norte","Agusan del Norte","Region XIII (CARAGA)","Agusan del Norte","",150741,160200000,387503,"160200000","overseas",NA
2023,1600200000,"Region XIII (Caraga)","Agusan del Norte","Agusan del Norte","Region XIII (CARAGA)","Agusan del Norte","",150741,160200000,387503,"160200000","domestic",150505
2023,1600200000,"Region XIII (Caraga)","Agusan del Norte","Agusan del Norte","Region XIII (CARAGA)","Agusan del Sur","",103318,160200000,387503,"160200000","foreign",349
2023,1600200000,"Region XIII (Caraga)","Agusan del Norte","Agusan del Norte","Region XIII (CARAGA)","Agusan del Sur","",103318,160200000,387503,"160200000","overseas",NA
2023,1600200000,"Region XIII (Caraga)","Agusan del Norte","Agusan del Norte","Region XIII (CARAGA)","Agusan del Sur","",103318,160200000,387503,"160200000","domestic",102969
2023,1600200000,"Region XIII (Caraga)","Agusan del Norte","Agusan del Norte","Region XIII (CARAGA)","Surigao del Norte","",704571,160200000,387503,"160200000","foreign",56416
2023,1600200000,"Region XIII (Caraga)","Agusan del Norte","Agusan del Norte","Region XIII (CARAGA)","Surigao del Norte","",704571,160200000,387503,"160200000","overseas",NA
2023,1600200000,"Region XIII (Caraga)","Agusan del Norte","Agusan del Norte","Region XIII (CARAGA)","Surigao del Norte","",704571,160200000,387503,"160200000","domestic",648155
2023,1600203000,"Region XIII (Caraga)","Agusan del Norte","Cabadbaran City","Region XIII (CARAGA)","Agusan del Norte","Cabadbaran City",39827,160203000,80354,"160203000","foreign",236
2023,1600203000,"Region XIII (Caraga)","Agusan del Norte","Cabadbaran City","Region XIII (CARAGA)","Agusan del Norte","Cabadbaran City",39827,160203000,80354,"160203000","overseas",NA
2023,1600203000,"Region XIII (Caraga)","Agusan del Norte","Cabadbaran City","Region XIII (CARAGA)","Agusan del Norte","Cabadbaran City",39827,160203000,80354,"160203000","domestic",39591
2023,1600300000,"Region XIII (Caraga)","Agusan del Sur","Agusan del Sur","Region XIII (CARAGA)","Surigao del Sur","",279150,160300000,739367,"160300000","foreign",1143
2023,1600300000,"Region XIII (Caraga)","Agusan del Sur","Agusan del Sur","Region XIII (CARAGA)","Surigao del Sur","",279150,160300000,739367,"160300000","overseas",NA
2023,1600300000,"Region XIII (Caraga)","Agusan del Sur","Agusan del Sur","Region XIII (CARAGA)","Surigao del Sur","",279150,160300000,739367,"160300000","domestic",278007
2023,1600301000,"Region XIII (Caraga)","Agusan del Sur","Bayugan City","Region XIII (CARAGA)","Agusan del Sur","Bayugan",29051,160301000,109499,"160301000","foreign",129
2023,1600301000,"Region XIII (Caraga)","Agusan del Sur","Bayugan City","Region XIII (CARAGA)","Agusan del Sur","Bayugan",29051,160301000,109499,"160301000","overseas",NA
2023,1600301000,"Region XIII (Caraga)","Agusan del Sur","Bayugan City","Region XIII (CARAGA)","Agusan del Sur","Bayugan",29051,160301000,109499,"160301000","domestic",28922
2023,1606710000,"Region XIII (Caraga)","Surigao del Norte","General Luna","Region XIII (CARAGA)","Surigao del Norte","General Luna",529822,166710000,22853,"166710000","foreign",53748
2023,1606710000,"Region XIII (Caraga)","Surigao del Norte","General Luna","Region XIII (CARAGA)","Surigao del Norte","General Luna",529822,166710000,22853,"166710000","overseas",NA
2023,1606710000,"Region XIII (Caraga)","Surigao del Norte","General Luna","Region XIII (CARAGA)","Surigao del Norte","General Luna",529822,166710000,22853,"166710000","domestic",476074
2023,1606724000,"Region XIII (Caraga)","Surigao del Norte","Surigao City","Region XIII (CARAGA)","Surigao del Norte","Surigao City",170357,166724000,171107,"166724000","foreign",2668
2023,1606724000,"Region XIII (Caraga)","Surigao del Norte","Surigao City","Region XIII (CARAGA)","Surigao del Norte","Surigao City",170357,166724000,171107,"166724000","overseas",NA
2023,1606724000,"Region XIII (Caraga)","Surigao del Norte","Surigao City","Region XIII (CARAGA)","Surigao del Norte","Surigao City",170357,166724000,171107,"166724000","domestic",167689
2023,1606803000,"Region XIII (Caraga)","Surigao del Sur","Bislig City","Region XIII (CARAGA)","Surigao del Sur","Bislig City",49105,166803000,99290,"166803000","foreign",402
2023,1606803000,"Region XIII (Caraga)","Surigao del Sur","Bislig City","Region XIII (CARAGA)","Surigao del Sur","Bislig City",49105,166803000,99290,"166803000","overseas",NA
2023,1606803000,"Region XIII (Caraga)","Surigao del Sur","Bislig City","Region XIII (CARAGA)","Surigao del Sur","Bislig City",49105,166803000,99290,"166803000","domestic",48703
2023,1606819000,"Region XIII (Caraga)","Surigao del Sur","Tandag City","Region XIII (CARAGA)","Surigao del Sur","Tandag City",68836,166819000,62669,"166819000","foreign",285
2023,1606819000,"Region XIII (Caraga)","Surigao del Sur","Tandag City","Region XIII (CARAGA)","Surigao del Sur","Tandag City",68836,166819000,62669,"166819000","overseas",NA
2023,1606819000,"Region XIII (Caraga)","Surigao del Sur","Tandag City","Region XIII (CARAGA)","Surigao del Sur","Tandag City",68836,166819000,62669,"166819000","domestic",68551
2023,1608500000,"Region XIII (Caraga)","Dinagat Islands","Dinagat Islands","Region XIII (CARAGA)","Dinagat Islands","",22832,168500000,128117,"168500000","foreign",682
2023,1608500000,"Region XIII (Caraga)","Dinagat Islands","Dinagat Islands","Region XIII (CARAGA)","Dinagat Islands","",22832,168500000,128117,"168500000","overseas",NA
2023,1608500000,"Region XIII (Caraga)","Dinagat Islands","Dinagat Islands","Region XIII (CARAGA)","Dinagat Islands","",22832,168500000,128117,"168500000","domestic",22150
2023,1630400000,"Region XIII (Caraga)","Agusan del Norte","Butuan City","Region XIII (CARAGA)","Agusan del Norte","Butuan City",199587,160202000,372910,"160202000","foreign",4429
2023,1630400000,"Region XIII (Caraga)","Agusan del Norte","Butuan City","Region XIII (CARAGA)","Agusan del Norte","Butuan City",199587,160202000,372910,"160202000","overseas",NA
2023,1630400000,"Region XIII (Caraga)","Agusan del Norte","Butuan City","Region XIII (CARAGA)","Agusan del Norte","Butuan City",199587,160202000,372910,"160202000","domestic",195158
2023,1704001000,"MIMAROPA Region","Marinduque","Boac","MIMAROPA Region","Marinduque","Boac",24732,174001000,57283,"174001000","foreign",470
2023,1704001000,"MIMAROPA Region","Marinduque","Boac","MIMAROPA Region","Marinduque","Boac",24732,174001000,57283,"174001000","overseas",97
2023,1704001000,"MIMAROPA Region","Marinduque","Boac","MIMAROPA Region","Marinduque","Boac",24732,174001000,57283,"174001000","domestic",24165
2023,1704005000,"MIMAROPA Region","Marinduque","Santa Cruz","MIMAROPA Region","Marinduque","Sta. Cruz",14300,174005000,54692,"174005000","foreign",47
2023,1704005000,"MIMAROPA Region","Marinduque","Santa Cruz","MIMAROPA Region","Marinduque","Sta. Cruz",14300,174005000,54692,"174005000","overseas",1
2023,1704005000,"MIMAROPA Region","Marinduque","Santa Cruz","MIMAROPA Region","Marinduque","Sta. Cruz",14300,174005000,54692,"174005000","domestic",140252
2023,1704006000,"MIMAROPA Region","Marinduque","Torrijos","MIMAROPA Region","Marinduque","Torrijos",9349,174006000,30476,"174006000","foreign",150
2023,1704006000,"MIMAROPA Region","Marinduque","Torrijos","MIMAROPA Region","Marinduque","Torrijos",9349,174006000,30476,"174006000","overseas",NA
2023,1704006000,"MIMAROPA Region","Marinduque","Torrijos","MIMAROPA Region","Marinduque","Torrijos",9349,174006000,30476,"174006000","domestic",9199
2023,1705102000,"MIMAROPA Region","Occidental Mindoro","Calintaan","MIMAROPA Region","Occidental Mindoro","Calintaan",823,175102000,30190,"175102000","foreign",7
2023,1705102000,"MIMAROPA Region","Occidental Mindoro","Calintaan","MIMAROPA Region","Occidental Mindoro","Calintaan",823,175102000,30190,"175102000","overseas",NA
2023,1705102000,"MIMAROPA Region","Occidental Mindoro","Calintaan","MIMAROPA Region","Occidental Mindoro","Calintaan",823,175102000,30190,"175102000","domestic",816
2023,1705104000,"MIMAROPA Region","Occidental Mindoro","Lubang","MIMAROPA Region","Occidental Mindoro","Lubang",11704,175104000,17437,"175104000","foreign",44
2023,1705104000,"MIMAROPA Region","Occidental Mindoro","Lubang","MIMAROPA Region","Occidental Mindoro","Lubang",11704,175104000,17437,"175104000","overseas",NA
2023,1705104000,"MIMAROPA Region","Occidental Mindoro","Lubang","MIMAROPA Region","Occidental Mindoro","Lubang",11704,175104000,17437,"175104000","domestic",11660
2023,1705105000,"MIMAROPA Region","Occidental Mindoro","Magsaysay","MIMAROPA Region","Occidental Mindoro","Magsaysay",3615,175105000,39767,"175105000","foreign",19
2023,1705105000,"MIMAROPA Region","Occidental Mindoro","Magsaysay","MIMAROPA Region","Occidental Mindoro","Magsaysay",3615,175105000,39767,"175105000","overseas",NA
2023,1705105000,"MIMAROPA Region","Occidental Mindoro","Magsaysay","MIMAROPA Region","Occidental Mindoro","Magsaysay",3615,175105000,39767,"175105000","domestic",3596
2023,1705106000,"MIMAROPA Region","Occidental Mindoro","Mamburao","MIMAROPA Region","Occidental Mindoro","Mamburao",7339,175106000,47705,"175106000","foreign",75
2023,1705106000,"MIMAROPA Region","Occidental Mindoro","Mamburao","MIMAROPA Region","Occidental Mindoro","Mamburao",7339,175106000,47705,"175106000","overseas",NA
2023,1705106000,"MIMAROPA Region","Occidental Mindoro","Mamburao","MIMAROPA Region","Occidental Mindoro","Mamburao",7339,175106000,47705,"175106000","domestic",7264
2023,1705108000,"MIMAROPA Region","Occidental Mindoro","Rizal","MIMAROPA Region","Occidental Mindoro","Rizal",2780,175108000,40429,"175108000","foreign",87
2023,1705108000,"MIMAROPA Region","Occidental Mindoro","Rizal","MIMAROPA Region","Occidental Mindoro","Rizal",2780,175108000,40429,"175108000","overseas",NA
2023,1705108000,"MIMAROPA Region","Occidental Mindoro","Rizal","MIMAROPA Region","Occidental Mindoro","Rizal",2780,175108000,40429,"175108000","domestic",2693
2023,1705109000,"MIMAROPA Region","Occidental Mindoro","Sablayan","MIMAROPA Region","Occidental Mindoro","Sablayan",15990,175109000,92598,"175109000","foreign",1615
2023,1705109000,"MIMAROPA Region","Occidental Mindoro","Sablayan","MIMAROPA Region","Occidental Mindoro","Sablayan",15990,175109000,92598,"175109000","overseas",11
2023,1705109000,"MIMAROPA Region","Occidental Mindoro","Sablayan","MIMAROPA Region","Occidental Mindoro","Sablayan",15990,175109000,92598,"175109000","domestic",140364
2023,1705110000,"MIMAROPA Region","Occidental Mindoro","San Jose","MIMAROPA Region","Occidental Mindoro","San Jose",84475,175110000,153267,"175110000","foreign",1831
2023,1705110000,"MIMAROPA Region","Occidental Mindoro","San Jose","MIMAROPA Region","Occidental Mindoro","San Jose",84475,175110000,153267,"175110000","overseas",80
2023,1705110000,"MIMAROPA Region","Occidental Mindoro","San Jose","MIMAROPA Region","Occidental Mindoro","San Jose",84475,175110000,153267,"175110000","domestic",82564
2023,1705111000,"MIMAROPA Region","Occidental Mindoro","Santa Cruz","MIMAROPA Region","Occidental Mindoro","Santa Cruz",4182,175111000,42417,"175111000","foreign",26
2023,1705111000,"MIMAROPA Region","Occidental Mindoro","Santa Cruz","MIMAROPA Region","Occidental Mindoro","Santa Cruz",4182,175111000,42417,"175111000","overseas",NA
2023,1705111000,"MIMAROPA Region","Occidental Mindoro","Santa Cruz","MIMAROPA Region","Occidental Mindoro","Santa Cruz",4182,175111000,42417,"175111000","domestic",4156
2023,1705204000,"MIMAROPA Region","Oriental Mindoro","Bulalacao","MIMAROPA Region","Oriental Mindoro","Bulalacao",40427,175204000,44366,"175204000","foreign",86
2023,1705204000,"MIMAROPA Region","Oriental Mindoro","Bulalacao","MIMAROPA Region","Oriental Mindoro","Bulalacao",40427,175204000,44366,"175204000","overseas",45
2023,1705204000,"MIMAROPA Region","Oriental Mindoro","Bulalacao","MIMAROPA Region","Oriental Mindoro","Bulalacao",40427,175204000,44366,"175204000","domestic",40296
2023,1705205000,"MIMAROPA Region","Oriental Mindoro","Calapan City","MIMAROPA Region","Oriental Mindoro","Calapan City",81170,175205000,145786,"175205000","foreign",1653
2023,1705205000,"MIMAROPA Region","Oriental Mindoro","Calapan City","MIMAROPA Region","Oriental Mindoro","Calapan City",81170,175205000,145786,"175205000","overseas",276
2023,1705205000,"MIMAROPA Region","Oriental Mindoro","Calapan City","MIMAROPA Region","Oriental Mindoro","Calapan City",81170,175205000,145786,"175205000","domestic",79241
2023,1705206000,"MIMAROPA Region","Oriental Mindoro","Gloria","MIMAROPA Region","Oriental Mindoro","Gloria",19276,175206000,50496,"175206000","foreign",20
2023,1705206000,"MIMAROPA Region","Oriental Mindoro","Gloria","MIMAROPA Region","Oriental Mindoro","Gloria",19276,175206000,50496,"175206000","overseas",NA
2023,1705206000,"MIMAROPA Region","Oriental Mindoro","Gloria","MIMAROPA Region","Oriental Mindoro","Gloria",19276,175206000,50496,"175206000","domestic",19256
2023,1705207000,"MIMAROPA Region","Oriental Mindoro","Mansalay","MIMAROPA Region","Oriental Mindoro","Mansalay",11456,175207000,59114,"175207000","foreign",81
2023,1705207000,"MIMAROPA Region","Oriental Mindoro","Mansalay","MIMAROPA Region","Oriental Mindoro","Mansalay",11456,175207000,59114,"175207000","overseas",32
2023,1705207000,"MIMAROPA Region","Oriental Mindoro","Mansalay","MIMAROPA Region","Oriental Mindoro","Mansalay",11456,175207000,59114,"175207000","domestic",11343
2023,1705208000,"MIMAROPA Region","Oriental Mindoro","Naujan","MIMAROPA Region","Oriental Mindoro","Naujan",1465,175208000,109587,"175208000","foreign",23
2023,1705208000,"MIMAROPA Region","Oriental Mindoro","Naujan","MIMAROPA Region","Oriental Mindoro","Naujan",1465,175208000,109587,"175208000","overseas",NA
2023,1705208000,"MIMAROPA Region","Oriental Mindoro","Naujan","MIMAROPA Region","Oriental Mindoro","Naujan",1465,175208000,109587,"175208000","domestic",1442
2023,1705209000,"MIMAROPA Region","Oriental Mindoro","Pinamalayan","MIMAROPA Region","Oriental Mindoro","Pinamalayan",36642,175209000,90383,"175209000","foreign",154
2023,1705209000,"MIMAROPA Region","Oriental Mindoro","Pinamalayan","MIMAROPA Region","Oriental Mindoro","Pinamalayan",36642,175209000,90383,"175209000","overseas",8
2023,1705209000,"MIMAROPA Region","Oriental Mindoro","Pinamalayan","MIMAROPA Region","Oriental Mindoro","Pinamalayan",36642,175209000,90383,"175209000","domestic",36480
2023,1705210000,"MIMAROPA Region","Oriental Mindoro","Pola","MIMAROPA Region","Oriental Mindoro","Pola",3103,175210000,35455,"175210000","foreign",23
2023,1705210000,"MIMAROPA Region","Oriental Mindoro","Pola","MIMAROPA Region","Oriental Mindoro","Pola",3103,175210000,35455,"175210000","overseas",NA
2023,1705210000,"MIMAROPA Region","Oriental Mindoro","Pola","MIMAROPA Region","Oriental Mindoro","Pola",3103,175210000,35455,"175210000","domestic",3080
2023,1705211000,"MIMAROPA Region","Oriental Mindoro","Puerto Galera","MIMAROPA Region","Oriental Mindoro","Puerto Galera",215256,175211000,41961,"175211000","foreign",61593
2023,1705211000,"MIMAROPA Region","Oriental Mindoro","Puerto Galera","MIMAROPA Region","Oriental Mindoro","Puerto Galera",215256,175211000,41961,"175211000","overseas",78
2023,1705211000,"MIMAROPA Region","Oriental Mindoro","Puerto Galera","MIMAROPA Region","Oriental Mindoro","Puerto Galera",215256,175211000,41961,"175211000","domestic",153585
2023,1705212000,"MIMAROPA Region","Oriental Mindoro","Roxas","MIMAROPA Region","Oriental Mindoro","Roxas",14467,175212000,58849,"175212000","foreign",123
2023,1705212000,"MIMAROPA Region","Oriental Mindoro","Roxas","MIMAROPA Region","Oriental Mindoro","Roxas",14467,175212000,58849,"175212000","overseas",NA
2023,1705212000,"MIMAROPA Region","Oriental Mindoro","Roxas","MIMAROPA Region","Oriental Mindoro","Roxas",14467,175212000,58849,"175212000","domestic",14344
2023,1705214000,"MIMAROPA Region","Oriental Mindoro","Socorro","MIMAROPA Region","Oriental Mindoro","Socorro",8025,175214000,41585,"175214000","foreign",3566
2023,1705214000,"MIMAROPA Region","Oriental Mindoro","Socorro","MIMAROPA Region","Oriental Mindoro","Socorro",8025,175214000,41585,"175214000","overseas",5
2023,1705214000,"MIMAROPA Region","Oriental Mindoro","Socorro","MIMAROPA Region","Oriental Mindoro","Socorro",8025,175214000,41585,"175214000","domestic",40454
2023,1705215000,"MIMAROPA Region","Oriental Mindoro","Victoria","MIMAROPA Region","Oriental Mindoro","Victoria",8350,175215000,52175,"175215000","foreign",5
2023,1705215000,"MIMAROPA Region","Oriental Mindoro","Victoria","MIMAROPA Region","Oriental Mindoro","Victoria",8350,175215000,52175,"175215000","overseas",NA
2023,1705215000,"MIMAROPA Region","Oriental Mindoro","Victoria","MIMAROPA Region","Oriental Mindoro","Victoria",8350,175215000,52175,"175215000","domestic",8345
2023,1705301000,"MIMAROPA Region","Palawan","Aborlan","MIMAROPA Region","Palawan","Aborlan",1138,175301000,38736,"175301000","foreign",705
2023,1705301000,"MIMAROPA Region","Palawan","Aborlan","MIMAROPA Region","Palawan","Aborlan",1138,175301000,38736,"175301000","overseas",1
2023,1705301000,"MIMAROPA Region","Palawan","Aborlan","MIMAROPA Region","Palawan","Aborlan",1138,175301000,38736,"175301000","domestic",432
2023,1705303000,"MIMAROPA Region","Palawan","Araceli","MIMAROPA Region","Palawan","Araceli",1188,175303000,14434,"175303000","foreign",120
2023,1705303000,"MIMAROPA Region","Palawan","Araceli","MIMAROPA Region","Palawan","Araceli",1188,175303000,14434,"175303000","overseas",NA
2023,1705303000,"MIMAROPA Region","Palawan","Araceli","MIMAROPA Region","Palawan","Araceli",1188,175303000,14434,"175303000","domestic",1068
2023,1705304000,"MIMAROPA Region","Palawan","Balabac","MIMAROPA Region","Palawan","Balabac",2875,175304000,42527,"175304000","foreign",431
2023,1705304000,"MIMAROPA Region","Palawan","Balabac","MIMAROPA Region","Palawan","Balabac",2875,175304000,42527,"175304000","overseas",NA
2023,1705304000,"MIMAROPA Region","Palawan","Balabac","MIMAROPA Region","Palawan","Balabac",2875,175304000,42527,"175304000","domestic",2444
2023,1705305000,"MIMAROPA Region","Palawan","Bataraza","MIMAROPA Region","Palawan","Bataraza",8682,175305000,85439,"175305000","foreign",141
2023,1705305000,"MIMAROPA Region","Palawan","Bataraza","MIMAROPA Region","Palawan","Bataraza",8682,175305000,85439,"175305000","overseas",NA
2023,1705305000,"MIMAROPA Region","Palawan","Bataraza","MIMAROPA Region","Palawan","Bataraza",8682,175305000,85439,"175305000","domestic",8541
2023,1705306000,"MIMAROPA Region","Palawan","Brooke's Point","MIMAROPA Region","Palawan","Brooke's Point",27264,175306000,73994,"175306000","foreign",487
2023,1705306000,"MIMAROPA Region","Palawan","Brooke's Point","MIMAROPA Region","Palawan","Brooke's Point",27264,175306000,73994,"175306000","overseas",30
2023,1705306000,"MIMAROPA Region","Palawan","Brooke's Point","MIMAROPA Region","Palawan","Brooke's Point",27264,175306000,73994,"175306000","domestic",26747
2023,1705307000,"MIMAROPA Region","Palawan","Busuanga","MIMAROPA Region","Palawan","Busuanga",18434,175307000,25617,"175307000","foreign",8458
2023,1705307000,"MIMAROPA Region","Palawan","Busuanga","MIMAROPA Region","Palawan","Busuanga",18434,175307000,25617,"175307000","overseas",33
2023,1705307000,"MIMAROPA Region","Palawan","Busuanga","MIMAROPA Region","Palawan","Busuanga",18434,175307000,25617,"175307000","domestic",9943
2023,1705308000,"MIMAROPA Region","Palawan","Cagayancillo","MIMAROPA Region","Palawan","Cagayancillo",183,175308000,6884,"175308000","foreign",177
2023,1705308000,"MIMAROPA Region","Palawan","Cagayancillo","MIMAROPA Region","Palawan","Cagayancillo",183,175308000,6884,"175308000","overseas",NA
2023,1705308000,"MIMAROPA Region","Palawan","Cagayancillo","MIMAROPA Region","Palawan","Cagayancillo",183,175308000,6884,"175308000","domestic",6
2023,1705309000,"MIMAROPA Region","Palawan","Coron","MIMAROPA Region","Palawan","Coron",276333,175309000,65855,"175309000","foreign",153229
2023,1705309000,"MIMAROPA Region","Palawan","Coron","MIMAROPA Region","Palawan","Coron",276333,175309000,65855,"175309000","overseas",3204
2023,1705309000,"MIMAROPA Region","Palawan","Coron","MIMAROPA Region","Palawan","Coron",276333,175309000,65855,"175309000","domestic",119900
2023,1705310000,"MIMAROPA Region","Palawan","Cuyo","MIMAROPA Region","Palawan","Cuyo",463,175310000,23489,"175310000","foreign",51
2023,1705310000,"MIMAROPA Region","Palawan","Cuyo","MIMAROPA Region","Palawan","Cuyo",463,175310000,23489,"175310000","overseas",2
2023,1705310000,"MIMAROPA Region","Palawan","Cuyo","MIMAROPA Region","Palawan","Cuyo",463,175310000,23489,"175310000","domestic",410
2023,1705311000,"MIMAROPA Region","Palawan","Dumaran","MIMAROPA Region","Palawan","Dumaran",1760,175311000,23528,"175311000","foreign",17
2023,1705311000,"MIMAROPA Region","Palawan","Dumaran","MIMAROPA Region","Palawan","Dumaran",1760,175311000,23528,"175311000","overseas",NA
2023,1705311000,"MIMAROPA Region","Palawan","Dumaran","MIMAROPA Region","Palawan","Dumaran",1760,175311000,23528,"175311000","domestic",1743
2023,1705312000,"MIMAROPA Region","Palawan","El Nido","MIMAROPA Region","Palawan","El Nido",550847,175312000,50494,"175312000","foreign",283471
2023,1705312000,"MIMAROPA Region","Palawan","El Nido","MIMAROPA Region","Palawan","El Nido",550847,175312000,50494,"175312000","overseas",4393
2023,1705312000,"MIMAROPA Region","Palawan","El Nido","MIMAROPA Region","Palawan","El Nido",550847,175312000,50494,"175312000","domestic",262983
2023,1705313000,"MIMAROPA Region","Palawan","Linapacan","MIMAROPA Region","Palawan","Linapacan",27786,175313000,16424,"175313000","foreign",26974
2023,1705313000,"MIMAROPA Region","Palawan","Linapacan","MIMAROPA Region","Palawan","Linapacan",27786,175313000,16424,"175313000","overseas",1
2023,1705313000,"MIMAROPA Region","Palawan","Linapacan","MIMAROPA Region","Palawan","Linapacan",27786,175313000,16424,"175313000","domestic",811
2023,1705315000,"MIMAROPA Region","Palawan","Narra","MIMAROPA Region","Palawan","Narra",24792,175315000,77948,"175315000","foreign",572
2023,1705315000,"MIMAROPA Region","Palawan","Narra","MIMAROPA Region","Palawan","Narra",24792,175315000,77948,"175315000","overseas",4
2023,1705315000,"MIMAROPA Region","Palawan","Narra","MIMAROPA Region","Palawan","Narra",24792,175315000,77948,"175315000","domestic",240216
2023,1705318000,"MIMAROPA Region","Palawan","Roxas","MIMAROPA Region","Palawan","Roxas",10587,175318000,69624,"175318000","foreign",1369
2023,1705318000,"MIMAROPA Region","Palawan","Roxas","MIMAROPA Region","Palawan","Roxas",10587,175318000,69624,"175318000","overseas",6
2023,1705318000,"MIMAROPA Region","Palawan","Roxas","MIMAROPA Region","Palawan","Roxas",10587,175318000,69624,"175318000","domestic",90212
2023,1705319000,"MIMAROPA Region","Palawan","San Vicente","MIMAROPA Region","Palawan","San Vicente",86093,175319000,33507,"175319000","foreign",59807
2023,1705319000,"MIMAROPA Region","Palawan","San Vicente","MIMAROPA Region","Palawan","San Vicente",86093,175319000,33507,"175319000","overseas",572
2023,1705319000,"MIMAROPA Region","Palawan","San Vicente","MIMAROPA Region","Palawan","San Vicente",86093,175319000,33507,"175319000","domestic",25714
2023,1705320000,"MIMAROPA Region","Palawan","Taytay","MIMAROPA Region","Palawan","Taytay",14646,175320000,83357,"175320000","foreign",2210
2023,1705320000,"MIMAROPA Region","Palawan","Taytay","MIMAROPA Region","Palawan","Taytay",14646,175320000,83357,"175320000","overseas",19
2023,1705320000,"MIMAROPA Region","Palawan","Taytay","MIMAROPA Region","Palawan","Taytay",14646,175320000,83357,"175320000","domestic",12417
2023,1705322000,"MIMAROPA Region","Palawan","Culion","MIMAROPA Region","Palawan","Culion",17702,175322000,23213,"175322000","foreign",5307
2023,1705322000,"MIMAROPA Region","Palawan","Culion","MIMAROPA Region","Palawan","Culion",17702,175322000,23213,"175322000","overseas",1
2023,1705322000,"MIMAROPA Region","Palawan","Culion","MIMAROPA Region","Palawan","Culion",17702,175322000,23213,"175322000","domestic",120394
2023,1705323000,"MIMAROPA Region","Palawan","Dr. Jose P. Rizal","MIMAROPA Region","Palawan","Dr. Jose P. Rizal",683,175323000,56162,"175323000","foreign",338
2023,1705323000,"MIMAROPA Region","Palawan","Dr. Jose P. Rizal","MIMAROPA Region","Palawan","Dr. Jose P. Rizal",683,175323000,56162,"175323000","overseas",NA
2023,1705323000,"MIMAROPA Region","Palawan","Dr. Jose P. Rizal","MIMAROPA Region","Palawan","Dr. Jose P. Rizal",683,175323000,56162,"175323000","domestic",345
2023,1705324000,"MIMAROPA Region","Palawan","Sofronio Española","MIMAROPA Region","Palawan","Sofronio Espanola",1109,175324000,37416,"175324000","foreign",8
2023,1705324000,"MIMAROPA Region","Palawan","Sofronio Española","MIMAROPA Region","Palawan","Sofronio Espanola",1109,175324000,37416,"175324000","overseas",NA
2023,1705324000,"MIMAROPA Region","Palawan","Sofronio Española","MIMAROPA Region","Palawan","Sofronio Espanola",1109,175324000,37416,"175324000","domestic",1101
2023,1705906000,"MIMAROPA Region","Romblon","Corcuera","MIMAROPA Region","Romblon","Corcuera",239,175906000,10112,"175906000","foreign",4
2023,1705906000,"MIMAROPA Region","Romblon","Corcuera","MIMAROPA Region","Romblon","Corcuera",239,175906000,10112,"175906000","overseas",1
2023,1705906000,"MIMAROPA Region","Romblon","Corcuera","MIMAROPA Region","Romblon","Corcuera",239,175906000,10112,"175906000","domestic",234
2023,1705909000,"MIMAROPA Region","Romblon","Odiongan","MIMAROPA Region","Romblon","Odiongan",12760,175909000,49284,"175909000","foreign",78
2023,1705909000,"MIMAROPA Region","Romblon","Odiongan","MIMAROPA Region","Romblon","Odiongan",12760,175909000,49284,"175909000","overseas",42
2023,1705909000,"MIMAROPA Region","Romblon","Odiongan","MIMAROPA Region","Romblon","Odiongan",12760,175909000,49284,"175909000","domestic",12640
2023,1705910000,"MIMAROPA Region","Romblon","Romblon","MIMAROPA Region","Romblon","Romblon",14047,175910000,40554,"175910000","foreign",640
2023,1705910000,"MIMAROPA Region","Romblon","Romblon","MIMAROPA Region","Romblon","Romblon",14047,175910000,40554,"175910000","overseas",49
2023,1705910000,"MIMAROPA Region","Romblon","Romblon","MIMAROPA Region","Romblon","Romblon",14047,175910000,40554,"175910000","domestic",13358
2023,1705911000,"MIMAROPA Region","Romblon","San Agustin","MIMAROPA Region","Romblon","San Agustin",433,175911000,24115,"175911000","foreign",5
2023,1705911000,"MIMAROPA Region","Romblon","San Agustin","MIMAROPA Region","Romblon","San Agustin",433,175911000,24115,"175911000","overseas",NA
2023,1705911000,"MIMAROPA Region","Romblon","San Agustin","MIMAROPA Region","Romblon","San Agustin",433,175911000,24115,"175911000","domestic",428
2023,1705913000,"MIMAROPA Region","Romblon","San Fernando","MIMAROPA Region","Romblon","San Fernando",2295,175913000,24171,"175913000","foreign",41
2023,1705913000,"MIMAROPA Region","Romblon","San Fernando","MIMAROPA Region","Romblon","San Fernando",2295,175913000,24171,"175913000","overseas",NA
2023,1705913000,"MIMAROPA Region","Romblon","San Fernando","MIMAROPA Region","Romblon","San Fernando",2295,175913000,24171,"175913000","domestic",2254
2023,1705914000,"MIMAROPA Region","Romblon","San Jose","MIMAROPA Region","Romblon","San Jose",3382,175914000,11759,"175914000","foreign",579
2023,1705914000,"MIMAROPA Region","Romblon","San Jose","MIMAROPA Region","Romblon","San Jose",3382,175914000,11759,"175914000","overseas",8
2023,1705914000,"MIMAROPA Region","Romblon","San Jose","MIMAROPA Region","Romblon","San Jose",3382,175914000,11759,"175914000","domestic",20795
2023,1705915000,"MIMAROPA Region","Romblon","Santa Fe","MIMAROPA Region","Romblon","Santa Fe",1288,175915000,17802,"175915000","foreign",51
2023,1705915000,"MIMAROPA Region","Romblon","Santa Fe","MIMAROPA Region","Romblon","Santa Fe",1288,175915000,17802,"175915000","overseas",2
2023,1705915000,"MIMAROPA Region","Romblon","Santa Fe","MIMAROPA Region","Romblon","Santa Fe",1288,175915000,17802,"175915000","domestic",10235
2023,1705916000,"MIMAROPA Region","Romblon","Ferrol","MIMAROPA Region","Romblon","Ferrol",975,175916000,8005,"175916000","foreign",4
2023,1705916000,"MIMAROPA Region","Romblon","Ferrol","MIMAROPA Region","Romblon","Ferrol",975,175916000,8005,"175916000","overseas",1
2023,1705916000,"MIMAROPA Region","Romblon","Ferrol","MIMAROPA Region","Romblon","Ferrol",975,175916000,8005,"175916000","domestic",970
2023,1731500000,"MIMAROPA Region","Palawan","Puerto Princesa City","MIMAROPA Region","Palawan","Puerto Princesa City",580610,175316000,307079,"175316000","foreign",163665
2023,1731500000,"MIMAROPA Region","Palawan","Puerto Princesa City","MIMAROPA Region","Palawan","Puerto Princesa City",580610,175316000,307079,"175316000","overseas",2759
2023,1731500000,"MIMAROPA Region","Palawan","Puerto Princesa City","MIMAROPA Region","Palawan","Puerto Princesa City",580610,175316000,307079,"175316000","domestic",414186
2023,1804503000,"Negros Island Region (NIR)","Negros Occidental","Binalbagan","Negros Island Region (NIR)","Negros Occidental","Binalbagan",6357,64503000,71407,"064503000","foreign",40
2023,1804503000,"Negros Island Region (NIR)","Negros Occidental","Binalbagan","Negros Island Region (NIR)","Negros Occidental","Binalbagan",6357,64503000,71407,"064503000","overseas",NA
2023,1804503000,"Negros Island Region (NIR)","Negros Occidental","Binalbagan","Negros Island Region (NIR)","Negros Occidental","Binalbagan",6357,64503000,71407,"064503000","domestic",6317
2023,1804504000,"Negros Island Region (NIR)","Negros Occidental","Cadiz City","Negros Island Region (NIR)","Negros Occidental","Cadiz",33868,64504000,158544,"064504000","foreign",2010
2023,1804504000,"Negros Island Region (NIR)","Negros Occidental","Cadiz City","Negros Island Region (NIR)","Negros Occidental","Cadiz",33868,64504000,158544,"064504000","overseas",NA
2023,1804504000,"Negros Island Region (NIR)","Negros Occidental","Cadiz City","Negros Island Region (NIR)","Negros Occidental","Cadiz",33868,64504000,158544,"064504000","domestic",31858
2023,1804510000,"Negros Island Region (NIR)","Negros Occidental","Himamaylan City","Negros Island Region (NIR)","Negros Occidental","Himamaylan",6284,64510000,116240,"064510000","foreign",35
2023,1804510000,"Negros Island Region (NIR)","Negros Occidental","Himamaylan City","Negros Island Region (NIR)","Negros Occidental","Himamaylan",6284,64510000,116240,"064510000","overseas",NA
2023,1804510000,"Negros Island Region (NIR)","Negros Occidental","Himamaylan City","Negros Island Region (NIR)","Negros Occidental","Himamaylan",6284,64510000,116240,"064510000","domestic",6249
2023,1804512000,"Negros Island Region (NIR)","Negros Occidental","Hinoba-an","Negros Island Region (NIR)","Negros Occidental","Hinobaan",5924,64512000,60865,"064512000","foreign",197
2023,1804512000,"Negros Island Region (NIR)","Negros Occidental","Hinoba-an","Negros Island Region (NIR)","Negros Occidental","Hinobaan",5924,64512000,60865,"064512000","overseas",NA
2023,1804512000,"Negros Island Region (NIR)","Negros Occidental","Hinoba-an","Negros Island Region (NIR)","Negros Occidental","Hinobaan",5924,64512000,60865,"064512000","domestic",5727
2023,1804515000,"Negros Island Region (NIR)","Negros Occidental","Kabankalan City","Negros Island Region (NIR)","Negros Occidental","Kabankalan",77231,64515000,200198,"064515000","foreign",733
2023,1804515000,"Negros Island Region (NIR)","Negros Occidental","Kabankalan City","Negros Island Region (NIR)","Negros Occidental","Kabankalan",77231,64515000,200198,"064515000","overseas",NA
2023,1804515000,"Negros Island Region (NIR)","Negros Occidental","Kabankalan City","Negros Island Region (NIR)","Negros Occidental","Kabankalan",77231,64515000,200198,"064515000","domestic",76498
2023,1804516000,"Negros Island Region (NIR)","Negros Occidental","La Carlota City","Negros Island Region (NIR)","Negros Occidental","La Carlota",13605,64516000,66664,"064516000","foreign",178
2023,1804516000,"Negros Island Region (NIR)","Negros Occidental","La Carlota City","Negros Island Region (NIR)","Negros Occidental","La Carlota",13605,64516000,66664,"064516000","overseas",NA
2023,1804516000,"Negros Island Region (NIR)","Negros Occidental","La Carlota City","Negros Island Region (NIR)","Negros Occidental","La Carlota",13605,64516000,66664,"064516000","domestic",13427
2023,1804518000,"Negros Island Region (NIR)","Negros Occidental","Manapla","Negros Island Region (NIR)","Negros Occidental","Manapla",12660,64518000,55083,"064518000","foreign",63
2023,1804518000,"Negros Island Region (NIR)","Negros Occidental","Manapla","Negros Island Region (NIR)","Negros Occidental","Manapla",12660,64518000,55083,"064518000","overseas",NA
2023,1804518000,"Negros Island Region (NIR)","Negros Occidental","Manapla","Negros Island Region (NIR)","Negros Occidental","Manapla",12660,64518000,55083,"064518000","domestic",12597
2023,1804520000,"Negros Island Region (NIR)","Negros Occidental","Murcia","Negros Island Region (NIR)","Negros Occidental","Murcia",27802,64520000,88868,"064520000","foreign",259
2023,1804520000,"Negros Island Region (NIR)","Negros Occidental","Murcia","Negros Island Region (NIR)","Negros Occidental","Murcia",27802,64520000,88868,"064520000","overseas",NA
2023,1804520000,"Negros Island Region (NIR)","Negros Occidental","Murcia","Negros Island Region (NIR)","Negros Occidental","Murcia",27802,64520000,88868,"064520000","domestic",27543
2023,1804524000,"Negros Island Region (NIR)","Negros Occidental","San Carlos City","Negros Island Region (NIR)","Negros Occidental","San Carlos",85359,64524000,132650,"064524000","foreign",1622
2023,1804524000,"Negros Island Region (NIR)","Negros Occidental","San Carlos City","Negros Island Region (NIR)","Negros Occidental","San Carlos",85359,64524000,132650,"064524000","overseas",NA
2023,1804524000,"Negros Island Region (NIR)","Negros Occidental","San Carlos City","Negros Island Region (NIR)","Negros Occidental","San Carlos",85359,64524000,132650,"064524000","domestic",83737
2023,1804526000,"Negros Island Region (NIR)","Negros Occidental","Silay City","Negros Island Region (NIR)","Negros Occidental","Silay",50416,64526000,130478,"064526000","foreign",395
2023,1804526000,"Negros Island Region (NIR)","Negros Occidental","Silay City","Negros Island Region (NIR)","Negros Occidental","Silay",50416,64526000,130478,"064526000","overseas",NA
2023,1804526000,"Negros Island Region (NIR)","Negros Occidental","Silay City","Negros Island Region (NIR)","Negros Occidental","Silay",50416,64526000,130478,"064526000","domestic",50021
2023,1804527000,"Negros Island Region (NIR)","Negros Occidental","Sipalay City","Negros Island Region (NIR)","Negros Occidental","Sipalay",218248,64527000,72448,"064527000","foreign",3306
2023,1804527000,"Negros Island Region (NIR)","Negros Occidental","Sipalay City","Negros Island Region (NIR)","Negros Occidental","Sipalay",218248,64527000,72448,"064527000","overseas",NA
2023,1804527000,"Negros Island Region (NIR)","Negros Occidental","Sipalay City","Negros Island Region (NIR)","Negros Occidental","Sipalay",218248,64527000,72448,"064527000","domestic",214942
2023,1804528000,"Negros Island Region (NIR)","Negros Occidental","Talisay City","Negros Island Region (NIR)","Negros Occidental","Talisay",30664,64528000,108909,"064528000","foreign",270
2023,1804528000,"Negros Island Region (NIR)","Negros Occidental","Talisay City","Negros Island Region (NIR)","Negros Occidental","Talisay",30664,64528000,108909,"064528000","overseas",NA
2023,1804528000,"Negros Island Region (NIR)","Negros Occidental","Talisay City","Negros Island Region (NIR)","Negros Occidental","Talisay",30664,64528000,108909,"064528000","domestic",30394
2023,1804605000,"Negros Island Region (NIR)","Negros Oriental","Basay","Negros Island Region (NIR)","Negros Oriental","Basay",3848,74605000,28531,"074605000","foreign",377
2023,1804605000,"Negros Island Region (NIR)","Negros Oriental","Basay","Negros Island Region (NIR)","Negros Oriental","Basay",3848,74605000,28531,"074605000","overseas",8
2023,1804605000,"Negros Island Region (NIR)","Negros Oriental","Basay","Negros Island Region (NIR)","Negros Oriental","Basay",3848,74605000,28531,"074605000","domestic",3463
2023,1804608000,"Negros Island Region (NIR)","Negros Oriental","Canlaon City","Negros Island Region (NIR)","Negros Oriental","Canlaon",16696,74608000,58822,"074608000","foreign",238
2023,1804608000,"Negros Island Region (NIR)","Negros Oriental","Canlaon City","Negros Island Region (NIR)","Negros Oriental","Canlaon",16696,74608000,58822,"074608000","overseas",1
2023,1804608000,"Negros Island Region (NIR)","Negros Oriental","Canlaon City","Negros Island Region (NIR)","Negros Oriental","Canlaon",16696,74608000,58822,"074608000","domestic",16457
2023,1804610000,"Negros Island Region (NIR)","Negros Oriental","Dumaguete City","Negros Island Region (NIR)","Negros Oriental","Dumaguete",82455,74610000,134103,"074610000","foreign",3392
2023,1804610000,"Negros Island Region (NIR)","Negros Oriental","Dumaguete City","Negros Island Region (NIR)","Negros Oriental","Dumaguete",82455,74610000,134103,"074610000","overseas",368
2023,1804610000,"Negros Island Region (NIR)","Negros Oriental","Dumaguete City","Negros Island Region (NIR)","Negros Oriental","Dumaguete",82455,74610000,134103,"074610000","domestic",78695
2023,1804618000,"Negros Island Region (NIR)","Negros Oriental","Santa Catalina","Negros Island Region (NIR)","Negros Oriental","Santa Catalina",630,74618000,77501,"074618000","foreign",20
2023,1804618000,"Negros Island Region (NIR)","Negros Oriental","Santa Catalina","Negros Island Region (NIR)","Negros Oriental","Santa Catalina",630,74618000,77501,"074618000","overseas",2
2023,1804618000,"Negros Island Region (NIR)","Negros Oriental","Santa Catalina","Negros Island Region (NIR)","Negros Oriental","Santa Catalina",630,74618000,77501,"074618000","domestic",608
2023,1806102000,"Negros Island Region (NIR)","Siquijor","Larena","Negros Island Region (NIR)","Siquijor","Larena",8963,76102000,14454,"076102000","foreign",1532
2023,1806102000,"Negros Island Region (NIR)","Siquijor","Larena","Negros Island Region (NIR)","Siquijor","Larena",8963,76102000,14454,"076102000","overseas",NA
2023,1806102000,"Negros Island Region (NIR)","Siquijor","Larena","Negros Island Region (NIR)","Siquijor","Larena",8963,76102000,14454,"076102000","domestic",7430
2023,1806103000,"Negros Island Region (NIR)","Siquijor","Lazi","Negros Island Region (NIR)","Siquijor","Lazi",6872,76103000,22488,"076103000","foreign",1975
2023,1806103000,"Negros Island Region (NIR)","Siquijor","Lazi","Negros Island Region (NIR)","Siquijor","Lazi",6872,76103000,22488,"076103000","overseas",NA
2023,1806103000,"Negros Island Region (NIR)","Siquijor","Lazi","Negros Island Region (NIR)","Siquijor","Lazi",6872,76103000,22488,"076103000","domestic",4897
2023,1806104000,"Negros Island Region (NIR)","Siquijor","Maria","Negros Island Region (NIR)","Siquijor","Maria",1052,76104000,14385,"076104000","foreign",329
2023,1806104000,"Negros Island Region (NIR)","Siquijor","Maria","Negros Island Region (NIR)","Siquijor","Maria",1052,76104000,14385,"076104000","overseas",NA
2023,1806104000,"Negros Island Region (NIR)","Siquijor","Maria","Negros Island Region (NIR)","Siquijor","Maria",1052,76104000,14385,"076104000","domestic",723
2023,1806105000,"Negros Island Region (NIR)","Siquijor","San Juan","Negros Island Region (NIR)","Siquijor","San Juan",126773,76105000,16363,"076105000","foreign",53891
2023,1806105000,"Negros Island Region (NIR)","Siquijor","San Juan","Negros Island Region (NIR)","Siquijor","San Juan",126773,76105000,16363,"076105000","overseas",45
2023,1806105000,"Negros Island Region (NIR)","Siquijor","San Juan","Negros Island Region (NIR)","Siquijor","San Juan",126773,76105000,16363,"076105000","domestic",72837
2023,1806106000,"Negros Island Region (NIR)","Siquijor","Siquijor","Negros Island Region (NIR)","Siquijor","Siquijor",25131,76106000,28915,"076106000","foreign",5866
2023,1806106000,"Negros Island Region (NIR)","Siquijor","Siquijor","Negros Island Region (NIR)","Siquijor","Siquijor",25131,76106000,28915,"076106000","overseas",NA
2023,1806106000,"Negros Island Region (NIR)","Siquijor","Siquijor","Negros Island Region (NIR)","Siquijor","Siquijor",25131,76106000,28915,"076106000","domestic",19265
2023,1830200000,"Negros Island Region (NIR)","Negros Occidental","Bacolod City","Negros Island Region (NIR)","Negros Occidental","Bacolod City",780916,64501000,600783,"064501000","foreign",56070
2023,1830200000,"Negros Island Region (NIR)","Negros Occidental","Bacolod City","Negros Island Region (NIR)","Negros Occidental","Bacolod City",780916,64501000,600783,"064501000","overseas",624
2023,1830200000,"Negros Island Region (NIR)","Negros Occidental","Bacolod City","Negros Island Region (NIR)","Negros Occidental","Bacolod City",780916,64501000,600783,"064501000","domestic",724222
